# .PCD v0.7 - Point Cloud Data file format
VERSION 0.7
FIELDS x y z
SIZE 4 4 4
TYPE F F F
COUNT 1 1 1
WIDTH 29432
HEIGHT 1
VIEWPOINT 0 0 0 1 0 0 0
POINTS 29432
DATA ascii
-3.1 -6.0 0.0
-3.1 -6.0 0.1
-3.1 -6.0 0.2
-3.1 -6.0 0.30000000000000004
-3.1 -6.0 0.4
-3.1 -6.0 0.5
-3.1 -6.0 0.6000000000000001
-3.1 -6.0 0.7000000000000001
-3.1 -6.0 0.8
-3.1 -6.0 0.9
-3.1 -6.0 1.0
-3.1 -6.0 1.1
-3.1 -6.0 1.2000000000000002
-3.1 -6.0 1.3
-3.1 -6.0 1.4000000000000001
-3.1 -6.0 1.5
-3.1 -6.0 1.6
-3.1 -6.0 1.7000000000000002
-3.1 -6.0 1.8
-3.1 -6.0 1.9000000000000001
-3.1 -6.0 2.0
-3.1 -6.0 2.1
-3.1 -6.0 2.2
-3.1 -6.0 2.3000000000000003
-3.1 -6.0 2.4000000000000004
-3.1 -6.0 2.5
-3.1 -5.9 0.0
-3.1 -5.9 0.1
-3.1 -5.9 0.2
-3.1 -5.9 0.30000000000000004
-3.1 -5.9 0.4
-3.1 -5.9 0.5
-3.1 -5.9 0.6000000000000001
-3.1 -5.9 0.7000000000000001
-3.1 -5.9 0.8
-3.1 -5.9 0.9
-3.1 -5.9 1.0
-3.1 -5.9 1.1
-3.1 -5.9 1.2000000000000002
-3.1 -5.9 1.3
-3.1 -5.9 1.4000000000000001
-3.1 -5.9 1.5
-3.1 -5.9 1.6
-3.1 -5.9 1.7000000000000002
-3.1 -5.9 1.8
-3.1 -5.9 1.9000000000000001
-3.1 -5.9 2.0
-3.1 -5.9 2.1
-3.1 -5.9 2.2
-3.1 -5.9 2.3000000000000003
-3.1 -5.9 2.4000000000000004
-3.1 -5.9 2.5
-3.1 -5.800000000000001 0.0
-3.1 -5.800000000000001 0.1
-3.1 -5.800000000000001 0.2
-3.1 -5.800000000000001 0.30000000000000004
-3.1 -5.800000000000001 0.4
-3.1 -5.800000000000001 0.5
-3.1 -5.800000000000001 0.6000000000000001
-3.1 -5.800000000000001 0.7000000000000001
-3.1 -5.800000000000001 0.8
-3.1 -5.800000000000001 0.9
-3.1 -5.800000000000001 1.0
-3.1 -5.800000000000001 1.1
-3.1 -5.800000000000001 1.2000000000000002
-3.1 -5.800000000000001 1.3
-3.1 -5.800000000000001 1.4000000000000001
-3.1 -5.800000000000001 1.5
-3.1 -5.800000000000001 1.6
-3.1 -5.800000000000001 1.7000000000000002
-3.1 -5.800000000000001 1.8
-3.1 -5.800000000000001 1.9000000000000001
-3.1 -5.800000000000001 2.0
-3.1 -5.800000000000001 2.1
-3.1 -5.800000000000001 2.2
-3.1 -5.800000000000001 2.3000000000000003
-3.1 -5.800000000000001 2.4000000000000004
-3.1 -5.800000000000001 2.5
-3.1 -5.700000000000001 0.0
-3.1 -5.700000000000001 0.1
-3.1 -5.700000000000001 0.2
-3.1 -5.700000000000001 0.30000000000000004
-3.1 -5.700000000000001 0.4
-3.1 -5.700000000000001 0.5
-3.1 -5.700000000000001 0.6000000000000001
-3.1 -5.700000000000001 0.7000000000000001
-3.1 -5.700000000000001 0.8
-3.1 -5.700000000000001 0.9
-3.1 -5.700000000000001 1.0
-3.1 -5.700000000000001 1.1
-3.1 -5.700000000000001 1.2000000000000002
-3.1 -5.700000000000001 1.3
-3.1 -5.700000000000001 1.4000000000000001
-3.1 -5.700000000000001 1.5
-3.1 -5.700000000000001 1.6
-3.1 -5.700000000000001 1.7000000000000002
-3.1 -5.700000000000001 1.8
-3.1 -5.700000000000001 1.9000000000000001
-3.1 -5.700000000000001 2.0
-3.1 -5.700000000000001 2.1
-3.1 -5.700000000000001 2.2
-3.1 -5.700000000000001 2.3000000000000003
-3.1 -5.700000000000001 2.4000000000000004
-3.1 -5.700000000000001 2.5
-3.1 -5.600000000000001 0.0
-3.1 -5.600000000000001 0.1
-3.1 -5.600000000000001 0.2
-3.1 -5.600000000000001 0.30000000000000004
-3.1 -5.600000000000001 0.4
-3.1 -5.600000000000001 0.5
-3.1 -5.600000000000001 0.6000000000000001
-3.1 -5.600000000000001 0.7000000000000001
-3.1 -5.600000000000001 0.8
-3.1 -5.600000000000001 0.9
-3.1 -5.600000000000001 1.0
-3.1 -5.600000000000001 1.1
-3.1 -5.600000000000001 1.2000000000000002
-3.1 -5.600000000000001 1.3
-3.1 -5.600000000000001 1.4000000000000001
-3.1 -5.600000000000001 1.5
-3.1 -5.600000000000001 1.6
-3.1 -5.600000000000001 1.7000000000000002
-3.1 -5.600000000000001 1.8
-3.1 -5.600000000000001 1.9000000000000001
-3.1 -5.600000000000001 2.0
-3.1 -5.600000000000001 2.1
-3.1 -5.600000000000001 2.2
-3.1 -5.600000000000001 2.3000000000000003
-3.1 -5.600000000000001 2.4000000000000004
-3.1 -5.600000000000001 2.5
-3.1 -5.500000000000002 0.0
-3.1 -5.500000000000002 0.1
-3.1 -5.500000000000002 0.2
-3.1 -5.500000000000002 0.30000000000000004
-3.1 -5.500000000000002 0.4
-3.1 -5.500000000000002 0.5
-3.1 -5.500000000000002 0.6000000000000001
-3.1 -5.500000000000002 0.7000000000000001
-3.1 -5.500000000000002 0.8
-3.1 -5.500000000000002 0.9
-3.1 -5.500000000000002 1.0
-3.1 -5.500000000000002 1.1
-3.1 -5.500000000000002 1.2000000000000002
-3.1 -5.500000000000002 1.3
-3.1 -5.500000000000002 1.4000000000000001
-3.1 -5.500000000000002 1.5
-3.1 -5.500000000000002 1.6
-3.1 -5.500000000000002 1.7000000000000002
-3.1 -5.500000000000002 1.8
-3.1 -5.500000000000002 1.9000000000000001
-3.1 -5.500000000000002 2.0
-3.1 -5.500000000000002 2.1
-3.1 -5.500000000000002 2.2
-3.1 -5.500000000000002 2.3000000000000003
-3.1 -5.500000000000002 2.4000000000000004
-3.1 -5.500000000000002 2.5
-3.1 -5.400000000000002 0.0
-3.1 -5.400000000000002 0.1
-3.1 -5.400000000000002 0.2
-3.1 -5.400000000000002 0.30000000000000004
-3.1 -5.400000000000002 0.4
-3.1 -5.400000000000002 0.5
-3.1 -5.400000000000002 0.6000000000000001
-3.1 -5.400000000000002 0.7000000000000001
-3.1 -5.400000000000002 0.8
-3.1 -5.400000000000002 0.9
-3.1 -5.400000000000002 1.0
-3.1 -5.400000000000002 1.1
-3.1 -5.400000000000002 1.2000000000000002
-3.1 -5.400000000000002 1.3
-3.1 -5.400000000000002 1.4000000000000001
-3.1 -5.400000000000002 1.5
-3.1 -5.400000000000002 1.6
-3.1 -5.400000000000002 1.7000000000000002
-3.1 -5.400000000000002 1.8
-3.1 -5.400000000000002 1.9000000000000001
-3.1 -5.400000000000002 2.0
-3.1 -5.400000000000002 2.1
-3.1 -5.400000000000002 2.2
-3.1 -5.400000000000002 2.3000000000000003
-3.1 -5.400000000000002 2.4000000000000004
-3.1 -5.400000000000002 2.5
-3.1 -5.3000000000000025 0.0
-3.1 -5.3000000000000025 0.1
-3.1 -5.3000000000000025 0.2
-3.1 -5.3000000000000025 0.30000000000000004
-3.1 -5.3000000000000025 0.4
-3.1 -5.3000000000000025 0.5
-3.1 -5.3000000000000025 0.6000000000000001
-3.1 -5.3000000000000025 0.7000000000000001
-3.1 -5.3000000000000025 0.8
-3.1 -5.3000000000000025 0.9
-3.1 -5.3000000000000025 1.0
-3.1 -5.3000000000000025 1.1
-3.1 -5.3000000000000025 1.2000000000000002
-3.1 -5.3000000000000025 1.3
-3.1 -5.3000000000000025 1.4000000000000001
-3.1 -5.3000000000000025 1.5
-3.1 -5.3000000000000025 1.6
-3.1 -5.3000000000000025 1.7000000000000002
-3.1 -5.3000000000000025 1.8
-3.1 -5.3000000000000025 1.9000000000000001
-3.1 -5.3000000000000025 2.0
-3.1 -5.3000000000000025 2.1
-3.1 -5.3000000000000025 2.2
-3.1 -5.3000000000000025 2.3000000000000003
-3.1 -5.3000000000000025 2.4000000000000004
-3.1 -5.3000000000000025 2.5
-3.1 -5.200000000000003 0.0
-3.1 -5.200000000000003 0.1
-3.1 -5.200000000000003 0.2
-3.1 -5.200000000000003 0.30000000000000004
-3.1 -5.200000000000003 0.4
-3.1 -5.200000000000003 0.5
-3.1 -5.200000000000003 0.6000000000000001
-3.1 -5.200000000000003 0.7000000000000001
-3.1 -5.200000000000003 0.8
-3.1 -5.200000000000003 0.9
-3.1 -5.200000000000003 1.0
-3.1 -5.200000000000003 1.1
-3.1 -5.200000000000003 1.2000000000000002
-3.1 -5.200000000000003 1.3
-3.1 -5.200000000000003 1.4000000000000001
-3.1 -5.200000000000003 1.5
-3.1 -5.200000000000003 1.6
-3.1 -5.200000000000003 1.7000000000000002
-3.1 -5.200000000000003 1.8
-3.1 -5.200000000000003 1.9000000000000001
-3.1 -5.200000000000003 2.0
-3.1 -5.200000000000003 2.1
-3.1 -5.200000000000003 2.2
-3.1 -5.200000000000003 2.3000000000000003
-3.1 -5.200000000000003 2.4000000000000004
-3.1 -5.200000000000003 2.5
-3.1 -5.100000000000003 0.0
-3.1 -5.100000000000003 0.1
-3.1 -5.100000000000003 0.2
-3.1 -5.100000000000003 0.30000000000000004
-3.1 -5.100000000000003 0.4
-3.1 -5.100000000000003 0.5
-3.1 -5.100000000000003 0.6000000000000001
-3.1 -5.100000000000003 0.7000000000000001
-3.1 -5.100000000000003 0.8
-3.1 -5.100000000000003 0.9
-3.1 -5.100000000000003 1.0
-3.1 -5.100000000000003 1.1
-3.1 -5.100000000000003 1.2000000000000002
-3.1 -5.100000000000003 1.3
-3.1 -5.100000000000003 1.4000000000000001
-3.1 -5.100000000000003 1.5
-3.1 -5.100000000000003 1.6
-3.1 -5.100000000000003 1.7000000000000002
-3.1 -5.100000000000003 1.8
-3.1 -5.100000000000003 1.9000000000000001
-3.1 -5.100000000000003 2.0
-3.1 -5.100000000000003 2.1
-3.1 -5.100000000000003 2.2
-3.1 -5.100000000000003 2.3000000000000003
-3.1 -5.100000000000003 2.4000000000000004
-3.1 -5.100000000000003 2.5
-3.1 -5.0000000000000036 0.0
-3.1 -5.0000000000000036 0.1
-3.1 -5.0000000000000036 0.2
-3.1 -5.0000000000000036 0.30000000000000004
-3.1 -5.0000000000000036 0.4
-3.1 -5.0000000000000036 0.5
-3.1 -5.0000000000000036 0.6000000000000001
-3.1 -5.0000000000000036 0.7000000000000001
-3.1 -5.0000000000000036 0.8
-3.1 -5.0000000000000036 0.9
-3.1 -5.0000000000000036 1.0
-3.1 -5.0000000000000036 1.1
-3.1 -5.0000000000000036 1.2000000000000002
-3.1 -5.0000000000000036 1.3
-3.1 -5.0000000000000036 1.4000000000000001
-3.1 -5.0000000000000036 1.5
-3.1 -5.0000000000000036 1.6
-3.1 -5.0000000000000036 1.7000000000000002
-3.1 -5.0000000000000036 1.8
-3.1 -5.0000000000000036 1.9000000000000001
-3.1 -5.0000000000000036 2.0
-3.1 -5.0000000000000036 2.1
-3.1 -5.0000000000000036 2.2
-3.1 -5.0000000000000036 2.3000000000000003
-3.1 -5.0000000000000036 2.4000000000000004
-3.1 -5.0000000000000036 2.5
-3.1 -4.900000000000004 0.0
-3.1 -4.900000000000004 0.1
-3.1 -4.900000000000004 0.2
-3.1 -4.900000000000004 0.30000000000000004
-3.1 -4.900000000000004 0.4
-3.1 -4.900000000000004 0.5
-3.1 -4.900000000000004 0.6000000000000001
-3.1 -4.900000000000004 0.7000000000000001
-3.1 -4.900000000000004 0.8
-3.1 -4.900000000000004 0.9
-3.1 -4.900000000000004 1.0
-3.1 -4.900000000000004 1.1
-3.1 -4.900000000000004 1.2000000000000002
-3.1 -4.900000000000004 1.3
-3.1 -4.900000000000004 1.4000000000000001
-3.1 -4.900000000000004 1.5
-3.1 -4.900000000000004 1.6
-3.1 -4.900000000000004 1.7000000000000002
-3.1 -4.900000000000004 1.8
-3.1 -4.900000000000004 1.9000000000000001
-3.1 -4.900000000000004 2.0
-3.1 -4.900000000000004 2.1
-3.1 -4.900000000000004 2.2
-3.1 -4.900000000000004 2.3000000000000003
-3.1 -4.900000000000004 2.4000000000000004
-3.1 -4.900000000000004 2.5
-3.1 -4.800000000000004 0.0
-3.1 -4.800000000000004 0.1
-3.1 -4.800000000000004 0.2
-3.1 -4.800000000000004 0.30000000000000004
-3.1 -4.800000000000004 0.4
-3.1 -4.800000000000004 0.5
-3.1 -4.800000000000004 0.6000000000000001
-3.1 -4.800000000000004 0.7000000000000001
-3.1 -4.800000000000004 0.8
-3.1 -4.800000000000004 0.9
-3.1 -4.800000000000004 1.0
-3.1 -4.800000000000004 1.1
-3.1 -4.800000000000004 1.2000000000000002
-3.1 -4.800000000000004 1.3
-3.1 -4.800000000000004 1.4000000000000001
-3.1 -4.800000000000004 1.5
-3.1 -4.800000000000004 1.6
-3.1 -4.800000000000004 1.7000000000000002
-3.1 -4.800000000000004 1.8
-3.1 -4.800000000000004 1.9000000000000001
-3.1 -4.800000000000004 2.0
-3.1 -4.800000000000004 2.1
-3.1 -4.800000000000004 2.2
-3.1 -4.800000000000004 2.3000000000000003
-3.1 -4.800000000000004 2.4000000000000004
-3.1 -4.800000000000004 2.5
-3.1 -4.700000000000005 0.0
-3.1 -4.700000000000005 0.1
-3.1 -4.700000000000005 0.2
-3.1 -4.700000000000005 0.30000000000000004
-3.1 -4.700000000000005 0.4
-3.1 -4.700000000000005 0.5
-3.1 -4.700000000000005 0.6000000000000001
-3.1 -4.700000000000005 0.7000000000000001
-3.1 -4.700000000000005 0.8
-3.1 -4.700000000000005 0.9
-3.1 -4.700000000000005 1.0
-3.1 -4.700000000000005 1.1
-3.1 -4.700000000000005 1.2000000000000002
-3.1 -4.700000000000005 1.3
-3.1 -4.700000000000005 1.4000000000000001
-3.1 -4.700000000000005 1.5
-3.1 -4.700000000000005 1.6
-3.1 -4.700000000000005 1.7000000000000002
-3.1 -4.700000000000005 1.8
-3.1 -4.700000000000005 1.9000000000000001
-3.1 -4.700000000000005 2.0
-3.1 -4.700000000000005 2.1
-3.1 -4.700000000000005 2.2
-3.1 -4.700000000000005 2.3000000000000003
-3.1 -4.700000000000005 2.4000000000000004
-3.1 -4.700000000000005 2.5
-3.1 -4.600000000000005 0.0
-3.1 -4.600000000000005 0.1
-3.1 -4.600000000000005 0.2
-3.1 -4.600000000000005 0.30000000000000004
-3.1 -4.600000000000005 0.4
-3.1 -4.600000000000005 0.5
-3.1 -4.600000000000005 0.6000000000000001
-3.1 -4.600000000000005 0.7000000000000001
-3.1 -4.600000000000005 0.8
-3.1 -4.600000000000005 0.9
-3.1 -4.600000000000005 1.0
-3.1 -4.600000000000005 1.1
-3.1 -4.600000000000005 1.2000000000000002
-3.1 -4.600000000000005 1.3
-3.1 -4.600000000000005 1.4000000000000001
-3.1 -4.600000000000005 1.5
-3.1 -4.600000000000005 1.6
-3.1 -4.600000000000005 1.7000000000000002
-3.1 -4.600000000000005 1.8
-3.1 -4.600000000000005 1.9000000000000001
-3.1 -4.600000000000005 2.0
-3.1 -4.600000000000005 2.1
-3.1 -4.600000000000005 2.2
-3.1 -4.600000000000005 2.3000000000000003
-3.1 -4.600000000000005 2.4000000000000004
-3.1 -4.600000000000005 2.5
-3.1 -4.500000000000005 0.0
-3.1 -4.500000000000005 0.1
-3.1 -4.500000000000005 0.2
-3.1 -4.500000000000005 0.30000000000000004
-3.1 -4.500000000000005 0.4
-3.1 -4.500000000000005 0.5
-3.1 -4.500000000000005 0.6000000000000001
-3.1 -4.500000000000005 0.7000000000000001
-3.1 -4.500000000000005 0.8
-3.1 -4.500000000000005 0.9
-3.1 -4.500000000000005 1.0
-3.1 -4.500000000000005 1.1
-3.1 -4.500000000000005 1.2000000000000002
-3.1 -4.500000000000005 1.3
-3.1 -4.500000000000005 1.4000000000000001
-3.1 -4.500000000000005 1.5
-3.1 -4.500000000000005 1.6
-3.1 -4.500000000000005 1.7000000000000002
-3.1 -4.500000000000005 1.8
-3.1 -4.500000000000005 1.9000000000000001
-3.1 -4.500000000000005 2.0
-3.1 -4.500000000000005 2.1
-3.1 -4.500000000000005 2.2
-3.1 -4.500000000000005 2.3000000000000003
-3.1 -4.500000000000005 2.4000000000000004
-3.1 -4.500000000000005 2.5
-3.1 -4.400000000000006 0.0
-3.1 -4.400000000000006 0.1
-3.1 -4.400000000000006 0.2
-3.1 -4.400000000000006 0.30000000000000004
-3.1 -4.400000000000006 0.4
-3.1 -4.400000000000006 0.5
-3.1 -4.400000000000006 0.6000000000000001
-3.1 -4.400000000000006 0.7000000000000001
-3.1 -4.400000000000006 0.8
-3.1 -4.400000000000006 0.9
-3.1 -4.400000000000006 1.0
-3.1 -4.400000000000006 1.1
-3.1 -4.400000000000006 1.2000000000000002
-3.1 -4.400000000000006 1.3
-3.1 -4.400000000000006 1.4000000000000001
-3.1 -4.400000000000006 1.5
-3.1 -4.400000000000006 1.6
-3.1 -4.400000000000006 1.7000000000000002
-3.1 -4.400000000000006 1.8
-3.1 -4.400000000000006 1.9000000000000001
-3.1 -4.400000000000006 2.0
-3.1 -4.400000000000006 2.1
-3.1 -4.400000000000006 2.2
-3.1 -4.400000000000006 2.3000000000000003
-3.1 -4.400000000000006 2.4000000000000004
-3.1 -4.400000000000006 2.5
-3.1 -4.300000000000006 0.0
-3.1 -4.300000000000006 0.1
-3.1 -4.300000000000006 0.2
-3.1 -4.300000000000006 0.30000000000000004
-3.1 -4.300000000000006 0.4
-3.1 -4.300000000000006 0.5
-3.1 -4.300000000000006 0.6000000000000001
-3.1 -4.300000000000006 0.7000000000000001
-3.1 -4.300000000000006 0.8
-3.1 -4.300000000000006 0.9
-3.1 -4.300000000000006 1.0
-3.1 -4.300000000000006 1.1
-3.1 -4.300000000000006 1.2000000000000002
-3.1 -4.300000000000006 1.3
-3.1 -4.300000000000006 1.4000000000000001
-3.1 -4.300000000000006 1.5
-3.1 -4.300000000000006 1.6
-3.1 -4.300000000000006 1.7000000000000002
-3.1 -4.300000000000006 1.8
-3.1 -4.300000000000006 1.9000000000000001
-3.1 -4.300000000000006 2.0
-3.1 -4.300000000000006 2.1
-3.1 -4.300000000000006 2.2
-3.1 -4.300000000000006 2.3000000000000003
-3.1 -4.300000000000006 2.4000000000000004
-3.1 -4.300000000000006 2.5
-3.1 -4.200000000000006 0.0
-3.1 -4.200000000000006 0.1
-3.1 -4.200000000000006 0.2
-3.1 -4.200000000000006 0.30000000000000004
-3.1 -4.200000000000006 0.4
-3.1 -4.200000000000006 0.5
-3.1 -4.200000000000006 0.6000000000000001
-3.1 -4.200000000000006 0.7000000000000001
-3.1 -4.200000000000006 0.8
-3.1 -4.200000000000006 0.9
-3.1 -4.200000000000006 1.0
-3.1 -4.200000000000006 1.1
-3.1 -4.200000000000006 1.2000000000000002
-3.1 -4.200000000000006 1.3
-3.1 -4.200000000000006 1.4000000000000001
-3.1 -4.200000000000006 1.5
-3.1 -4.200000000000006 1.6
-3.1 -4.200000000000006 1.7000000000000002
-3.1 -4.200000000000006 1.8
-3.1 -4.200000000000006 1.9000000000000001
-3.1 -4.200000000000006 2.0
-3.1 -4.200000000000006 2.1
-3.1 -4.200000000000006 2.2
-3.1 -4.200000000000006 2.3000000000000003
-3.1 -4.200000000000006 2.4000000000000004
-3.1 -4.200000000000006 2.5
-3.1 -4.100000000000007 0.0
-3.1 -4.100000000000007 0.1
-3.1 -4.100000000000007 0.2
-3.1 -4.100000000000007 0.30000000000000004
-3.1 -4.100000000000007 0.4
-3.1 -4.100000000000007 0.5
-3.1 -4.100000000000007 0.6000000000000001
-3.1 -4.100000000000007 0.7000000000000001
-3.1 -4.100000000000007 0.8
-3.1 -4.100000000000007 0.9
-3.1 -4.100000000000007 1.0
-3.1 -4.100000000000007 1.1
-3.1 -4.100000000000007 1.2000000000000002
-3.1 -4.100000000000007 1.3
-3.1 -4.100000000000007 1.4000000000000001
-3.1 -4.100000000000007 1.5
-3.1 -4.100000000000007 1.6
-3.1 -4.100000000000007 1.7000000000000002
-3.1 -4.100000000000007 1.8
-3.1 -4.100000000000007 1.9000000000000001
-3.1 -4.100000000000007 2.0
-3.1 -4.100000000000007 2.1
-3.1 -4.100000000000007 2.2
-3.1 -4.100000000000007 2.3000000000000003
-3.1 -4.100000000000007 2.4000000000000004
-3.1 -4.100000000000007 2.5
-3.1 -4.000000000000007 0.0
-3.1 -4.000000000000007 0.1
-3.1 -4.000000000000007 0.2
-3.1 -4.000000000000007 0.30000000000000004
-3.1 -4.000000000000007 0.4
-3.1 -4.000000000000007 0.5
-3.1 -4.000000000000007 0.6000000000000001
-3.1 -4.000000000000007 0.7000000000000001
-3.1 -4.000000000000007 0.8
-3.1 -4.000000000000007 0.9
-3.1 -4.000000000000007 1.0
-3.1 -4.000000000000007 1.1
-3.1 -4.000000000000007 1.2000000000000002
-3.1 -4.000000000000007 1.3
-3.1 -4.000000000000007 1.4000000000000001
-3.1 -4.000000000000007 1.5
-3.1 -4.000000000000007 1.6
-3.1 -4.000000000000007 1.7000000000000002
-3.1 -4.000000000000007 1.8
-3.1 -4.000000000000007 1.9000000000000001
-3.1 -4.000000000000007 2.0
-3.1 -4.000000000000007 2.1
-3.1 -4.000000000000007 2.2
-3.1 -4.000000000000007 2.3000000000000003
-3.1 -4.000000000000007 2.4000000000000004
-3.1 -4.000000000000007 2.5
-3.1 -3.9000000000000075 0.0
-3.1 -3.9000000000000075 0.1
-3.1 -3.9000000000000075 0.2
-3.1 -3.9000000000000075 0.30000000000000004
-3.1 -3.9000000000000075 0.4
-3.1 -3.9000000000000075 0.5
-3.1 -3.9000000000000075 0.6000000000000001
-3.1 -3.9000000000000075 0.7000000000000001
-3.1 -3.9000000000000075 0.8
-3.1 -3.9000000000000075 0.9
-3.1 -3.9000000000000075 1.0
-3.1 -3.9000000000000075 1.1
-3.1 -3.9000000000000075 1.2000000000000002
-3.1 -3.9000000000000075 1.3
-3.1 -3.9000000000000075 1.4000000000000001
-3.1 -3.9000000000000075 1.5
-3.1 -3.9000000000000075 1.6
-3.1 -3.9000000000000075 1.7000000000000002
-3.1 -3.9000000000000075 1.8
-3.1 -3.9000000000000075 1.9000000000000001
-3.1 -3.9000000000000075 2.0
-3.1 -3.9000000000000075 2.1
-3.1 -3.9000000000000075 2.2
-3.1 -3.9000000000000075 2.3000000000000003
-3.1 -3.9000000000000075 2.4000000000000004
-3.1 -3.9000000000000075 2.5
-3.1 -3.800000000000008 0.0
-3.1 -3.800000000000008 0.1
-3.1 -3.800000000000008 0.2
-3.1 -3.800000000000008 0.30000000000000004
-3.1 -3.800000000000008 0.4
-3.1 -3.800000000000008 0.5
-3.1 -3.800000000000008 0.6000000000000001
-3.1 -3.800000000000008 0.7000000000000001
-3.1 -3.800000000000008 0.8
-3.1 -3.800000000000008 0.9
-3.1 -3.800000000000008 1.0
-3.1 -3.800000000000008 1.1
-3.1 -3.800000000000008 1.2000000000000002
-3.1 -3.800000000000008 1.3
-3.1 -3.800000000000008 1.4000000000000001
-3.1 -3.800000000000008 1.5
-3.1 -3.800000000000008 1.6
-3.1 -3.800000000000008 1.7000000000000002
-3.1 -3.800000000000008 1.8
-3.1 -3.800000000000008 1.9000000000000001
-3.1 -3.800000000000008 2.0
-3.1 -3.800000000000008 2.1
-3.1 -3.800000000000008 2.2
-3.1 -3.800000000000008 2.3000000000000003
-3.1 -3.800000000000008 2.4000000000000004
-3.1 -3.800000000000008 2.5
-3.1 -3.700000000000008 0.0
-3.1 -3.700000000000008 0.1
-3.1 -3.700000000000008 0.2
-3.1 -3.700000000000008 0.30000000000000004
-3.1 -3.700000000000008 0.4
-3.1 -3.700000000000008 0.5
-3.1 -3.700000000000008 0.6000000000000001
-3.1 -3.700000000000008 0.7000000000000001
-3.1 -3.700000000000008 0.8
-3.1 -3.700000000000008 0.9
-3.1 -3.700000000000008 1.0
-3.1 -3.700000000000008 1.1
-3.1 -3.700000000000008 1.2000000000000002
-3.1 -3.700000000000008 1.3
-3.1 -3.700000000000008 1.4000000000000001
-3.1 -3.700000000000008 1.5
-3.1 -3.700000000000008 1.6
-3.1 -3.700000000000008 1.7000000000000002
-3.1 -3.700000000000008 1.8
-3.1 -3.700000000000008 1.9000000000000001
-3.1 -3.700000000000008 2.0
-3.1 -3.700000000000008 2.1
-3.1 -3.700000000000008 2.2
-3.1 -3.700000000000008 2.3000000000000003
-3.1 -3.700000000000008 2.4000000000000004
-3.1 -3.700000000000008 2.5
-3.1 -3.6000000000000085 0.0
-3.1 -3.6000000000000085 0.1
-3.1 -3.6000000000000085 0.2
-3.1 -3.6000000000000085 0.30000000000000004
-3.1 -3.6000000000000085 0.4
-3.1 -3.6000000000000085 0.5
-3.1 -3.6000000000000085 0.6000000000000001
-3.1 -3.6000000000000085 0.7000000000000001
-3.1 -3.6000000000000085 0.8
-3.1 -3.6000000000000085 0.9
-3.1 -3.6000000000000085 1.0
-3.1 -3.6000000000000085 1.1
-3.1 -3.6000000000000085 1.2000000000000002
-3.1 -3.6000000000000085 1.3
-3.1 -3.6000000000000085 1.4000000000000001
-3.1 -3.6000000000000085 1.5
-3.1 -3.6000000000000085 1.6
-3.1 -3.6000000000000085 1.7000000000000002
-3.1 -3.6000000000000085 1.8
-3.1 -3.6000000000000085 1.9000000000000001
-3.1 -3.6000000000000085 2.0
-3.1 -3.6000000000000085 2.1
-3.1 -3.6000000000000085 2.2
-3.1 -3.6000000000000085 2.3000000000000003
-3.1 -3.6000000000000085 2.4000000000000004
-3.1 -3.6000000000000085 2.5
-3.1 -3.500000000000009 0.0
-3.1 -3.500000000000009 0.1
-3.1 -3.500000000000009 0.2
-3.1 -3.500000000000009 0.30000000000000004
-3.1 -3.500000000000009 0.4
-3.1 -3.500000000000009 0.5
-3.1 -3.500000000000009 0.6000000000000001
-3.1 -3.500000000000009 0.7000000000000001
-3.1 -3.500000000000009 0.8
-3.1 -3.500000000000009 0.9
-3.1 -3.500000000000009 1.0
-3.1 -3.500000000000009 1.1
-3.1 -3.500000000000009 1.2000000000000002
-3.1 -3.500000000000009 1.3
-3.1 -3.500000000000009 1.4000000000000001
-3.1 -3.500000000000009 1.5
-3.1 -3.500000000000009 1.6
-3.1 -3.500000000000009 1.7000000000000002
-3.1 -3.500000000000009 1.8
-3.1 -3.500000000000009 1.9000000000000001
-3.1 -3.500000000000009 2.0
-3.1 -3.500000000000009 2.1
-3.1 -3.500000000000009 2.2
-3.1 -3.500000000000009 2.3000000000000003
-3.1 -3.500000000000009 2.4000000000000004
-3.1 -3.500000000000009 2.5
-3.1 -3.4000000000000092 0.0
-3.1 -3.4000000000000092 0.1
-3.1 -3.4000000000000092 0.2
-3.1 -3.4000000000000092 0.30000000000000004
-3.1 -3.4000000000000092 0.4
-3.1 -3.4000000000000092 0.5
-3.1 -3.4000000000000092 0.6000000000000001
-3.1 -3.4000000000000092 0.7000000000000001
-3.1 -3.4000000000000092 0.8
-3.1 -3.4000000000000092 0.9
-3.1 -3.4000000000000092 1.0
-3.1 -3.4000000000000092 1.1
-3.1 -3.4000000000000092 1.2000000000000002
-3.1 -3.4000000000000092 1.3
-3.1 -3.4000000000000092 1.4000000000000001
-3.1 -3.4000000000000092 1.5
-3.1 -3.4000000000000092 1.6
-3.1 -3.4000000000000092 1.7000000000000002
-3.1 -3.4000000000000092 1.8
-3.1 -3.4000000000000092 1.9000000000000001
-3.1 -3.4000000000000092 2.0
-3.1 -3.4000000000000092 2.1
-3.1 -3.4000000000000092 2.2
-3.1 -3.4000000000000092 2.3000000000000003
-3.1 -3.4000000000000092 2.4000000000000004
-3.1 -3.4000000000000092 2.5
-3.1 -3.3000000000000096 0.0
-3.1 -3.3000000000000096 0.1
-3.1 -3.3000000000000096 0.2
-3.1 -3.3000000000000096 0.30000000000000004
-3.1 -3.3000000000000096 0.4
-3.1 -3.3000000000000096 0.5
-3.1 -3.3000000000000096 0.6000000000000001
-3.1 -3.3000000000000096 0.7000000000000001
-3.1 -3.3000000000000096 0.8
-3.1 -3.3000000000000096 0.9
-3.1 -3.3000000000000096 1.0
-3.1 -3.3000000000000096 1.1
-3.1 -3.3000000000000096 1.2000000000000002
-3.1 -3.3000000000000096 1.3
-3.1 -3.3000000000000096 1.4000000000000001
-3.1 -3.3000000000000096 1.5
-3.1 -3.3000000000000096 1.6
-3.1 -3.3000000000000096 1.7000000000000002
-3.1 -3.3000000000000096 1.8
-3.1 -3.3000000000000096 1.9000000000000001
-3.1 -3.3000000000000096 2.0
-3.1 -3.3000000000000096 2.1
-3.1 -3.3000000000000096 2.2
-3.1 -3.3000000000000096 2.3000000000000003
-3.1 -3.3000000000000096 2.4000000000000004
-3.1 -3.3000000000000096 2.5
-3.1 -3.20000000000001 0.0
-3.1 -3.20000000000001 0.1
-3.1 -3.20000000000001 0.2
-3.1 -3.20000000000001 0.30000000000000004
-3.1 -3.20000000000001 0.4
-3.1 -3.20000000000001 0.5
-3.1 -3.20000000000001 0.6000000000000001
-3.1 -3.20000000000001 0.7000000000000001
-3.1 -3.20000000000001 0.8
-3.1 -3.20000000000001 0.9
-3.1 -3.20000000000001 1.0
-3.1 -3.20000000000001 1.1
-3.1 -3.20000000000001 1.2000000000000002
-3.1 -3.20000000000001 1.3
-3.1 -3.20000000000001 1.4000000000000001
-3.1 -3.20000000000001 1.5
-3.1 -3.20000000000001 1.6
-3.1 -3.20000000000001 1.7000000000000002
-3.1 -3.20000000000001 1.8
-3.1 -3.20000000000001 1.9000000000000001
-3.1 -3.20000000000001 2.0
-3.1 -3.20000000000001 2.1
-3.1 -3.20000000000001 2.2
-3.1 -3.20000000000001 2.3000000000000003
-3.1 -3.20000000000001 2.4000000000000004
-3.1 -3.20000000000001 2.5
-3.1 -3.1000000000000103 0.0
-3.1 -3.1000000000000103 0.1
-3.1 -3.1000000000000103 0.2
-3.1 -3.1000000000000103 0.30000000000000004
-3.1 -3.1000000000000103 0.4
-3.1 -3.1000000000000103 0.5
-3.1 -3.1000000000000103 0.6000000000000001
-3.1 -3.1000000000000103 0.7000000000000001
-3.1 -3.1000000000000103 0.8
-3.1 -3.1000000000000103 0.9
-3.1 -3.1000000000000103 1.0
-3.1 -3.1000000000000103 1.1
-3.1 -3.1000000000000103 1.2000000000000002
-3.1 -3.1000000000000103 1.3
-3.1 -3.1000000000000103 1.4000000000000001
-3.1 -3.1000000000000103 1.5
-3.1 -3.1000000000000103 1.6
-3.1 -3.1000000000000103 1.7000000000000002
-3.1 -3.1000000000000103 1.8
-3.1 -3.1000000000000103 1.9000000000000001
-3.1 -3.1000000000000103 2.0
-3.1 -3.1000000000000103 2.1
-3.1 -3.1000000000000103 2.2
-3.1 -3.1000000000000103 2.3000000000000003
-3.1 -3.1000000000000103 2.4000000000000004
-3.1 -3.1000000000000103 2.5
-3.1 -3.0000000000000107 0.0
-3.1 -3.0000000000000107 0.1
-3.1 -3.0000000000000107 0.2
-3.1 -3.0000000000000107 0.30000000000000004
-3.1 -3.0000000000000107 0.4
-3.1 -3.0000000000000107 0.5
-3.1 -3.0000000000000107 0.6000000000000001
-3.1 -3.0000000000000107 0.7000000000000001
-3.1 -3.0000000000000107 0.8
-3.1 -3.0000000000000107 0.9
-3.1 -3.0000000000000107 1.0
-3.1 -3.0000000000000107 1.1
-3.1 -3.0000000000000107 1.2000000000000002
-3.1 -3.0000000000000107 1.3
-3.1 -3.0000000000000107 1.4000000000000001
-3.1 -3.0000000000000107 1.5
-3.1 -3.0000000000000107 1.6
-3.1 -3.0000000000000107 1.7000000000000002
-3.1 -3.0000000000000107 1.8
-3.1 -3.0000000000000107 1.9000000000000001
-3.1 -3.0000000000000107 2.0
-3.1 -3.0000000000000107 2.1
-3.1 -3.0000000000000107 2.2
-3.1 -3.0000000000000107 2.3000000000000003
-3.1 -3.0000000000000107 2.4000000000000004
-3.1 -3.0000000000000107 2.5
-3.1 -2.900000000000011 0.0
-3.1 -2.900000000000011 0.1
-3.1 -2.900000000000011 0.2
-3.1 -2.900000000000011 0.30000000000000004
-3.1 -2.900000000000011 0.4
-3.1 -2.900000000000011 0.5
-3.1 -2.900000000000011 0.6000000000000001
-3.1 -2.900000000000011 0.7000000000000001
-3.1 -2.900000000000011 0.8
-3.1 -2.900000000000011 0.9
-3.1 -2.900000000000011 1.0
-3.1 -2.900000000000011 1.1
-3.1 -2.900000000000011 1.2000000000000002
-3.1 -2.900000000000011 1.3
-3.1 -2.900000000000011 1.4000000000000001
-3.1 -2.900000000000011 1.5
-3.1 -2.900000000000011 1.6
-3.1 -2.900000000000011 1.7000000000000002
-3.1 -2.900000000000011 1.8
-3.1 -2.900000000000011 1.9000000000000001
-3.1 -2.900000000000011 2.0
-3.1 -2.900000000000011 2.1
-3.1 -2.900000000000011 2.2
-3.1 -2.900000000000011 2.3000000000000003
-3.1 -2.900000000000011 2.4000000000000004
-3.1 -2.900000000000011 2.5
-3.1 -2.8000000000000114 0.0
-3.1 -2.8000000000000114 0.1
-3.1 -2.8000000000000114 0.2
-3.1 -2.8000000000000114 0.30000000000000004
-3.1 -2.8000000000000114 0.4
-3.1 -2.8000000000000114 0.5
-3.1 -2.8000000000000114 0.6000000000000001
-3.1 -2.8000000000000114 0.7000000000000001
-3.1 -2.8000000000000114 0.8
-3.1 -2.8000000000000114 0.9
-3.1 -2.8000000000000114 1.0
-3.1 -2.8000000000000114 1.1
-3.1 -2.8000000000000114 1.2000000000000002
-3.1 -2.8000000000000114 1.3
-3.1 -2.8000000000000114 1.4000000000000001
-3.1 -2.8000000000000114 1.5
-3.1 -2.8000000000000114 1.6
-3.1 -2.8000000000000114 1.7000000000000002
-3.1 -2.8000000000000114 1.8
-3.1 -2.8000000000000114 1.9000000000000001
-3.1 -2.8000000000000114 2.0
-3.1 -2.8000000000000114 2.1
-3.1 -2.8000000000000114 2.2
-3.1 -2.8000000000000114 2.3000000000000003
-3.1 -2.8000000000000114 2.4000000000000004
-3.1 -2.8000000000000114 2.5
-3.1 -2.7000000000000117 0.0
-3.1 -2.7000000000000117 0.1
-3.1 -2.7000000000000117 0.2
-3.1 -2.7000000000000117 0.30000000000000004
-3.1 -2.7000000000000117 0.4
-3.1 -2.7000000000000117 0.5
-3.1 -2.7000000000000117 0.6000000000000001
-3.1 -2.7000000000000117 0.7000000000000001
-3.1 -2.7000000000000117 0.8
-3.1 -2.7000000000000117 0.9
-3.1 -2.7000000000000117 1.0
-3.1 -2.7000000000000117 1.1
-3.1 -2.7000000000000117 1.2000000000000002
-3.1 -2.7000000000000117 1.3
-3.1 -2.7000000000000117 1.4000000000000001
-3.1 -2.7000000000000117 1.5
-3.1 -2.7000000000000117 1.6
-3.1 -2.7000000000000117 1.7000000000000002
-3.1 -2.7000000000000117 1.8
-3.1 -2.7000000000000117 1.9000000000000001
-3.1 -2.7000000000000117 2.0
-3.1 -2.7000000000000117 2.1
-3.1 -2.7000000000000117 2.2
-3.1 -2.7000000000000117 2.3000000000000003
-3.1 -2.7000000000000117 2.4000000000000004
-3.1 -2.7000000000000117 2.5
-3.1 -2.600000000000012 0.0
-3.1 -2.600000000000012 0.1
-3.1 -2.600000000000012 0.2
-3.1 -2.600000000000012 0.30000000000000004
-3.1 -2.600000000000012 0.4
-3.1 -2.600000000000012 0.5
-3.1 -2.600000000000012 0.6000000000000001
-3.1 -2.600000000000012 0.7000000000000001
-3.1 -2.600000000000012 0.8
-3.1 -2.600000000000012 0.9
-3.1 -2.600000000000012 1.0
-3.1 -2.600000000000012 1.1
-3.1 -2.600000000000012 1.2000000000000002
-3.1 -2.600000000000012 1.3
-3.1 -2.600000000000012 1.4000000000000001
-3.1 -2.600000000000012 1.5
-3.1 -2.600000000000012 1.6
-3.1 -2.600000000000012 1.7000000000000002
-3.1 -2.600000000000012 1.8
-3.1 -2.600000000000012 1.9000000000000001
-3.1 -2.600000000000012 2.0
-3.1 -2.600000000000012 2.1
-3.1 -2.600000000000012 2.2
-3.1 -2.600000000000012 2.3000000000000003
-3.1 -2.600000000000012 2.4000000000000004
-3.1 -2.600000000000012 2.5
-3.1 -2.5000000000000124 0.0
-3.1 -2.5000000000000124 0.1
-3.1 -2.5000000000000124 0.2
-3.1 -2.5000000000000124 0.30000000000000004
-3.1 -2.5000000000000124 0.4
-3.1 -2.5000000000000124 0.5
-3.1 -2.5000000000000124 0.6000000000000001
-3.1 -2.5000000000000124 0.7000000000000001
-3.1 -2.5000000000000124 0.8
-3.1 -2.5000000000000124 0.9
-3.1 -2.5000000000000124 1.0
-3.1 -2.5000000000000124 1.1
-3.1 -2.5000000000000124 1.2000000000000002
-3.1 -2.5000000000000124 1.3
-3.1 -2.5000000000000124 1.4000000000000001
-3.1 -2.5000000000000124 1.5
-3.1 -2.5000000000000124 1.6
-3.1 -2.5000000000000124 1.7000000000000002
-3.1 -2.5000000000000124 1.8
-3.1 -2.5000000000000124 1.9000000000000001
-3.1 -2.5000000000000124 2.0
-3.1 -2.5000000000000124 2.1
-3.1 -2.5000000000000124 2.2
-3.1 -2.5000000000000124 2.3000000000000003
-3.1 -2.5000000000000124 2.4000000000000004
-3.1 -2.5000000000000124 2.5
-3.1 -2.400000000000013 0.0
-3.1 -2.400000000000013 0.1
-3.1 -2.400000000000013 0.2
-3.1 -2.400000000000013 0.30000000000000004
-3.1 -2.400000000000013 0.4
-3.1 -2.400000000000013 0.5
-3.1 -2.400000000000013 0.6000000000000001
-3.1 -2.400000000000013 0.7000000000000001
-3.1 -2.400000000000013 0.8
-3.1 -2.400000000000013 0.9
-3.1 -2.400000000000013 1.0
-3.1 -2.400000000000013 1.1
-3.1 -2.400000000000013 1.2000000000000002
-3.1 -2.400000000000013 1.3
-3.1 -2.400000000000013 1.4000000000000001
-3.1 -2.400000000000013 1.5
-3.1 -2.400000000000013 1.6
-3.1 -2.400000000000013 1.7000000000000002
-3.1 -2.400000000000013 1.8
-3.1 -2.400000000000013 1.9000000000000001
-3.1 -2.400000000000013 2.0
-3.1 -2.400000000000013 2.1
-3.1 -2.400000000000013 2.2
-3.1 -2.400000000000013 2.3000000000000003
-3.1 -2.400000000000013 2.4000000000000004
-3.1 -2.400000000000013 2.5
-3.1 -2.300000000000013 0.0
-3.1 -2.300000000000013 0.1
-3.1 -2.300000000000013 0.2
-3.1 -2.300000000000013 0.30000000000000004
-3.1 -2.300000000000013 0.4
-3.1 -2.300000000000013 0.5
-3.1 -2.300000000000013 0.6000000000000001
-3.1 -2.300000000000013 0.7000000000000001
-3.1 -2.300000000000013 0.8
-3.1 -2.300000000000013 0.9
-3.1 -2.300000000000013 1.0
-3.1 -2.300000000000013 1.1
-3.1 -2.300000000000013 1.2000000000000002
-3.1 -2.300000000000013 1.3
-3.1 -2.300000000000013 1.4000000000000001
-3.1 -2.300000000000013 1.5
-3.1 -2.300000000000013 1.6
-3.1 -2.300000000000013 1.7000000000000002
-3.1 -2.300000000000013 1.8
-3.1 -2.300000000000013 1.9000000000000001
-3.1 -2.300000000000013 2.0
-3.1 -2.300000000000013 2.1
-3.1 -2.300000000000013 2.2
-3.1 -2.300000000000013 2.3000000000000003
-3.1 -2.300000000000013 2.4000000000000004
-3.1 -2.300000000000013 2.5
-3.1 -2.2000000000000135 0.0
-3.1 -2.2000000000000135 0.1
-3.1 -2.2000000000000135 0.2
-3.1 -2.2000000000000135 0.30000000000000004
-3.1 -2.2000000000000135 0.4
-3.1 -2.2000000000000135 0.5
-3.1 -2.2000000000000135 0.6000000000000001
-3.1 -2.2000000000000135 0.7000000000000001
-3.1 -2.2000000000000135 0.8
-3.1 -2.2000000000000135 0.9
-3.1 -2.2000000000000135 1.0
-3.1 -2.2000000000000135 1.1
-3.1 -2.2000000000000135 1.2000000000000002
-3.1 -2.2000000000000135 1.3
-3.1 -2.2000000000000135 1.4000000000000001
-3.1 -2.2000000000000135 1.5
-3.1 -2.2000000000000135 1.6
-3.1 -2.2000000000000135 1.7000000000000002
-3.1 -2.2000000000000135 1.8
-3.1 -2.2000000000000135 1.9000000000000001
-3.1 -2.2000000000000135 2.0
-3.1 -2.2000000000000135 2.1
-3.1 -2.2000000000000135 2.2
-3.1 -2.2000000000000135 2.3000000000000003
-3.1 -2.2000000000000135 2.4000000000000004
-3.1 -2.2000000000000135 2.5
-3.1 -2.100000000000014 0.0
-3.1 -2.100000000000014 0.1
-3.1 -2.100000000000014 0.2
-3.1 -2.100000000000014 0.30000000000000004
-3.1 -2.100000000000014 0.4
-3.1 -2.100000000000014 0.5
-3.1 -2.100000000000014 0.6000000000000001
-3.1 -2.100000000000014 0.7000000000000001
-3.1 -2.100000000000014 0.8
-3.1 -2.100000000000014 0.9
-3.1 -2.100000000000014 1.0
-3.1 -2.100000000000014 1.1
-3.1 -2.100000000000014 1.2000000000000002
-3.1 -2.100000000000014 1.3
-3.1 -2.100000000000014 1.4000000000000001
-3.1 -2.100000000000014 1.5
-3.1 -2.100000000000014 1.6
-3.1 -2.100000000000014 1.7000000000000002
-3.1 -2.100000000000014 1.8
-3.1 -2.100000000000014 1.9000000000000001
-3.1 -2.100000000000014 2.0
-3.1 -2.100000000000014 2.1
-3.1 -2.100000000000014 2.2
-3.1 -2.100000000000014 2.3000000000000003
-3.1 -2.100000000000014 2.4000000000000004
-3.1 -2.100000000000014 2.5
-3.1 -2.000000000000014 0.0
-3.1 -2.000000000000014 0.1
-3.1 -2.000000000000014 0.2
-3.1 -2.000000000000014 0.30000000000000004
-3.1 -2.000000000000014 0.4
-3.1 -2.000000000000014 0.5
-3.1 -2.000000000000014 0.6000000000000001
-3.1 -2.000000000000014 0.7000000000000001
-3.1 -2.000000000000014 0.8
-3.1 -2.000000000000014 0.9
-3.1 -2.000000000000014 1.0
-3.1 -2.000000000000014 1.1
-3.1 -2.000000000000014 1.2000000000000002
-3.1 -2.000000000000014 1.3
-3.1 -2.000000000000014 1.4000000000000001
-3.1 -2.000000000000014 1.5
-3.1 -2.000000000000014 1.6
-3.1 -2.000000000000014 1.7000000000000002
-3.1 -2.000000000000014 1.8
-3.1 -2.000000000000014 1.9000000000000001
-3.1 -2.000000000000014 2.0
-3.1 -2.000000000000014 2.1
-3.1 -2.000000000000014 2.2
-3.1 -2.000000000000014 2.3000000000000003
-3.1 -2.000000000000014 2.4000000000000004
-3.1 -2.000000000000014 2.5
-3.1 -1.9000000000000146 0.0
-3.1 -1.9000000000000146 0.1
-3.1 -1.9000000000000146 0.2
-3.1 -1.9000000000000146 0.30000000000000004
-3.1 -1.9000000000000146 0.4
-3.1 -1.9000000000000146 0.5
-3.1 -1.9000000000000146 0.6000000000000001
-3.1 -1.9000000000000146 0.7000000000000001
-3.1 -1.9000000000000146 0.8
-3.1 -1.9000000000000146 0.9
-3.1 -1.9000000000000146 1.0
-3.1 -1.9000000000000146 1.1
-3.1 -1.9000000000000146 1.2000000000000002
-3.1 -1.9000000000000146 1.3
-3.1 -1.9000000000000146 1.4000000000000001
-3.1 -1.9000000000000146 1.5
-3.1 -1.9000000000000146 1.6
-3.1 -1.9000000000000146 1.7000000000000002
-3.1 -1.9000000000000146 1.8
-3.1 -1.9000000000000146 1.9000000000000001
-3.1 -1.9000000000000146 2.0
-3.1 -1.9000000000000146 2.1
-3.1 -1.9000000000000146 2.2
-3.1 -1.9000000000000146 2.3000000000000003
-3.1 -1.9000000000000146 2.4000000000000004
-3.1 -1.9000000000000146 2.5
-3.1 -1.800000000000015 0.0
-3.1 -1.800000000000015 0.1
-3.1 -1.800000000000015 0.2
-3.1 -1.800000000000015 0.30000000000000004
-3.1 -1.800000000000015 0.4
-3.1 -1.800000000000015 0.5
-3.1 -1.800000000000015 0.6000000000000001
-3.1 -1.800000000000015 0.7000000000000001
-3.1 -1.800000000000015 0.8
-3.1 -1.800000000000015 0.9
-3.1 -1.800000000000015 1.0
-3.1 -1.800000000000015 1.1
-3.1 -1.800000000000015 1.2000000000000002
-3.1 -1.800000000000015 1.3
-3.1 -1.800000000000015 1.4000000000000001
-3.1 -1.800000000000015 1.5
-3.1 -1.800000000000015 1.6
-3.1 -1.800000000000015 1.7000000000000002
-3.1 -1.800000000000015 1.8
-3.1 -1.800000000000015 1.9000000000000001
-3.1 -1.800000000000015 2.0
-3.1 -1.800000000000015 2.1
-3.1 -1.800000000000015 2.2
-3.1 -1.800000000000015 2.3000000000000003
-3.1 -1.800000000000015 2.4000000000000004
-3.1 -1.800000000000015 2.5
-3.1 -1.7000000000000153 0.0
-3.1 -1.7000000000000153 0.1
-3.1 -1.7000000000000153 0.2
-3.1 -1.7000000000000153 0.30000000000000004
-3.1 -1.7000000000000153 0.4
-3.1 -1.7000000000000153 0.5
-3.1 -1.7000000000000153 0.6000000000000001
-3.1 -1.7000000000000153 0.7000000000000001
-3.1 -1.7000000000000153 0.8
-3.1 -1.7000000000000153 0.9
-3.1 -1.7000000000000153 1.0
-3.1 -1.7000000000000153 1.1
-3.1 -1.7000000000000153 1.2000000000000002
-3.1 -1.7000000000000153 1.3
-3.1 -1.7000000000000153 1.4000000000000001
-3.1 -1.7000000000000153 1.5
-3.1 -1.7000000000000153 1.6
-3.1 -1.7000000000000153 1.7000000000000002
-3.1 -1.7000000000000153 1.8
-3.1 -1.7000000000000153 1.9000000000000001
-3.1 -1.7000000000000153 2.0
-3.1 -1.7000000000000153 2.1
-3.1 -1.7000000000000153 2.2
-3.1 -1.7000000000000153 2.3000000000000003
-3.1 -1.7000000000000153 2.4000000000000004
-3.1 -1.7000000000000153 2.5
-3.1 -1.6000000000000156 0.0
-3.1 -1.6000000000000156 0.1
-3.1 -1.6000000000000156 0.2
-3.1 -1.6000000000000156 0.30000000000000004
-3.1 -1.6000000000000156 0.4
-3.1 -1.6000000000000156 0.5
-3.1 -1.6000000000000156 0.6000000000000001
-3.1 -1.6000000000000156 0.7000000000000001
-3.1 -1.6000000000000156 0.8
-3.1 -1.6000000000000156 0.9
-3.1 -1.6000000000000156 1.0
-3.1 -1.6000000000000156 1.1
-3.1 -1.6000000000000156 1.2000000000000002
-3.1 -1.6000000000000156 1.3
-3.1 -1.6000000000000156 1.4000000000000001
-3.1 -1.6000000000000156 1.5
-3.1 -1.6000000000000156 1.6
-3.1 -1.6000000000000156 1.7000000000000002
-3.1 -1.6000000000000156 1.8
-3.1 -1.6000000000000156 1.9000000000000001
-3.1 -1.6000000000000156 2.0
-3.1 -1.6000000000000156 2.1
-3.1 -1.6000000000000156 2.2
-3.1 -1.6000000000000156 2.3000000000000003
-3.1 -1.6000000000000156 2.4000000000000004
-3.1 -1.6000000000000156 2.5
-3.1 -1.500000000000016 0.0
-3.1 -1.500000000000016 0.1
-3.1 -1.500000000000016 0.2
-3.1 -1.500000000000016 0.30000000000000004
-3.1 -1.500000000000016 0.4
-3.1 -1.500000000000016 0.5
-3.1 -1.500000000000016 0.6000000000000001
-3.1 -1.500000000000016 0.7000000000000001
-3.1 -1.500000000000016 0.8
-3.1 -1.500000000000016 0.9
-3.1 -1.500000000000016 1.0
-3.1 -1.500000000000016 1.1
-3.1 -1.500000000000016 1.2000000000000002
-3.1 -1.500000000000016 1.3
-3.1 -1.500000000000016 1.4000000000000001
-3.1 -1.500000000000016 1.5
-3.1 -1.500000000000016 1.6
-3.1 -1.500000000000016 1.7000000000000002
-3.1 -1.500000000000016 1.8
-3.1 -1.500000000000016 1.9000000000000001
-3.1 -1.500000000000016 2.0
-3.1 -1.500000000000016 2.1
-3.1 -1.500000000000016 2.2
-3.1 -1.500000000000016 2.3000000000000003
-3.1 -1.500000000000016 2.4000000000000004
-3.1 -1.500000000000016 2.5
-3.1 -1.4000000000000163 0.0
-3.1 -1.4000000000000163 0.1
-3.1 -1.4000000000000163 0.2
-3.1 -1.4000000000000163 0.30000000000000004
-3.1 -1.4000000000000163 0.4
-3.1 -1.4000000000000163 0.5
-3.1 -1.4000000000000163 0.6000000000000001
-3.1 -1.4000000000000163 0.7000000000000001
-3.1 -1.4000000000000163 0.8
-3.1 -1.4000000000000163 0.9
-3.1 -1.4000000000000163 1.0
-3.1 -1.4000000000000163 1.1
-3.1 -1.4000000000000163 1.2000000000000002
-3.1 -1.4000000000000163 1.3
-3.1 -1.4000000000000163 1.4000000000000001
-3.1 -1.4000000000000163 1.5
-3.1 -1.4000000000000163 1.6
-3.1 -1.4000000000000163 1.7000000000000002
-3.1 -1.4000000000000163 1.8
-3.1 -1.4000000000000163 1.9000000000000001
-3.1 -1.4000000000000163 2.0
-3.1 -1.4000000000000163 2.1
-3.1 -1.4000000000000163 2.2
-3.1 -1.4000000000000163 2.3000000000000003
-3.1 -1.4000000000000163 2.4000000000000004
-3.1 -1.4000000000000163 2.5
-3.1 -1.3000000000000167 0.0
-3.1 -1.3000000000000167 0.1
-3.1 -1.3000000000000167 0.2
-3.1 -1.3000000000000167 0.30000000000000004
-3.1 -1.3000000000000167 0.4
-3.1 -1.3000000000000167 0.5
-3.1 -1.3000000000000167 0.6000000000000001
-3.1 -1.3000000000000167 0.7000000000000001
-3.1 -1.3000000000000167 0.8
-3.1 -1.3000000000000167 0.9
-3.1 -1.3000000000000167 1.0
-3.1 -1.3000000000000167 1.1
-3.1 -1.3000000000000167 1.2000000000000002
-3.1 -1.3000000000000167 1.3
-3.1 -1.3000000000000167 1.4000000000000001
-3.1 -1.3000000000000167 1.5
-3.1 -1.3000000000000167 1.6
-3.1 -1.3000000000000167 1.7000000000000002
-3.1 -1.3000000000000167 1.8
-3.1 -1.3000000000000167 1.9000000000000001
-3.1 -1.3000000000000167 2.0
-3.1 -1.3000000000000167 2.1
-3.1 -1.3000000000000167 2.2
-3.1 -1.3000000000000167 2.3000000000000003
-3.1 -1.3000000000000167 2.4000000000000004
-3.1 -1.3000000000000167 2.5
-3.1 -1.200000000000017 0.0
-3.1 -1.200000000000017 0.1
-3.1 -1.200000000000017 0.2
-3.1 -1.200000000000017 0.30000000000000004
-3.1 -1.200000000000017 0.4
-3.1 -1.200000000000017 0.5
-3.1 -1.200000000000017 0.6000000000000001
-3.1 -1.200000000000017 0.7000000000000001
-3.1 -1.200000000000017 0.8
-3.1 -1.200000000000017 0.9
-3.1 -1.200000000000017 1.0
-3.1 -1.200000000000017 1.1
-3.1 -1.200000000000017 1.2000000000000002
-3.1 -1.200000000000017 1.3
-3.1 -1.200000000000017 1.4000000000000001
-3.1 -1.200000000000017 1.5
-3.1 -1.200000000000017 1.6
-3.1 -1.200000000000017 1.7000000000000002
-3.1 -1.200000000000017 1.8
-3.1 -1.200000000000017 1.9000000000000001
-3.1 -1.200000000000017 2.0
-3.1 -1.200000000000017 2.1
-3.1 -1.200000000000017 2.2
-3.1 -1.200000000000017 2.3000000000000003
-3.1 -1.200000000000017 2.4000000000000004
-3.1 -1.200000000000017 2.5
-3.1 -1.1000000000000174 0.0
-3.1 -1.1000000000000174 0.1
-3.1 -1.1000000000000174 0.2
-3.1 -1.1000000000000174 0.30000000000000004
-3.1 -1.1000000000000174 0.4
-3.1 -1.1000000000000174 0.5
-3.1 -1.1000000000000174 0.6000000000000001
-3.1 -1.1000000000000174 0.7000000000000001
-3.1 -1.1000000000000174 0.8
-3.1 -1.1000000000000174 0.9
-3.1 -1.1000000000000174 1.0
-3.1 -1.1000000000000174 1.1
-3.1 -1.1000000000000174 1.2000000000000002
-3.1 -1.1000000000000174 1.3
-3.1 -1.1000000000000174 1.4000000000000001
-3.1 -1.1000000000000174 1.5
-3.1 -1.1000000000000174 1.6
-3.1 -1.1000000000000174 1.7000000000000002
-3.1 -1.1000000000000174 1.8
-3.1 -1.1000000000000174 1.9000000000000001
-3.1 -1.1000000000000174 2.0
-3.1 -1.1000000000000174 2.1
-3.1 -1.1000000000000174 2.2
-3.1 -1.1000000000000174 2.3000000000000003
-3.1 -1.1000000000000174 2.4000000000000004
-3.1 -1.1000000000000174 2.5
-3.1 -1.0000000000000178 0.0
-3.1 -1.0000000000000178 0.1
-3.1 -1.0000000000000178 0.2
-3.1 -1.0000000000000178 0.30000000000000004
-3.1 -1.0000000000000178 0.4
-3.1 -1.0000000000000178 0.5
-3.1 -1.0000000000000178 0.6000000000000001
-3.1 -1.0000000000000178 0.7000000000000001
-3.1 -1.0000000000000178 0.8
-3.1 -1.0000000000000178 0.9
-3.1 -1.0000000000000178 1.0
-3.1 -1.0000000000000178 1.1
-3.1 -1.0000000000000178 1.2000000000000002
-3.1 -1.0000000000000178 1.3
-3.1 -1.0000000000000178 1.4000000000000001
-3.1 -1.0000000000000178 1.5
-3.1 -1.0000000000000178 1.6
-3.1 -1.0000000000000178 1.7000000000000002
-3.1 -1.0000000000000178 1.8
-3.1 -1.0000000000000178 1.9000000000000001
-3.1 -1.0000000000000178 2.0
-3.1 -1.0000000000000178 2.1
-3.1 -1.0000000000000178 2.2
-3.1 -1.0000000000000178 2.3000000000000003
-3.1 -1.0000000000000178 2.4000000000000004
-3.1 -1.0000000000000178 2.5
-3.1 -0.9000000000000181 0.0
-3.1 -0.9000000000000181 0.1
-3.1 -0.9000000000000181 0.2
-3.1 -0.9000000000000181 0.30000000000000004
-3.1 -0.9000000000000181 0.4
-3.1 -0.9000000000000181 0.5
-3.1 -0.9000000000000181 0.6000000000000001
-3.1 -0.9000000000000181 0.7000000000000001
-3.1 -0.9000000000000181 0.8
-3.1 -0.9000000000000181 0.9
-3.1 -0.9000000000000181 1.0
-3.1 -0.9000000000000181 1.1
-3.1 -0.9000000000000181 1.2000000000000002
-3.1 -0.9000000000000181 1.3
-3.1 -0.9000000000000181 1.4000000000000001
-3.1 -0.9000000000000181 1.5
-3.1 -0.9000000000000181 1.6
-3.1 -0.9000000000000181 1.7000000000000002
-3.1 -0.9000000000000181 1.8
-3.1 -0.9000000000000181 1.9000000000000001
-3.1 -0.9000000000000181 2.0
-3.1 -0.9000000000000181 2.1
-3.1 -0.9000000000000181 2.2
-3.1 -0.9000000000000181 2.3000000000000003
-3.1 -0.9000000000000181 2.4000000000000004
-3.1 -0.9000000000000181 2.5
-3.1 -0.8000000000000185 0.0
-3.1 -0.8000000000000185 0.1
-3.1 -0.8000000000000185 0.2
-3.1 -0.8000000000000185 0.30000000000000004
-3.1 -0.8000000000000185 0.4
-3.1 -0.8000000000000185 0.5
-3.1 -0.8000000000000185 0.6000000000000001
-3.1 -0.8000000000000185 0.7000000000000001
-3.1 -0.8000000000000185 0.8
-3.1 -0.8000000000000185 0.9
-3.1 -0.8000000000000185 1.0
-3.1 -0.8000000000000185 1.1
-3.1 -0.8000000000000185 1.2000000000000002
-3.1 -0.8000000000000185 1.3
-3.1 -0.8000000000000185 1.4000000000000001
-3.1 -0.8000000000000185 1.5
-3.1 -0.8000000000000185 1.6
-3.1 -0.8000000000000185 1.7000000000000002
-3.1 -0.8000000000000185 1.8
-3.1 -0.8000000000000185 1.9000000000000001
-3.1 -0.8000000000000185 2.0
-3.1 -0.8000000000000185 2.1
-3.1 -0.8000000000000185 2.2
-3.1 -0.8000000000000185 2.3000000000000003
-3.1 -0.8000000000000185 2.4000000000000004
-3.1 -0.8000000000000185 2.5
-3.1 -0.7000000000000188 0.0
-3.1 -0.7000000000000188 0.1
-3.1 -0.7000000000000188 0.2
-3.1 -0.7000000000000188 0.30000000000000004
-3.1 -0.7000000000000188 0.4
-3.1 -0.7000000000000188 0.5
-3.1 -0.7000000000000188 0.6000000000000001
-3.1 -0.7000000000000188 0.7000000000000001
-3.1 -0.7000000000000188 0.8
-3.1 -0.7000000000000188 0.9
-3.1 -0.7000000000000188 1.0
-3.1 -0.7000000000000188 1.1
-3.1 -0.7000000000000188 1.2000000000000002
-3.1 -0.7000000000000188 1.3
-3.1 -0.7000000000000188 1.4000000000000001
-3.1 -0.7000000000000188 1.5
-3.1 -0.7000000000000188 1.6
-3.1 -0.7000000000000188 1.7000000000000002
-3.1 -0.7000000000000188 1.8
-3.1 -0.7000000000000188 1.9000000000000001
-3.1 -0.7000000000000188 2.0
-3.1 -0.7000000000000188 2.1
-3.1 -0.7000000000000188 2.2
-3.1 -0.7000000000000188 2.3000000000000003
-3.1 -0.7000000000000188 2.4000000000000004
-3.1 -0.7000000000000188 2.5
-3.1 -0.6000000000000192 0.0
-3.1 -0.6000000000000192 0.1
-3.1 -0.6000000000000192 0.2
-3.1 -0.6000000000000192 0.30000000000000004
-3.1 -0.6000000000000192 0.4
-3.1 -0.6000000000000192 0.5
-3.1 -0.6000000000000192 0.6000000000000001
-3.1 -0.6000000000000192 0.7000000000000001
-3.1 -0.6000000000000192 0.8
-3.1 -0.6000000000000192 0.9
-3.1 -0.6000000000000192 1.0
-3.1 -0.6000000000000192 1.1
-3.1 -0.6000000000000192 1.2000000000000002
-3.1 -0.6000000000000192 1.3
-3.1 -0.6000000000000192 1.4000000000000001
-3.1 -0.6000000000000192 1.5
-3.1 -0.6000000000000192 1.6
-3.1 -0.6000000000000192 1.7000000000000002
-3.1 -0.6000000000000192 1.8
-3.1 -0.6000000000000192 1.9000000000000001
-3.1 -0.6000000000000192 2.0
-3.1 -0.6000000000000192 2.1
-3.1 -0.6000000000000192 2.2
-3.1 -0.6000000000000192 2.3000000000000003
-3.1 -0.6000000000000192 2.4000000000000004
-3.1 -0.6000000000000192 2.5
-3.1 -0.5000000000000195 0.0
-3.1 -0.5000000000000195 0.1
-3.1 -0.5000000000000195 0.2
-3.1 -0.5000000000000195 0.30000000000000004
-3.1 -0.5000000000000195 0.4
-3.1 -0.5000000000000195 0.5
-3.1 -0.5000000000000195 0.6000000000000001
-3.1 -0.5000000000000195 0.7000000000000001
-3.1 -0.5000000000000195 0.8
-3.1 -0.5000000000000195 0.9
-3.1 -0.5000000000000195 1.0
-3.1 -0.5000000000000195 1.1
-3.1 -0.5000000000000195 1.2000000000000002
-3.1 -0.5000000000000195 1.3
-3.1 -0.5000000000000195 1.4000000000000001
-3.1 -0.5000000000000195 1.5
-3.1 -0.5000000000000195 1.6
-3.1 -0.5000000000000195 1.7000000000000002
-3.1 -0.5000000000000195 1.8
-3.1 -0.5000000000000195 1.9000000000000001
-3.1 -0.5000000000000195 2.0
-3.1 -0.5000000000000195 2.1
-3.1 -0.5000000000000195 2.2
-3.1 -0.5000000000000195 2.3000000000000003
-3.1 -0.5000000000000195 2.4000000000000004
-3.1 -0.5000000000000195 2.5
-3.1 -0.4000000000000199 0.0
-3.1 -0.4000000000000199 0.1
-3.1 -0.4000000000000199 0.2
-3.1 -0.4000000000000199 0.30000000000000004
-3.1 -0.4000000000000199 0.4
-3.1 -0.4000000000000199 0.5
-3.1 -0.4000000000000199 0.6000000000000001
-3.1 -0.4000000000000199 0.7000000000000001
-3.1 -0.4000000000000199 0.8
-3.1 -0.4000000000000199 0.9
-3.1 -0.4000000000000199 1.0
-3.1 -0.4000000000000199 1.1
-3.1 -0.4000000000000199 1.2000000000000002
-3.1 -0.4000000000000199 1.3
-3.1 -0.4000000000000199 1.4000000000000001
-3.1 -0.4000000000000199 1.5
-3.1 -0.4000000000000199 1.6
-3.1 -0.4000000000000199 1.7000000000000002
-3.1 -0.4000000000000199 1.8
-3.1 -0.4000000000000199 1.9000000000000001
-3.1 -0.4000000000000199 2.0
-3.1 -0.4000000000000199 2.1
-3.1 -0.4000000000000199 2.2
-3.1 -0.4000000000000199 2.3000000000000003
-3.1 -0.4000000000000199 2.4000000000000004
-3.1 -0.4000000000000199 2.5
-3.1 -0.30000000000002025 0.0
-3.1 -0.30000000000002025 0.1
-3.1 -0.30000000000002025 0.2
-3.1 -0.30000000000002025 0.30000000000000004
-3.1 -0.30000000000002025 0.4
-3.1 -0.30000000000002025 0.5
-3.1 -0.30000000000002025 0.6000000000000001
-3.1 -0.30000000000002025 0.7000000000000001
-3.1 -0.30000000000002025 0.8
-3.1 -0.30000000000002025 0.9
-3.1 -0.30000000000002025 1.0
-3.1 -0.30000000000002025 1.1
-3.1 -0.30000000000002025 1.2000000000000002
-3.1 -0.30000000000002025 1.3
-3.1 -0.30000000000002025 1.4000000000000001
-3.1 -0.30000000000002025 1.5
-3.1 -0.30000000000002025 1.6
-3.1 -0.30000000000002025 1.7000000000000002
-3.1 -0.30000000000002025 1.8
-3.1 -0.30000000000002025 1.9000000000000001
-3.1 -0.30000000000002025 2.0
-3.1 -0.30000000000002025 2.1
-3.1 -0.30000000000002025 2.2
-3.1 -0.30000000000002025 2.3000000000000003
-3.1 -0.30000000000002025 2.4000000000000004
-3.1 -0.30000000000002025 2.5
-3.1 -0.2000000000000206 0.0
-3.1 -0.2000000000000206 0.1
-3.1 -0.2000000000000206 0.2
-3.1 -0.2000000000000206 0.30000000000000004
-3.1 -0.2000000000000206 0.4
-3.1 -0.2000000000000206 0.5
-3.1 -0.2000000000000206 0.6000000000000001
-3.1 -0.2000000000000206 0.7000000000000001
-3.1 -0.2000000000000206 0.8
-3.1 -0.2000000000000206 0.9
-3.1 -0.2000000000000206 1.0
-3.1 -0.2000000000000206 1.1
-3.1 -0.2000000000000206 1.2000000000000002
-3.1 -0.2000000000000206 1.3
-3.1 -0.2000000000000206 1.4000000000000001
-3.1 -0.2000000000000206 1.5
-3.1 -0.2000000000000206 1.6
-3.1 -0.2000000000000206 1.7000000000000002
-3.1 -0.2000000000000206 1.8
-3.1 -0.2000000000000206 1.9000000000000001
-3.1 -0.2000000000000206 2.0
-3.1 -0.2000000000000206 2.1
-3.1 -0.2000000000000206 2.2
-3.1 -0.2000000000000206 2.3000000000000003
-3.1 -0.2000000000000206 2.4000000000000004
-3.1 -0.2000000000000206 2.5
-3.1 -0.10000000000002096 0.0
-3.1 -0.10000000000002096 0.1
-3.1 -0.10000000000002096 0.2
-3.1 -0.10000000000002096 0.30000000000000004
-3.1 -0.10000000000002096 0.4
-3.1 -0.10000000000002096 0.5
-3.1 -0.10000000000002096 0.6000000000000001
-3.1 -0.10000000000002096 0.7000000000000001
-3.1 -0.10000000000002096 0.8
-3.1 -0.10000000000002096 0.9
-3.1 -0.10000000000002096 1.0
-3.1 -0.10000000000002096 1.1
-3.1 -0.10000000000002096 1.2000000000000002
-3.1 -0.10000000000002096 1.3
-3.1 -0.10000000000002096 1.4000000000000001
-3.1 -0.10000000000002096 1.5
-3.1 -0.10000000000002096 1.6
-3.1 -0.10000000000002096 1.7000000000000002
-3.1 -0.10000000000002096 1.8
-3.1 -0.10000000000002096 1.9000000000000001
-3.1 -0.10000000000002096 2.0
-3.1 -0.10000000000002096 2.1
-3.1 -0.10000000000002096 2.2
-3.1 -0.10000000000002096 2.3000000000000003
-3.1 -0.10000000000002096 2.4000000000000004
-3.1 -0.10000000000002096 2.5
-3.1 -2.1316282072803006e-14 0.0
-3.1 -2.1316282072803006e-14 0.1
-3.1 -2.1316282072803006e-14 0.2
-3.1 -2.1316282072803006e-14 0.30000000000000004
-3.1 -2.1316282072803006e-14 0.4
-3.1 -2.1316282072803006e-14 0.5
-3.1 -2.1316282072803006e-14 0.6000000000000001
-3.1 -2.1316282072803006e-14 0.7000000000000001
-3.1 -2.1316282072803006e-14 0.8
-3.1 -2.1316282072803006e-14 0.9
-3.1 -2.1316282072803006e-14 1.0
-3.1 -2.1316282072803006e-14 1.1
-3.1 -2.1316282072803006e-14 1.2000000000000002
-3.1 -2.1316282072803006e-14 1.3
-3.1 -2.1316282072803006e-14 1.4000000000000001
-3.1 -2.1316282072803006e-14 1.5
-3.1 -2.1316282072803006e-14 1.6
-3.1 -2.1316282072803006e-14 1.7000000000000002
-3.1 -2.1316282072803006e-14 1.8
-3.1 -2.1316282072803006e-14 1.9000000000000001
-3.1 -2.1316282072803006e-14 2.0
-3.1 -2.1316282072803006e-14 2.1
-3.1 -2.1316282072803006e-14 2.2
-3.1 -2.1316282072803006e-14 2.3000000000000003
-3.1 -2.1316282072803006e-14 2.4000000000000004
-3.1 -2.1316282072803006e-14 2.5
-3.1 0.09999999999997833 0.0
-3.1 0.09999999999997833 0.1
-3.1 0.09999999999997833 0.2
-3.1 0.09999999999997833 0.30000000000000004
-3.1 0.09999999999997833 0.4
-3.1 0.09999999999997833 0.5
-3.1 0.09999999999997833 0.6000000000000001
-3.1 0.09999999999997833 0.7000000000000001
-3.1 0.09999999999997833 0.8
-3.1 0.09999999999997833 0.9
-3.1 0.09999999999997833 1.0
-3.1 0.09999999999997833 1.1
-3.1 0.09999999999997833 1.2000000000000002
-3.1 0.09999999999997833 1.3
-3.1 0.09999999999997833 1.4000000000000001
-3.1 0.09999999999997833 1.5
-3.1 0.09999999999997833 1.6
-3.1 0.09999999999997833 1.7000000000000002
-3.1 0.09999999999997833 1.8
-3.1 0.09999999999997833 1.9000000000000001
-3.1 0.09999999999997833 2.0
-3.1 0.09999999999997833 2.1
-3.1 0.09999999999997833 2.2
-3.1 0.09999999999997833 2.3000000000000003
-3.1 0.09999999999997833 2.4000000000000004
-3.1 0.09999999999997833 2.5
-3.1 0.19999999999997797 0.0
-3.1 0.19999999999997797 0.1
-3.1 0.19999999999997797 0.2
-3.1 0.19999999999997797 0.30000000000000004
-3.1 0.19999999999997797 0.4
-3.1 0.19999999999997797 0.5
-3.1 0.19999999999997797 0.6000000000000001
-3.1 0.19999999999997797 0.7000000000000001
-3.1 0.19999999999997797 0.8
-3.1 0.19999999999997797 0.9
-3.1 0.19999999999997797 1.0
-3.1 0.19999999999997797 1.1
-3.1 0.19999999999997797 1.2000000000000002
-3.1 0.19999999999997797 1.3
-3.1 0.19999999999997797 1.4000000000000001
-3.1 0.19999999999997797 1.5
-3.1 0.19999999999997797 1.6
-3.1 0.19999999999997797 1.7000000000000002
-3.1 0.19999999999997797 1.8
-3.1 0.19999999999997797 1.9000000000000001
-3.1 0.19999999999997797 2.0
-3.1 0.19999999999997797 2.1
-3.1 0.19999999999997797 2.2
-3.1 0.19999999999997797 2.3000000000000003
-3.1 0.19999999999997797 2.4000000000000004
-3.1 0.19999999999997797 2.5
-3.1 0.2999999999999776 0.0
-3.1 0.2999999999999776 0.1
-3.1 0.2999999999999776 0.2
-3.1 0.2999999999999776 0.30000000000000004
-3.1 0.2999999999999776 0.4
-3.1 0.2999999999999776 0.5
-3.1 0.2999999999999776 0.6000000000000001
-3.1 0.2999999999999776 0.7000000000000001
-3.1 0.2999999999999776 0.8
-3.1 0.2999999999999776 0.9
-3.1 0.2999999999999776 1.0
-3.1 0.2999999999999776 1.1
-3.1 0.2999999999999776 1.2000000000000002
-3.1 0.2999999999999776 1.3
-3.1 0.2999999999999776 1.4000000000000001
-3.1 0.2999999999999776 1.5
-3.1 0.2999999999999776 1.6
-3.1 0.2999999999999776 1.7000000000000002
-3.1 0.2999999999999776 1.8
-3.1 0.2999999999999776 1.9000000000000001
-3.1 0.2999999999999776 2.0
-3.1 0.2999999999999776 2.1
-3.1 0.2999999999999776 2.2
-3.1 0.2999999999999776 2.3000000000000003
-3.1 0.2999999999999776 2.4000000000000004
-3.1 0.2999999999999776 2.5
-3.1 0.39999999999997726 0.0
-3.1 0.39999999999997726 0.1
-3.1 0.39999999999997726 0.2
-3.1 0.39999999999997726 0.30000000000000004
-3.1 0.39999999999997726 0.4
-3.1 0.39999999999997726 0.5
-3.1 0.39999999999997726 0.6000000000000001
-3.1 0.39999999999997726 0.7000000000000001
-3.1 0.39999999999997726 0.8
-3.1 0.39999999999997726 0.9
-3.1 0.39999999999997726 1.0
-3.1 0.39999999999997726 1.1
-3.1 0.39999999999997726 1.2000000000000002
-3.1 0.39999999999997726 1.3
-3.1 0.39999999999997726 1.4000000000000001
-3.1 0.39999999999997726 1.5
-3.1 0.39999999999997726 1.6
-3.1 0.39999999999997726 1.7000000000000002
-3.1 0.39999999999997726 1.8
-3.1 0.39999999999997726 1.9000000000000001
-3.1 0.39999999999997726 2.0
-3.1 0.39999999999997726 2.1
-3.1 0.39999999999997726 2.2
-3.1 0.39999999999997726 2.3000000000000003
-3.1 0.39999999999997726 2.4000000000000004
-3.1 0.39999999999997726 2.5
-3.1 0.4999999999999769 0.0
-3.1 0.4999999999999769 0.1
-3.1 0.4999999999999769 0.2
-3.1 0.4999999999999769 0.30000000000000004
-3.1 0.4999999999999769 0.4
-3.1 0.4999999999999769 0.5
-3.1 0.4999999999999769 0.6000000000000001
-3.1 0.4999999999999769 0.7000000000000001
-3.1 0.4999999999999769 0.8
-3.1 0.4999999999999769 0.9
-3.1 0.4999999999999769 1.0
-3.1 0.4999999999999769 1.1
-3.1 0.4999999999999769 1.2000000000000002
-3.1 0.4999999999999769 1.3
-3.1 0.4999999999999769 1.4000000000000001
-3.1 0.4999999999999769 1.5
-3.1 0.4999999999999769 1.6
-3.1 0.4999999999999769 1.7000000000000002
-3.1 0.4999999999999769 1.8
-3.1 0.4999999999999769 1.9000000000000001
-3.1 0.4999999999999769 2.0
-3.1 0.4999999999999769 2.1
-3.1 0.4999999999999769 2.2
-3.1 0.4999999999999769 2.3000000000000003
-3.1 0.4999999999999769 2.4000000000000004
-3.1 0.4999999999999769 2.5
-3.1 0.5999999999999766 0.0
-3.1 0.5999999999999766 0.1
-3.1 0.5999999999999766 0.2
-3.1 0.5999999999999766 0.30000000000000004
-3.1 0.5999999999999766 0.4
-3.1 0.5999999999999766 0.5
-3.1 0.5999999999999766 0.6000000000000001
-3.1 0.5999999999999766 0.7000000000000001
-3.1 0.5999999999999766 0.8
-3.1 0.5999999999999766 0.9
-3.1 0.5999999999999766 1.0
-3.1 0.5999999999999766 1.1
-3.1 0.5999999999999766 1.2000000000000002
-3.1 0.5999999999999766 1.3
-3.1 0.5999999999999766 1.4000000000000001
-3.1 0.5999999999999766 1.5
-3.1 0.5999999999999766 1.6
-3.1 0.5999999999999766 1.7000000000000002
-3.1 0.5999999999999766 1.8
-3.1 0.5999999999999766 1.9000000000000001
-3.1 0.5999999999999766 2.0
-3.1 0.5999999999999766 2.1
-3.1 0.5999999999999766 2.2
-3.1 0.5999999999999766 2.3000000000000003
-3.1 0.5999999999999766 2.4000000000000004
-3.1 0.5999999999999766 2.5
-3.1 0.6999999999999762 0.0
-3.1 0.6999999999999762 0.1
-3.1 0.6999999999999762 0.2
-3.1 0.6999999999999762 0.30000000000000004
-3.1 0.6999999999999762 0.4
-3.1 0.6999999999999762 0.5
-3.1 0.6999999999999762 0.6000000000000001
-3.1 0.6999999999999762 0.7000000000000001
-3.1 0.6999999999999762 0.8
-3.1 0.6999999999999762 0.9
-3.1 0.6999999999999762 1.0
-3.1 0.6999999999999762 1.1
-3.1 0.6999999999999762 1.2000000000000002
-3.1 0.6999999999999762 1.3
-3.1 0.6999999999999762 1.4000000000000001
-3.1 0.6999999999999762 1.5
-3.1 0.6999999999999762 1.6
-3.1 0.6999999999999762 1.7000000000000002
-3.1 0.6999999999999762 1.8
-3.1 0.6999999999999762 1.9000000000000001
-3.1 0.6999999999999762 2.0
-3.1 0.6999999999999762 2.1
-3.1 0.6999999999999762 2.2
-3.1 0.6999999999999762 2.3000000000000003
-3.1 0.6999999999999762 2.4000000000000004
-3.1 0.6999999999999762 2.5
-3.1 0.7999999999999758 0.0
-3.1 0.7999999999999758 0.1
-3.1 0.7999999999999758 0.2
-3.1 0.7999999999999758 0.30000000000000004
-3.1 0.7999999999999758 0.4
-3.1 0.7999999999999758 0.5
-3.1 0.7999999999999758 0.6000000000000001
-3.1 0.7999999999999758 0.7000000000000001
-3.1 0.7999999999999758 0.8
-3.1 0.7999999999999758 0.9
-3.1 0.7999999999999758 1.0
-3.1 0.7999999999999758 1.1
-3.1 0.7999999999999758 1.2000000000000002
-3.1 0.7999999999999758 1.3
-3.1 0.7999999999999758 1.4000000000000001
-3.1 0.7999999999999758 1.5
-3.1 0.7999999999999758 1.6
-3.1 0.7999999999999758 1.7000000000000002
-3.1 0.7999999999999758 1.8
-3.1 0.7999999999999758 1.9000000000000001
-3.1 0.7999999999999758 2.0
-3.1 0.7999999999999758 2.1
-3.1 0.7999999999999758 2.2
-3.1 0.7999999999999758 2.3000000000000003
-3.1 0.7999999999999758 2.4000000000000004
-3.1 0.7999999999999758 2.5
-3.1 0.8999999999999755 0.0
-3.1 0.8999999999999755 0.1
-3.1 0.8999999999999755 0.2
-3.1 0.8999999999999755 0.30000000000000004
-3.1 0.8999999999999755 0.4
-3.1 0.8999999999999755 0.5
-3.1 0.8999999999999755 0.6000000000000001
-3.1 0.8999999999999755 0.7000000000000001
-3.1 0.8999999999999755 0.8
-3.1 0.8999999999999755 0.9
-3.1 0.8999999999999755 1.0
-3.1 0.8999999999999755 1.1
-3.1 0.8999999999999755 1.2000000000000002
-3.1 0.8999999999999755 1.3
-3.1 0.8999999999999755 1.4000000000000001
-3.1 0.8999999999999755 1.5
-3.1 0.8999999999999755 1.6
-3.1 0.8999999999999755 1.7000000000000002
-3.1 0.8999999999999755 1.8
-3.1 0.8999999999999755 1.9000000000000001
-3.1 0.8999999999999755 2.0
-3.1 0.8999999999999755 2.1
-3.1 0.8999999999999755 2.2
-3.1 0.8999999999999755 2.3000000000000003
-3.1 0.8999999999999755 2.4000000000000004
-3.1 0.8999999999999755 2.5
-3.1 0.9999999999999751 0.0
-3.1 0.9999999999999751 0.1
-3.1 0.9999999999999751 0.2
-3.1 0.9999999999999751 0.30000000000000004
-3.1 0.9999999999999751 0.4
-3.1 0.9999999999999751 0.5
-3.1 0.9999999999999751 0.6000000000000001
-3.1 0.9999999999999751 0.7000000000000001
-3.1 0.9999999999999751 0.8
-3.1 0.9999999999999751 0.9
-3.1 0.9999999999999751 1.0
-3.1 0.9999999999999751 1.1
-3.1 0.9999999999999751 1.2000000000000002
-3.1 0.9999999999999751 1.3
-3.1 0.9999999999999751 1.4000000000000001
-3.1 0.9999999999999751 1.5
-3.1 0.9999999999999751 1.6
-3.1 0.9999999999999751 1.7000000000000002
-3.1 0.9999999999999751 1.8
-3.1 0.9999999999999751 1.9000000000000001
-3.1 0.9999999999999751 2.0
-3.1 0.9999999999999751 2.1
-3.1 0.9999999999999751 2.2
-3.1 0.9999999999999751 2.3000000000000003
-3.1 0.9999999999999751 2.4000000000000004
-3.1 0.9999999999999751 2.5
-3.1 1.0999999999999748 0.0
-3.1 1.0999999999999748 0.1
-3.1 1.0999999999999748 0.2
-3.1 1.0999999999999748 0.30000000000000004
-3.1 1.0999999999999748 0.4
-3.1 1.0999999999999748 0.5
-3.1 1.0999999999999748 0.6000000000000001
-3.1 1.0999999999999748 0.7000000000000001
-3.1 1.0999999999999748 0.8
-3.1 1.0999999999999748 0.9
-3.1 1.0999999999999748 1.0
-3.1 1.0999999999999748 1.1
-3.1 1.0999999999999748 1.2000000000000002
-3.1 1.0999999999999748 1.3
-3.1 1.0999999999999748 1.4000000000000001
-3.1 1.0999999999999748 1.5
-3.1 1.0999999999999748 1.6
-3.1 1.0999999999999748 1.7000000000000002
-3.1 1.0999999999999748 1.8
-3.1 1.0999999999999748 1.9000000000000001
-3.1 1.0999999999999748 2.0
-3.1 1.0999999999999748 2.1
-3.1 1.0999999999999748 2.2
-3.1 1.0999999999999748 2.3000000000000003
-3.1 1.0999999999999748 2.4000000000000004
-3.1 1.0999999999999748 2.5
-3.1 1.1999999999999744 0.0
-3.1 1.1999999999999744 0.1
-3.1 1.1999999999999744 0.2
-3.1 1.1999999999999744 0.30000000000000004
-3.1 1.1999999999999744 0.4
-3.1 1.1999999999999744 0.5
-3.1 1.1999999999999744 0.6000000000000001
-3.1 1.1999999999999744 0.7000000000000001
-3.1 1.1999999999999744 0.8
-3.1 1.1999999999999744 0.9
-3.1 1.1999999999999744 1.0
-3.1 1.1999999999999744 1.1
-3.1 1.1999999999999744 1.2000000000000002
-3.1 1.1999999999999744 1.3
-3.1 1.1999999999999744 1.4000000000000001
-3.1 1.1999999999999744 1.5
-3.1 1.1999999999999744 1.6
-3.1 1.1999999999999744 1.7000000000000002
-3.1 1.1999999999999744 1.8
-3.1 1.1999999999999744 1.9000000000000001
-3.1 1.1999999999999744 2.0
-3.1 1.1999999999999744 2.1
-3.1 1.1999999999999744 2.2
-3.1 1.1999999999999744 2.3000000000000003
-3.1 1.1999999999999744 2.4000000000000004
-3.1 1.1999999999999744 2.5
-3.1 1.299999999999974 0.0
-3.1 1.299999999999974 0.1
-3.1 1.299999999999974 0.2
-3.1 1.299999999999974 0.30000000000000004
-3.1 1.299999999999974 0.4
-3.1 1.299999999999974 0.5
-3.1 1.299999999999974 0.6000000000000001
-3.1 1.299999999999974 0.7000000000000001
-3.1 1.299999999999974 0.8
-3.1 1.299999999999974 0.9
-3.1 1.299999999999974 1.0
-3.1 1.299999999999974 1.1
-3.1 1.299999999999974 1.2000000000000002
-3.1 1.299999999999974 1.3
-3.1 1.299999999999974 1.4000000000000001
-3.1 1.299999999999974 1.5
-3.1 1.299999999999974 1.6
-3.1 1.299999999999974 1.7000000000000002
-3.1 1.299999999999974 1.8
-3.1 1.299999999999974 1.9000000000000001
-3.1 1.299999999999974 2.0
-3.1 1.299999999999974 2.1
-3.1 1.299999999999974 2.2
-3.1 1.299999999999974 2.3000000000000003
-3.1 1.299999999999974 2.4000000000000004
-3.1 1.299999999999974 2.5
-3.1 1.3999999999999737 0.0
-3.1 1.3999999999999737 0.1
-3.1 1.3999999999999737 0.2
-3.1 1.3999999999999737 0.30000000000000004
-3.1 1.3999999999999737 0.4
-3.1 1.3999999999999737 0.5
-3.1 1.3999999999999737 0.6000000000000001
-3.1 1.3999999999999737 0.7000000000000001
-3.1 1.3999999999999737 0.8
-3.1 1.3999999999999737 0.9
-3.1 1.3999999999999737 1.0
-3.1 1.3999999999999737 1.1
-3.1 1.3999999999999737 1.2000000000000002
-3.1 1.3999999999999737 1.3
-3.1 1.3999999999999737 1.4000000000000001
-3.1 1.3999999999999737 1.5
-3.1 1.3999999999999737 1.6
-3.1 1.3999999999999737 1.7000000000000002
-3.1 1.3999999999999737 1.8
-3.1 1.3999999999999737 1.9000000000000001
-3.1 1.3999999999999737 2.0
-3.1 1.3999999999999737 2.1
-3.1 1.3999999999999737 2.2
-3.1 1.3999999999999737 2.3000000000000003
-3.1 1.3999999999999737 2.4000000000000004
-3.1 1.3999999999999737 2.5
-3.1 1.4999999999999734 0.0
-3.1 1.4999999999999734 0.1
-3.1 1.4999999999999734 0.2
-3.1 1.4999999999999734 0.30000000000000004
-3.1 1.4999999999999734 0.4
-3.1 1.4999999999999734 0.5
-3.1 1.4999999999999734 0.6000000000000001
-3.1 1.4999999999999734 0.7000000000000001
-3.1 1.4999999999999734 0.8
-3.1 1.4999999999999734 0.9
-3.1 1.4999999999999734 1.0
-3.1 1.4999999999999734 1.1
-3.1 1.4999999999999734 1.2000000000000002
-3.1 1.4999999999999734 1.3
-3.1 1.4999999999999734 1.4000000000000001
-3.1 1.4999999999999734 1.5
-3.1 1.4999999999999734 1.6
-3.1 1.4999999999999734 1.7000000000000002
-3.1 1.4999999999999734 1.8
-3.1 1.4999999999999734 1.9000000000000001
-3.1 1.4999999999999734 2.0
-3.1 1.4999999999999734 2.1
-3.1 1.4999999999999734 2.2
-3.1 1.4999999999999734 2.3000000000000003
-3.1 1.4999999999999734 2.4000000000000004
-3.1 1.4999999999999734 2.5
-3.1 1.599999999999973 0.0
-3.1 1.599999999999973 0.1
-3.1 1.599999999999973 0.2
-3.1 1.599999999999973 0.30000000000000004
-3.1 1.599999999999973 0.4
-3.1 1.599999999999973 0.5
-3.1 1.599999999999973 0.6000000000000001
-3.1 1.599999999999973 0.7000000000000001
-3.1 1.599999999999973 0.8
-3.1 1.599999999999973 0.9
-3.1 1.599999999999973 1.0
-3.1 1.599999999999973 1.1
-3.1 1.599999999999973 1.2000000000000002
-3.1 1.599999999999973 1.3
-3.1 1.599999999999973 1.4000000000000001
-3.1 1.599999999999973 1.5
-3.1 1.599999999999973 1.6
-3.1 1.599999999999973 1.7000000000000002
-3.1 1.599999999999973 1.8
-3.1 1.599999999999973 1.9000000000000001
-3.1 1.599999999999973 2.0
-3.1 1.599999999999973 2.1
-3.1 1.599999999999973 2.2
-3.1 1.599999999999973 2.3000000000000003
-3.1 1.599999999999973 2.4000000000000004
-3.1 1.599999999999973 2.5
-3.1 1.6999999999999726 0.0
-3.1 1.6999999999999726 0.1
-3.1 1.6999999999999726 0.2
-3.1 1.6999999999999726 0.30000000000000004
-3.1 1.6999999999999726 0.4
-3.1 1.6999999999999726 0.5
-3.1 1.6999999999999726 0.6000000000000001
-3.1 1.6999999999999726 0.7000000000000001
-3.1 1.6999999999999726 0.8
-3.1 1.6999999999999726 0.9
-3.1 1.6999999999999726 1.0
-3.1 1.6999999999999726 1.1
-3.1 1.6999999999999726 1.2000000000000002
-3.1 1.6999999999999726 1.3
-3.1 1.6999999999999726 1.4000000000000001
-3.1 1.6999999999999726 1.5
-3.1 1.6999999999999726 1.6
-3.1 1.6999999999999726 1.7000000000000002
-3.1 1.6999999999999726 1.8
-3.1 1.6999999999999726 1.9000000000000001
-3.1 1.6999999999999726 2.0
-3.1 1.6999999999999726 2.1
-3.1 1.6999999999999726 2.2
-3.1 1.6999999999999726 2.3000000000000003
-3.1 1.6999999999999726 2.4000000000000004
-3.1 1.6999999999999726 2.5
-3.1 1.7999999999999723 0.0
-3.1 1.7999999999999723 0.1
-3.1 1.7999999999999723 0.2
-3.1 1.7999999999999723 0.30000000000000004
-3.1 1.7999999999999723 0.4
-3.1 1.7999999999999723 0.5
-3.1 1.7999999999999723 0.6000000000000001
-3.1 1.7999999999999723 0.7000000000000001
-3.1 1.7999999999999723 0.8
-3.1 1.7999999999999723 0.9
-3.1 1.7999999999999723 1.0
-3.1 1.7999999999999723 1.1
-3.1 1.7999999999999723 1.2000000000000002
-3.1 1.7999999999999723 1.3
-3.1 1.7999999999999723 1.4000000000000001
-3.1 1.7999999999999723 1.5
-3.1 1.7999999999999723 1.6
-3.1 1.7999999999999723 1.7000000000000002
-3.1 1.7999999999999723 1.8
-3.1 1.7999999999999723 1.9000000000000001
-3.1 1.7999999999999723 2.0
-3.1 1.7999999999999723 2.1
-3.1 1.7999999999999723 2.2
-3.1 1.7999999999999723 2.3000000000000003
-3.1 1.7999999999999723 2.4000000000000004
-3.1 1.7999999999999723 2.5
-3.1 1.899999999999972 0.0
-3.1 1.899999999999972 0.1
-3.1 1.899999999999972 0.2
-3.1 1.899999999999972 0.30000000000000004
-3.1 1.899999999999972 0.4
-3.1 1.899999999999972 0.5
-3.1 1.899999999999972 0.6000000000000001
-3.1 1.899999999999972 0.7000000000000001
-3.1 1.899999999999972 0.8
-3.1 1.899999999999972 0.9
-3.1 1.899999999999972 1.0
-3.1 1.899999999999972 1.1
-3.1 1.899999999999972 1.2000000000000002
-3.1 1.899999999999972 1.3
-3.1 1.899999999999972 1.4000000000000001
-3.1 1.899999999999972 1.5
-3.1 1.899999999999972 1.6
-3.1 1.899999999999972 1.7000000000000002
-3.1 1.899999999999972 1.8
-3.1 1.899999999999972 1.9000000000000001
-3.1 1.899999999999972 2.0
-3.1 1.899999999999972 2.1
-3.1 1.899999999999972 2.2
-3.1 1.899999999999972 2.3000000000000003
-3.1 1.899999999999972 2.4000000000000004
-3.1 1.899999999999972 2.5
-3.1 1.9999999999999716 0.0
-3.1 1.9999999999999716 0.1
-3.1 1.9999999999999716 0.2
-3.1 1.9999999999999716 0.30000000000000004
-3.1 1.9999999999999716 0.4
-3.1 1.9999999999999716 0.5
-3.1 1.9999999999999716 0.6000000000000001
-3.1 1.9999999999999716 0.7000000000000001
-3.1 1.9999999999999716 0.8
-3.1 1.9999999999999716 0.9
-3.1 1.9999999999999716 1.0
-3.1 1.9999999999999716 1.1
-3.1 1.9999999999999716 1.2000000000000002
-3.1 1.9999999999999716 1.3
-3.1 1.9999999999999716 1.4000000000000001
-3.1 1.9999999999999716 1.5
-3.1 1.9999999999999716 1.6
-3.1 1.9999999999999716 1.7000000000000002
-3.1 1.9999999999999716 1.8
-3.1 1.9999999999999716 1.9000000000000001
-3.1 1.9999999999999716 2.0
-3.1 1.9999999999999716 2.1
-3.1 1.9999999999999716 2.2
-3.1 1.9999999999999716 2.3000000000000003
-3.1 1.9999999999999716 2.4000000000000004
-3.1 1.9999999999999716 2.5
-3.1 2.0999999999999712 0.0
-3.1 2.0999999999999712 0.1
-3.1 2.0999999999999712 0.2
-3.1 2.0999999999999712 0.30000000000000004
-3.1 2.0999999999999712 0.4
-3.1 2.0999999999999712 0.5
-3.1 2.0999999999999712 0.6000000000000001
-3.1 2.0999999999999712 0.7000000000000001
-3.1 2.0999999999999712 0.8
-3.1 2.0999999999999712 0.9
-3.1 2.0999999999999712 1.0
-3.1 2.0999999999999712 1.1
-3.1 2.0999999999999712 1.2000000000000002
-3.1 2.0999999999999712 1.3
-3.1 2.0999999999999712 1.4000000000000001
-3.1 2.0999999999999712 1.5
-3.1 2.0999999999999712 1.6
-3.1 2.0999999999999712 1.7000000000000002
-3.1 2.0999999999999712 1.8
-3.1 2.0999999999999712 1.9000000000000001
-3.1 2.0999999999999712 2.0
-3.1 2.0999999999999712 2.1
-3.1 2.0999999999999712 2.2
-3.1 2.0999999999999712 2.3000000000000003
-3.1 2.0999999999999712 2.4000000000000004
-3.1 2.0999999999999712 2.5
-3.1 2.199999999999971 0.0
-3.1 2.199999999999971 0.1
-3.1 2.199999999999971 0.2
-3.1 2.199999999999971 0.30000000000000004
-3.1 2.199999999999971 0.4
-3.1 2.199999999999971 0.5
-3.1 2.199999999999971 0.6000000000000001
-3.1 2.199999999999971 0.7000000000000001
-3.1 2.199999999999971 0.8
-3.1 2.199999999999971 0.9
-3.1 2.199999999999971 1.0
-3.1 2.199999999999971 1.1
-3.1 2.199999999999971 1.2000000000000002
-3.1 2.199999999999971 1.3
-3.1 2.199999999999971 1.4000000000000001
-3.1 2.199999999999971 1.5
-3.1 2.199999999999971 1.6
-3.1 2.199999999999971 1.7000000000000002
-3.1 2.199999999999971 1.8
-3.1 2.199999999999971 1.9000000000000001
-3.1 2.199999999999971 2.0
-3.1 2.199999999999971 2.1
-3.1 2.199999999999971 2.2
-3.1 2.199999999999971 2.3000000000000003
-3.1 2.199999999999971 2.4000000000000004
-3.1 2.199999999999971 2.5
-3.1 2.2999999999999705 0.0
-3.1 2.2999999999999705 0.1
-3.1 2.2999999999999705 0.2
-3.1 2.2999999999999705 0.30000000000000004
-3.1 2.2999999999999705 0.4
-3.1 2.2999999999999705 0.5
-3.1 2.2999999999999705 0.6000000000000001
-3.1 2.2999999999999705 0.7000000000000001
-3.1 2.2999999999999705 0.8
-3.1 2.2999999999999705 0.9
-3.1 2.2999999999999705 1.0
-3.1 2.2999999999999705 1.1
-3.1 2.2999999999999705 1.2000000000000002
-3.1 2.2999999999999705 1.3
-3.1 2.2999999999999705 1.4000000000000001
-3.1 2.2999999999999705 1.5
-3.1 2.2999999999999705 1.6
-3.1 2.2999999999999705 1.7000000000000002
-3.1 2.2999999999999705 1.8
-3.1 2.2999999999999705 1.9000000000000001
-3.1 2.2999999999999705 2.0
-3.1 2.2999999999999705 2.1
-3.1 2.2999999999999705 2.2
-3.1 2.2999999999999705 2.3000000000000003
-3.1 2.2999999999999705 2.4000000000000004
-3.1 2.2999999999999705 2.5
-3.1 2.39999999999997 0.0
-3.1 2.39999999999997 0.1
-3.1 2.39999999999997 0.2
-3.1 2.39999999999997 0.30000000000000004
-3.1 2.39999999999997 0.4
-3.1 2.39999999999997 0.5
-3.1 2.39999999999997 0.6000000000000001
-3.1 2.39999999999997 0.7000000000000001
-3.1 2.39999999999997 0.8
-3.1 2.39999999999997 0.9
-3.1 2.39999999999997 1.0
-3.1 2.39999999999997 1.1
-3.1 2.39999999999997 1.2000000000000002
-3.1 2.39999999999997 1.3
-3.1 2.39999999999997 1.4000000000000001
-3.1 2.39999999999997 1.5
-3.1 2.39999999999997 1.6
-3.1 2.39999999999997 1.7000000000000002
-3.1 2.39999999999997 1.8
-3.1 2.39999999999997 1.9000000000000001
-3.1 2.39999999999997 2.0
-3.1 2.39999999999997 2.1
-3.1 2.39999999999997 2.2
-3.1 2.39999999999997 2.3000000000000003
-3.1 2.39999999999997 2.4000000000000004
-3.1 2.39999999999997 2.5
-3.1 2.49999999999997 0.0
-3.1 2.49999999999997 0.1
-3.1 2.49999999999997 0.2
-3.1 2.49999999999997 0.30000000000000004
-3.1 2.49999999999997 0.4
-3.1 2.49999999999997 0.5
-3.1 2.49999999999997 0.6000000000000001
-3.1 2.49999999999997 0.7000000000000001
-3.1 2.49999999999997 0.8
-3.1 2.49999999999997 0.9
-3.1 2.49999999999997 1.0
-3.1 2.49999999999997 1.1
-3.1 2.49999999999997 1.2000000000000002
-3.1 2.49999999999997 1.3
-3.1 2.49999999999997 1.4000000000000001
-3.1 2.49999999999997 1.5
-3.1 2.49999999999997 1.6
-3.1 2.49999999999997 1.7000000000000002
-3.1 2.49999999999997 1.8
-3.1 2.49999999999997 1.9000000000000001
-3.1 2.49999999999997 2.0
-3.1 2.49999999999997 2.1
-3.1 2.49999999999997 2.2
-3.1 2.49999999999997 2.3000000000000003
-3.1 2.49999999999997 2.4000000000000004
-3.1 2.49999999999997 2.5
-3.1 2.5999999999999694 0.0
-3.1 2.5999999999999694 0.1
-3.1 2.5999999999999694 0.2
-3.1 2.5999999999999694 0.30000000000000004
-3.1 2.5999999999999694 0.4
-3.1 2.5999999999999694 0.5
-3.1 2.5999999999999694 0.6000000000000001
-3.1 2.5999999999999694 0.7000000000000001
-3.1 2.5999999999999694 0.8
-3.1 2.5999999999999694 0.9
-3.1 2.5999999999999694 1.0
-3.1 2.5999999999999694 1.1
-3.1 2.5999999999999694 1.2000000000000002
-3.1 2.5999999999999694 1.3
-3.1 2.5999999999999694 1.4000000000000001
-3.1 2.5999999999999694 1.5
-3.1 2.5999999999999694 1.6
-3.1 2.5999999999999694 1.7000000000000002
-3.1 2.5999999999999694 1.8
-3.1 2.5999999999999694 1.9000000000000001
-3.1 2.5999999999999694 2.0
-3.1 2.5999999999999694 2.1
-3.1 2.5999999999999694 2.2
-3.1 2.5999999999999694 2.3000000000000003
-3.1 2.5999999999999694 2.4000000000000004
-3.1 2.5999999999999694 2.5
-3.1 2.699999999999969 0.0
-3.1 2.699999999999969 0.1
-3.1 2.699999999999969 0.2
-3.1 2.699999999999969 0.30000000000000004
-3.1 2.699999999999969 0.4
-3.1 2.699999999999969 0.5
-3.1 2.699999999999969 0.6000000000000001
-3.1 2.699999999999969 0.7000000000000001
-3.1 2.699999999999969 0.8
-3.1 2.699999999999969 0.9
-3.1 2.699999999999969 1.0
-3.1 2.699999999999969 1.1
-3.1 2.699999999999969 1.2000000000000002
-3.1 2.699999999999969 1.3
-3.1 2.699999999999969 1.4000000000000001
-3.1 2.699999999999969 1.5
-3.1 2.699999999999969 1.6
-3.1 2.699999999999969 1.7000000000000002
-3.1 2.699999999999969 1.8
-3.1 2.699999999999969 1.9000000000000001
-3.1 2.699999999999969 2.0
-3.1 2.699999999999969 2.1
-3.1 2.699999999999969 2.2
-3.1 2.699999999999969 2.3000000000000003
-3.1 2.699999999999969 2.4000000000000004
-3.1 2.699999999999969 2.5
-3.1 2.7999999999999687 0.0
-3.1 2.7999999999999687 0.1
-3.1 2.7999999999999687 0.2
-3.1 2.7999999999999687 0.30000000000000004
-3.1 2.7999999999999687 0.4
-3.1 2.7999999999999687 0.5
-3.1 2.7999999999999687 0.6000000000000001
-3.1 2.7999999999999687 0.7000000000000001
-3.1 2.7999999999999687 0.8
-3.1 2.7999999999999687 0.9
-3.1 2.7999999999999687 1.0
-3.1 2.7999999999999687 1.1
-3.1 2.7999999999999687 1.2000000000000002
-3.1 2.7999999999999687 1.3
-3.1 2.7999999999999687 1.4000000000000001
-3.1 2.7999999999999687 1.5
-3.1 2.7999999999999687 1.6
-3.1 2.7999999999999687 1.7000000000000002
-3.1 2.7999999999999687 1.8
-3.1 2.7999999999999687 1.9000000000000001
-3.1 2.7999999999999687 2.0
-3.1 2.7999999999999687 2.1
-3.1 2.7999999999999687 2.2
-3.1 2.7999999999999687 2.3000000000000003
-3.1 2.7999999999999687 2.4000000000000004
-3.1 2.7999999999999687 2.5
-3.1 2.8999999999999684 0.0
-3.1 2.8999999999999684 0.1
-3.1 2.8999999999999684 0.2
-3.1 2.8999999999999684 0.30000000000000004
-3.1 2.8999999999999684 0.4
-3.1 2.8999999999999684 0.5
-3.1 2.8999999999999684 0.6000000000000001
-3.1 2.8999999999999684 0.7000000000000001
-3.1 2.8999999999999684 0.8
-3.1 2.8999999999999684 0.9
-3.1 2.8999999999999684 1.0
-3.1 2.8999999999999684 1.1
-3.1 2.8999999999999684 1.2000000000000002
-3.1 2.8999999999999684 1.3
-3.1 2.8999999999999684 1.4000000000000001
-3.1 2.8999999999999684 1.5
-3.1 2.8999999999999684 1.6
-3.1 2.8999999999999684 1.7000000000000002
-3.1 2.8999999999999684 1.8
-3.1 2.8999999999999684 1.9000000000000001
-3.1 2.8999999999999684 2.0
-3.1 2.8999999999999684 2.1
-3.1 2.8999999999999684 2.2
-3.1 2.8999999999999684 2.3000000000000003
-3.1 2.8999999999999684 2.4000000000000004
-3.1 2.8999999999999684 2.5
-3.1 2.999999999999968 0.0
-3.1 2.999999999999968 0.1
-3.1 2.999999999999968 0.2
-3.1 2.999999999999968 0.30000000000000004
-3.1 2.999999999999968 0.4
-3.1 2.999999999999968 0.5
-3.1 2.999999999999968 0.6000000000000001
-3.1 2.999999999999968 0.7000000000000001
-3.1 2.999999999999968 0.8
-3.1 2.999999999999968 0.9
-3.1 2.999999999999968 1.0
-3.1 2.999999999999968 1.1
-3.1 2.999999999999968 1.2000000000000002
-3.1 2.999999999999968 1.3
-3.1 2.999999999999968 1.4000000000000001
-3.1 2.999999999999968 1.5
-3.1 2.999999999999968 1.6
-3.1 2.999999999999968 1.7000000000000002
-3.1 2.999999999999968 1.8
-3.1 2.999999999999968 1.9000000000000001
-3.1 2.999999999999968 2.0
-3.1 2.999999999999968 2.1
-3.1 2.999999999999968 2.2
-3.1 2.999999999999968 2.3000000000000003
-3.1 2.999999999999968 2.4000000000000004
-3.1 2.999999999999968 2.5
-3.1 3.0999999999999677 0.0
-3.1 3.0999999999999677 0.1
-3.1 3.0999999999999677 0.2
-3.1 3.0999999999999677 0.30000000000000004
-3.1 3.0999999999999677 0.4
-3.1 3.0999999999999677 0.5
-3.1 3.0999999999999677 0.6000000000000001
-3.1 3.0999999999999677 0.7000000000000001
-3.1 3.0999999999999677 0.8
-3.1 3.0999999999999677 0.9
-3.1 3.0999999999999677 1.0
-3.1 3.0999999999999677 1.1
-3.1 3.0999999999999677 1.2000000000000002
-3.1 3.0999999999999677 1.3
-3.1 3.0999999999999677 1.4000000000000001
-3.1 3.0999999999999677 1.5
-3.1 3.0999999999999677 1.6
-3.1 3.0999999999999677 1.7000000000000002
-3.1 3.0999999999999677 1.8
-3.1 3.0999999999999677 1.9000000000000001
-3.1 3.0999999999999677 2.0
-3.1 3.0999999999999677 2.1
-3.1 3.0999999999999677 2.2
-3.1 3.0999999999999677 2.3000000000000003
-3.1 3.0999999999999677 2.4000000000000004
-3.1 3.0999999999999677 2.5
-3.1 3.1999999999999673 0.0
-3.1 3.1999999999999673 0.1
-3.1 3.1999999999999673 0.2
-3.1 3.1999999999999673 0.30000000000000004
-3.1 3.1999999999999673 0.4
-3.1 3.1999999999999673 0.5
-3.1 3.1999999999999673 0.6000000000000001
-3.1 3.1999999999999673 0.7000000000000001
-3.1 3.1999999999999673 0.8
-3.1 3.1999999999999673 0.9
-3.1 3.1999999999999673 1.0
-3.1 3.1999999999999673 1.1
-3.1 3.1999999999999673 1.2000000000000002
-3.1 3.1999999999999673 1.3
-3.1 3.1999999999999673 1.4000000000000001
-3.1 3.1999999999999673 1.5
-3.1 3.1999999999999673 1.6
-3.1 3.1999999999999673 1.7000000000000002
-3.1 3.1999999999999673 1.8
-3.1 3.1999999999999673 1.9000000000000001
-3.1 3.1999999999999673 2.0
-3.1 3.1999999999999673 2.1
-3.1 3.1999999999999673 2.2
-3.1 3.1999999999999673 2.3000000000000003
-3.1 3.1999999999999673 2.4000000000000004
-3.1 3.1999999999999673 2.5
-3.1 3.299999999999967 0.0
-3.1 3.299999999999967 0.1
-3.1 3.299999999999967 0.2
-3.1 3.299999999999967 0.30000000000000004
-3.1 3.299999999999967 0.4
-3.1 3.299999999999967 0.5
-3.1 3.299999999999967 0.6000000000000001
-3.1 3.299999999999967 0.7000000000000001
-3.1 3.299999999999967 0.8
-3.1 3.299999999999967 0.9
-3.1 3.299999999999967 1.0
-3.1 3.299999999999967 1.1
-3.1 3.299999999999967 1.2000000000000002
-3.1 3.299999999999967 1.3
-3.1 3.299999999999967 1.4000000000000001
-3.1 3.299999999999967 1.5
-3.1 3.299999999999967 1.6
-3.1 3.299999999999967 1.7000000000000002
-3.1 3.299999999999967 1.8
-3.1 3.299999999999967 1.9000000000000001
-3.1 3.299999999999967 2.0
-3.1 3.299999999999967 2.1
-3.1 3.299999999999967 2.2
-3.1 3.299999999999967 2.3000000000000003
-3.1 3.299999999999967 2.4000000000000004
-3.1 3.299999999999967 2.5
-3.1 3.3999999999999666 0.0
-3.1 3.3999999999999666 0.1
-3.1 3.3999999999999666 0.2
-3.1 3.3999999999999666 0.30000000000000004
-3.1 3.3999999999999666 0.4
-3.1 3.3999999999999666 0.5
-3.1 3.3999999999999666 0.6000000000000001
-3.1 3.3999999999999666 0.7000000000000001
-3.1 3.3999999999999666 0.8
-3.1 3.3999999999999666 0.9
-3.1 3.3999999999999666 1.0
-3.1 3.3999999999999666 1.1
-3.1 3.3999999999999666 1.2000000000000002
-3.1 3.3999999999999666 1.3
-3.1 3.3999999999999666 1.4000000000000001
-3.1 3.3999999999999666 1.5
-3.1 3.3999999999999666 1.6
-3.1 3.3999999999999666 1.7000000000000002
-3.1 3.3999999999999666 1.8
-3.1 3.3999999999999666 1.9000000000000001
-3.1 3.3999999999999666 2.0
-3.1 3.3999999999999666 2.1
-3.1 3.3999999999999666 2.2
-3.1 3.3999999999999666 2.3000000000000003
-3.1 3.3999999999999666 2.4000000000000004
-3.1 3.3999999999999666 2.5
-3.1 3.4999999999999662 0.0
-3.1 3.4999999999999662 0.1
-3.1 3.4999999999999662 0.2
-3.1 3.4999999999999662 0.30000000000000004
-3.1 3.4999999999999662 0.4
-3.1 3.4999999999999662 0.5
-3.1 3.4999999999999662 0.6000000000000001
-3.1 3.4999999999999662 0.7000000000000001
-3.1 3.4999999999999662 0.8
-3.1 3.4999999999999662 0.9
-3.1 3.4999999999999662 1.0
-3.1 3.4999999999999662 1.1
-3.1 3.4999999999999662 1.2000000000000002
-3.1 3.4999999999999662 1.3
-3.1 3.4999999999999662 1.4000000000000001
-3.1 3.4999999999999662 1.5
-3.1 3.4999999999999662 1.6
-3.1 3.4999999999999662 1.7000000000000002
-3.1 3.4999999999999662 1.8
-3.1 3.4999999999999662 1.9000000000000001
-3.1 3.4999999999999662 2.0
-3.1 3.4999999999999662 2.1
-3.1 3.4999999999999662 2.2
-3.1 3.4999999999999662 2.3000000000000003
-3.1 3.4999999999999662 2.4000000000000004
-3.1 3.4999999999999662 2.5
-3.1 3.599999999999966 0.0
-3.1 3.599999999999966 0.1
-3.1 3.599999999999966 0.2
-3.1 3.599999999999966 0.30000000000000004
-3.1 3.599999999999966 0.4
-3.1 3.599999999999966 0.5
-3.1 3.599999999999966 0.6000000000000001
-3.1 3.599999999999966 0.7000000000000001
-3.1 3.599999999999966 0.8
-3.1 3.599999999999966 0.9
-3.1 3.599999999999966 1.0
-3.1 3.599999999999966 1.1
-3.1 3.599999999999966 1.2000000000000002
-3.1 3.599999999999966 1.3
-3.1 3.599999999999966 1.4000000000000001
-3.1 3.599999999999966 1.5
-3.1 3.599999999999966 1.6
-3.1 3.599999999999966 1.7000000000000002
-3.1 3.599999999999966 1.8
-3.1 3.599999999999966 1.9000000000000001
-3.1 3.599999999999966 2.0
-3.1 3.599999999999966 2.1
-3.1 3.599999999999966 2.2
-3.1 3.599999999999966 2.3000000000000003
-3.1 3.599999999999966 2.4000000000000004
-3.1 3.599999999999966 2.5
-3.1 3.6999999999999655 0.0
-3.1 3.6999999999999655 0.1
-3.1 3.6999999999999655 0.2
-3.1 3.6999999999999655 0.30000000000000004
-3.1 3.6999999999999655 0.4
-3.1 3.6999999999999655 0.5
-3.1 3.6999999999999655 0.6000000000000001
-3.1 3.6999999999999655 0.7000000000000001
-3.1 3.6999999999999655 0.8
-3.1 3.6999999999999655 0.9
-3.1 3.6999999999999655 1.0
-3.1 3.6999999999999655 1.1
-3.1 3.6999999999999655 1.2000000000000002
-3.1 3.6999999999999655 1.3
-3.1 3.6999999999999655 1.4000000000000001
-3.1 3.6999999999999655 1.5
-3.1 3.6999999999999655 1.6
-3.1 3.6999999999999655 1.7000000000000002
-3.1 3.6999999999999655 1.8
-3.1 3.6999999999999655 1.9000000000000001
-3.1 3.6999999999999655 2.0
-3.1 3.6999999999999655 2.1
-3.1 3.6999999999999655 2.2
-3.1 3.6999999999999655 2.3000000000000003
-3.1 3.6999999999999655 2.4000000000000004
-3.1 3.6999999999999655 2.5
-3.1 3.799999999999965 0.0
-3.1 3.799999999999965 0.1
-3.1 3.799999999999965 0.2
-3.1 3.799999999999965 0.30000000000000004
-3.1 3.799999999999965 0.4
-3.1 3.799999999999965 0.5
-3.1 3.799999999999965 0.6000000000000001
-3.1 3.799999999999965 0.7000000000000001
-3.1 3.799999999999965 0.8
-3.1 3.799999999999965 0.9
-3.1 3.799999999999965 1.0
-3.1 3.799999999999965 1.1
-3.1 3.799999999999965 1.2000000000000002
-3.1 3.799999999999965 1.3
-3.1 3.799999999999965 1.4000000000000001
-3.1 3.799999999999965 1.5
-3.1 3.799999999999965 1.6
-3.1 3.799999999999965 1.7000000000000002
-3.1 3.799999999999965 1.8
-3.1 3.799999999999965 1.9000000000000001
-3.1 3.799999999999965 2.0
-3.1 3.799999999999965 2.1
-3.1 3.799999999999965 2.2
-3.1 3.799999999999965 2.3000000000000003
-3.1 3.799999999999965 2.4000000000000004
-3.1 3.799999999999965 2.5
-3.1 3.899999999999965 0.0
-3.1 3.899999999999965 0.1
-3.1 3.899999999999965 0.2
-3.1 3.899999999999965 0.30000000000000004
-3.1 3.899999999999965 0.4
-3.1 3.899999999999965 0.5
-3.1 3.899999999999965 0.6000000000000001
-3.1 3.899999999999965 0.7000000000000001
-3.1 3.899999999999965 0.8
-3.1 3.899999999999965 0.9
-3.1 3.899999999999965 1.0
-3.1 3.899999999999965 1.1
-3.1 3.899999999999965 1.2000000000000002
-3.1 3.899999999999965 1.3
-3.1 3.899999999999965 1.4000000000000001
-3.1 3.899999999999965 1.5
-3.1 3.899999999999965 1.6
-3.1 3.899999999999965 1.7000000000000002
-3.1 3.899999999999965 1.8
-3.1 3.899999999999965 1.9000000000000001
-3.1 3.899999999999965 2.0
-3.1 3.899999999999965 2.1
-3.1 3.899999999999965 2.2
-3.1 3.899999999999965 2.3000000000000003
-3.1 3.899999999999965 2.4000000000000004
-3.1 3.899999999999965 2.5
-3.1 3.9999999999999645 0.0
-3.1 3.9999999999999645 0.1
-3.1 3.9999999999999645 0.2
-3.1 3.9999999999999645 0.30000000000000004
-3.1 3.9999999999999645 0.4
-3.1 3.9999999999999645 0.5
-3.1 3.9999999999999645 0.6000000000000001
-3.1 3.9999999999999645 0.7000000000000001
-3.1 3.9999999999999645 0.8
-3.1 3.9999999999999645 0.9
-3.1 3.9999999999999645 1.0
-3.1 3.9999999999999645 1.1
-3.1 3.9999999999999645 1.2000000000000002
-3.1 3.9999999999999645 1.3
-3.1 3.9999999999999645 1.4000000000000001
-3.1 3.9999999999999645 1.5
-3.1 3.9999999999999645 1.6
-3.1 3.9999999999999645 1.7000000000000002
-3.1 3.9999999999999645 1.8
-3.1 3.9999999999999645 1.9000000000000001
-3.1 3.9999999999999645 2.0
-3.1 3.9999999999999645 2.1
-3.1 3.9999999999999645 2.2
-3.1 3.9999999999999645 2.3000000000000003
-3.1 3.9999999999999645 2.4000000000000004
-3.1 3.9999999999999645 2.5
-3.1 4.099999999999964 0.0
-3.1 4.099999999999964 0.1
-3.1 4.099999999999964 0.2
-3.1 4.099999999999964 0.30000000000000004
-3.1 4.099999999999964 0.4
-3.1 4.099999999999964 0.5
-3.1 4.099999999999964 0.6000000000000001
-3.1 4.099999999999964 0.7000000000000001
-3.1 4.099999999999964 0.8
-3.1 4.099999999999964 0.9
-3.1 4.099999999999964 1.0
-3.1 4.099999999999964 1.1
-3.1 4.099999999999964 1.2000000000000002
-3.1 4.099999999999964 1.3
-3.1 4.099999999999964 1.4000000000000001
-3.1 4.099999999999964 1.5
-3.1 4.099999999999964 1.6
-3.1 4.099999999999964 1.7000000000000002
-3.1 4.099999999999964 1.8
-3.1 4.099999999999964 1.9000000000000001
-3.1 4.099999999999964 2.0
-3.1 4.099999999999964 2.1
-3.1 4.099999999999964 2.2
-3.1 4.099999999999964 2.3000000000000003
-3.1 4.099999999999964 2.4000000000000004
-3.1 4.099999999999964 2.5
-3.1 4.199999999999964 0.0
-3.1 4.199999999999964 0.1
-3.1 4.199999999999964 0.2
-3.1 4.199999999999964 0.30000000000000004
-3.1 4.199999999999964 0.4
-3.1 4.199999999999964 0.5
-3.1 4.199999999999964 0.6000000000000001
-3.1 4.199999999999964 0.7000000000000001
-3.1 4.199999999999964 0.8
-3.1 4.199999999999964 0.9
-3.1 4.199999999999964 1.0
-3.1 4.199999999999964 1.1
-3.1 4.199999999999964 1.2000000000000002
-3.1 4.199999999999964 1.3
-3.1 4.199999999999964 1.4000000000000001
-3.1 4.199999999999964 1.5
-3.1 4.199999999999964 1.6
-3.1 4.199999999999964 1.7000000000000002
-3.1 4.199999999999964 1.8
-3.1 4.199999999999964 1.9000000000000001
-3.1 4.199999999999964 2.0
-3.1 4.199999999999964 2.1
-3.1 4.199999999999964 2.2
-3.1 4.199999999999964 2.3000000000000003
-3.1 4.199999999999964 2.4000000000000004
-3.1 4.199999999999964 2.5
-3.1 4.299999999999963 0.0
-3.1 4.299999999999963 0.1
-3.1 4.299999999999963 0.2
-3.1 4.299999999999963 0.30000000000000004
-3.1 4.299999999999963 0.4
-3.1 4.299999999999963 0.5
-3.1 4.299999999999963 0.6000000000000001
-3.1 4.299999999999963 0.7000000000000001
-3.1 4.299999999999963 0.8
-3.1 4.299999999999963 0.9
-3.1 4.299999999999963 1.0
-3.1 4.299999999999963 1.1
-3.1 4.299999999999963 1.2000000000000002
-3.1 4.299999999999963 1.3
-3.1 4.299999999999963 1.4000000000000001
-3.1 4.299999999999963 1.5
-3.1 4.299999999999963 1.6
-3.1 4.299999999999963 1.7000000000000002
-3.1 4.299999999999963 1.8
-3.1 4.299999999999963 1.9000000000000001
-3.1 4.299999999999963 2.0
-3.1 4.299999999999963 2.1
-3.1 4.299999999999963 2.2
-3.1 4.299999999999963 2.3000000000000003
-3.1 4.299999999999963 2.4000000000000004
-3.1 4.299999999999963 2.5
-3.1 4.399999999999963 0.0
-3.1 4.399999999999963 0.1
-3.1 4.399999999999963 0.2
-3.1 4.399999999999963 0.30000000000000004
-3.1 4.399999999999963 0.4
-3.1 4.399999999999963 0.5
-3.1 4.399999999999963 0.6000000000000001
-3.1 4.399999999999963 0.7000000000000001
-3.1 4.399999999999963 0.8
-3.1 4.399999999999963 0.9
-3.1 4.399999999999963 1.0
-3.1 4.399999999999963 1.1
-3.1 4.399999999999963 1.2000000000000002
-3.1 4.399999999999963 1.3
-3.1 4.399999999999963 1.4000000000000001
-3.1 4.399999999999963 1.5
-3.1 4.399999999999963 1.6
-3.1 4.399999999999963 1.7000000000000002
-3.1 4.399999999999963 1.8
-3.1 4.399999999999963 1.9000000000000001
-3.1 4.399999999999963 2.0
-3.1 4.399999999999963 2.1
-3.1 4.399999999999963 2.2
-3.1 4.399999999999963 2.3000000000000003
-3.1 4.399999999999963 2.4000000000000004
-3.1 4.399999999999963 2.5
-3.1 4.499999999999963 0.0
-3.1 4.499999999999963 0.1
-3.1 4.499999999999963 0.2
-3.1 4.499999999999963 0.30000000000000004
-3.1 4.499999999999963 0.4
-3.1 4.499999999999963 0.5
-3.1 4.499999999999963 0.6000000000000001
-3.1 4.499999999999963 0.7000000000000001
-3.1 4.499999999999963 0.8
-3.1 4.499999999999963 0.9
-3.1 4.499999999999963 1.0
-3.1 4.499999999999963 1.1
-3.1 4.499999999999963 1.2000000000000002
-3.1 4.499999999999963 1.3
-3.1 4.499999999999963 1.4000000000000001
-3.1 4.499999999999963 1.5
-3.1 4.499999999999963 1.6
-3.1 4.499999999999963 1.7000000000000002
-3.1 4.499999999999963 1.8
-3.1 4.499999999999963 1.9000000000000001
-3.1 4.499999999999963 2.0
-3.1 4.499999999999963 2.1
-3.1 4.499999999999963 2.2
-3.1 4.499999999999963 2.3000000000000003
-3.1 4.499999999999963 2.4000000000000004
-3.1 4.499999999999963 2.5
-3.1 4.599999999999962 0.0
-3.1 4.599999999999962 0.1
-3.1 4.599999999999962 0.2
-3.1 4.599999999999962 0.30000000000000004
-3.1 4.599999999999962 0.4
-3.1 4.599999999999962 0.5
-3.1 4.599999999999962 0.6000000000000001
-3.1 4.599999999999962 0.7000000000000001
-3.1 4.599999999999962 0.8
-3.1 4.599999999999962 0.9
-3.1 4.599999999999962 1.0
-3.1 4.599999999999962 1.1
-3.1 4.599999999999962 1.2000000000000002
-3.1 4.599999999999962 1.3
-3.1 4.599999999999962 1.4000000000000001
-3.1 4.599999999999962 1.5
-3.1 4.599999999999962 1.6
-3.1 4.599999999999962 1.7000000000000002
-3.1 4.599999999999962 1.8
-3.1 4.599999999999962 1.9000000000000001
-3.1 4.599999999999962 2.0
-3.1 4.599999999999962 2.1
-3.1 4.599999999999962 2.2
-3.1 4.599999999999962 2.3000000000000003
-3.1 4.599999999999962 2.4000000000000004
-3.1 4.599999999999962 2.5
-3.1 4.699999999999962 0.0
-3.1 4.699999999999962 0.1
-3.1 4.699999999999962 0.2
-3.1 4.699999999999962 0.30000000000000004
-3.1 4.699999999999962 0.4
-3.1 4.699999999999962 0.5
-3.1 4.699999999999962 0.6000000000000001
-3.1 4.699999999999962 0.7000000000000001
-3.1 4.699999999999962 0.8
-3.1 4.699999999999962 0.9
-3.1 4.699999999999962 1.0
-3.1 4.699999999999962 1.1
-3.1 4.699999999999962 1.2000000000000002
-3.1 4.699999999999962 1.3
-3.1 4.699999999999962 1.4000000000000001
-3.1 4.699999999999962 1.5
-3.1 4.699999999999962 1.6
-3.1 4.699999999999962 1.7000000000000002
-3.1 4.699999999999962 1.8
-3.1 4.699999999999962 1.9000000000000001
-3.1 4.699999999999962 2.0
-3.1 4.699999999999962 2.1
-3.1 4.699999999999962 2.2
-3.1 4.699999999999962 2.3000000000000003
-3.1 4.699999999999962 2.4000000000000004
-3.1 4.699999999999962 2.5
-3.1 4.799999999999962 0.0
-3.1 4.799999999999962 0.1
-3.1 4.799999999999962 0.2
-3.1 4.799999999999962 0.30000000000000004
-3.1 4.799999999999962 0.4
-3.1 4.799999999999962 0.5
-3.1 4.799999999999962 0.6000000000000001
-3.1 4.799999999999962 0.7000000000000001
-3.1 4.799999999999962 0.8
-3.1 4.799999999999962 0.9
-3.1 4.799999999999962 1.0
-3.1 4.799999999999962 1.1
-3.1 4.799999999999962 1.2000000000000002
-3.1 4.799999999999962 1.3
-3.1 4.799999999999962 1.4000000000000001
-3.1 4.799999999999962 1.5
-3.1 4.799999999999962 1.6
-3.1 4.799999999999962 1.7000000000000002
-3.1 4.799999999999962 1.8
-3.1 4.799999999999962 1.9000000000000001
-3.1 4.799999999999962 2.0
-3.1 4.799999999999962 2.1
-3.1 4.799999999999962 2.2
-3.1 4.799999999999962 2.3000000000000003
-3.1 4.799999999999962 2.4000000000000004
-3.1 4.799999999999962 2.5
-3.1 4.899999999999961 0.0
-3.1 4.899999999999961 0.1
-3.1 4.899999999999961 0.2
-3.1 4.899999999999961 0.30000000000000004
-3.1 4.899999999999961 0.4
-3.1 4.899999999999961 0.5
-3.1 4.899999999999961 0.6000000000000001
-3.1 4.899999999999961 0.7000000000000001
-3.1 4.899999999999961 0.8
-3.1 4.899999999999961 0.9
-3.1 4.899999999999961 1.0
-3.1 4.899999999999961 1.1
-3.1 4.899999999999961 1.2000000000000002
-3.1 4.899999999999961 1.3
-3.1 4.899999999999961 1.4000000000000001
-3.1 4.899999999999961 1.5
-3.1 4.899999999999961 1.6
-3.1 4.899999999999961 1.7000000000000002
-3.1 4.899999999999961 1.8
-3.1 4.899999999999961 1.9000000000000001
-3.1 4.899999999999961 2.0
-3.1 4.899999999999961 2.1
-3.1 4.899999999999961 2.2
-3.1 4.899999999999961 2.3000000000000003
-3.1 4.899999999999961 2.4000000000000004
-3.1 4.899999999999961 2.5
-3.1 4.999999999999961 0.0
-3.1 4.999999999999961 0.1
-3.1 4.999999999999961 0.2
-3.1 4.999999999999961 0.30000000000000004
-3.1 4.999999999999961 0.4
-3.1 4.999999999999961 0.5
-3.1 4.999999999999961 0.6000000000000001
-3.1 4.999999999999961 0.7000000000000001
-3.1 4.999999999999961 0.8
-3.1 4.999999999999961 0.9
-3.1 4.999999999999961 1.0
-3.1 4.999999999999961 1.1
-3.1 4.999999999999961 1.2000000000000002
-3.1 4.999999999999961 1.3
-3.1 4.999999999999961 1.4000000000000001
-3.1 4.999999999999961 1.5
-3.1 4.999999999999961 1.6
-3.1 4.999999999999961 1.7000000000000002
-3.1 4.999999999999961 1.8
-3.1 4.999999999999961 1.9000000000000001
-3.1 4.999999999999961 2.0
-3.1 4.999999999999961 2.1
-3.1 4.999999999999961 2.2
-3.1 4.999999999999961 2.3000000000000003
-3.1 4.999999999999961 2.4000000000000004
-3.1 4.999999999999961 2.5
-3.1 5.099999999999961 0.0
-3.1 5.099999999999961 0.1
-3.1 5.099999999999961 0.2
-3.1 5.099999999999961 0.30000000000000004
-3.1 5.099999999999961 0.4
-3.1 5.099999999999961 0.5
-3.1 5.099999999999961 0.6000000000000001
-3.1 5.099999999999961 0.7000000000000001
-3.1 5.099999999999961 0.8
-3.1 5.099999999999961 0.9
-3.1 5.099999999999961 1.0
-3.1 5.099999999999961 1.1
-3.1 5.099999999999961 1.2000000000000002
-3.1 5.099999999999961 1.3
-3.1 5.099999999999961 1.4000000000000001
-3.1 5.099999999999961 1.5
-3.1 5.099999999999961 1.6
-3.1 5.099999999999961 1.7000000000000002
-3.1 5.099999999999961 1.8
-3.1 5.099999999999961 1.9000000000000001
-3.1 5.099999999999961 2.0
-3.1 5.099999999999961 2.1
-3.1 5.099999999999961 2.2
-3.1 5.099999999999961 2.3000000000000003
-3.1 5.099999999999961 2.4000000000000004
-3.1 5.099999999999961 2.5
-3.1 5.19999999999996 0.0
-3.1 5.19999999999996 0.1
-3.1 5.19999999999996 0.2
-3.1 5.19999999999996 0.30000000000000004
-3.1 5.19999999999996 0.4
-3.1 5.19999999999996 0.5
-3.1 5.19999999999996 0.6000000000000001
-3.1 5.19999999999996 0.7000000000000001
-3.1 5.19999999999996 0.8
-3.1 5.19999999999996 0.9
-3.1 5.19999999999996 1.0
-3.1 5.19999999999996 1.1
-3.1 5.19999999999996 1.2000000000000002
-3.1 5.19999999999996 1.3
-3.1 5.19999999999996 1.4000000000000001
-3.1 5.19999999999996 1.5
-3.1 5.19999999999996 1.6
-3.1 5.19999999999996 1.7000000000000002
-3.1 5.19999999999996 1.8
-3.1 5.19999999999996 1.9000000000000001
-3.1 5.19999999999996 2.0
-3.1 5.19999999999996 2.1
-3.1 5.19999999999996 2.2
-3.1 5.19999999999996 2.3000000000000003
-3.1 5.19999999999996 2.4000000000000004
-3.1 5.19999999999996 2.5
-3.1 5.29999999999996 0.0
-3.1 5.29999999999996 0.1
-3.1 5.29999999999996 0.2
-3.1 5.29999999999996 0.30000000000000004
-3.1 5.29999999999996 0.4
-3.1 5.29999999999996 0.5
-3.1 5.29999999999996 0.6000000000000001
-3.1 5.29999999999996 0.7000000000000001
-3.1 5.29999999999996 0.8
-3.1 5.29999999999996 0.9
-3.1 5.29999999999996 1.0
-3.1 5.29999999999996 1.1
-3.1 5.29999999999996 1.2000000000000002
-3.1 5.29999999999996 1.3
-3.1 5.29999999999996 1.4000000000000001
-3.1 5.29999999999996 1.5
-3.1 5.29999999999996 1.6
-3.1 5.29999999999996 1.7000000000000002
-3.1 5.29999999999996 1.8
-3.1 5.29999999999996 1.9000000000000001
-3.1 5.29999999999996 2.0
-3.1 5.29999999999996 2.1
-3.1 5.29999999999996 2.2
-3.1 5.29999999999996 2.3000000000000003
-3.1 5.29999999999996 2.4000000000000004
-3.1 5.29999999999996 2.5
-3.1 5.3999999999999595 0.0
-3.1 5.3999999999999595 0.1
-3.1 5.3999999999999595 0.2
-3.1 5.3999999999999595 0.30000000000000004
-3.1 5.3999999999999595 0.4
-3.1 5.3999999999999595 0.5
-3.1 5.3999999999999595 0.6000000000000001
-3.1 5.3999999999999595 0.7000000000000001
-3.1 5.3999999999999595 0.8
-3.1 5.3999999999999595 0.9
-3.1 5.3999999999999595 1.0
-3.1 5.3999999999999595 1.1
-3.1 5.3999999999999595 1.2000000000000002
-3.1 5.3999999999999595 1.3
-3.1 5.3999999999999595 1.4000000000000001
-3.1 5.3999999999999595 1.5
-3.1 5.3999999999999595 1.6
-3.1 5.3999999999999595 1.7000000000000002
-3.1 5.3999999999999595 1.8
-3.1 5.3999999999999595 1.9000000000000001
-3.1 5.3999999999999595 2.0
-3.1 5.3999999999999595 2.1
-3.1 5.3999999999999595 2.2
-3.1 5.3999999999999595 2.3000000000000003
-3.1 5.3999999999999595 2.4000000000000004
-3.1 5.3999999999999595 2.5
-3.1 5.499999999999959 0.0
-3.1 5.499999999999959 0.1
-3.1 5.499999999999959 0.2
-3.1 5.499999999999959 0.30000000000000004
-3.1 5.499999999999959 0.4
-3.1 5.499999999999959 0.5
-3.1 5.499999999999959 0.6000000000000001
-3.1 5.499999999999959 0.7000000000000001
-3.1 5.499999999999959 0.8
-3.1 5.499999999999959 0.9
-3.1 5.499999999999959 1.0
-3.1 5.499999999999959 1.1
-3.1 5.499999999999959 1.2000000000000002
-3.1 5.499999999999959 1.3
-3.1 5.499999999999959 1.4000000000000001
-3.1 5.499999999999959 1.5
-3.1 5.499999999999959 1.6
-3.1 5.499999999999959 1.7000000000000002
-3.1 5.499999999999959 1.8
-3.1 5.499999999999959 1.9000000000000001
-3.1 5.499999999999959 2.0
-3.1 5.499999999999959 2.1
-3.1 5.499999999999959 2.2
-3.1 5.499999999999959 2.3000000000000003
-3.1 5.499999999999959 2.4000000000000004
-3.1 5.499999999999959 2.5
-3.1 5.599999999999959 0.0
-3.1 5.599999999999959 0.1
-3.1 5.599999999999959 0.2
-3.1 5.599999999999959 0.30000000000000004
-3.1 5.599999999999959 0.4
-3.1 5.599999999999959 0.5
-3.1 5.599999999999959 0.6000000000000001
-3.1 5.599999999999959 0.7000000000000001
-3.1 5.599999999999959 0.8
-3.1 5.599999999999959 0.9
-3.1 5.599999999999959 1.0
-3.1 5.599999999999959 1.1
-3.1 5.599999999999959 1.2000000000000002
-3.1 5.599999999999959 1.3
-3.1 5.599999999999959 1.4000000000000001
-3.1 5.599999999999959 1.5
-3.1 5.599999999999959 1.6
-3.1 5.599999999999959 1.7000000000000002
-3.1 5.599999999999959 1.8
-3.1 5.599999999999959 1.9000000000000001
-3.1 5.599999999999959 2.0
-3.1 5.599999999999959 2.1
-3.1 5.599999999999959 2.2
-3.1 5.599999999999959 2.3000000000000003
-3.1 5.599999999999959 2.4000000000000004
-3.1 5.599999999999959 2.5
-3.1 5.699999999999958 0.0
-3.1 5.699999999999958 0.1
-3.1 5.699999999999958 0.2
-3.1 5.699999999999958 0.30000000000000004
-3.1 5.699999999999958 0.4
-3.1 5.699999999999958 0.5
-3.1 5.699999999999958 0.6000000000000001
-3.1 5.699999999999958 0.7000000000000001
-3.1 5.699999999999958 0.8
-3.1 5.699999999999958 0.9
-3.1 5.699999999999958 1.0
-3.1 5.699999999999958 1.1
-3.1 5.699999999999958 1.2000000000000002
-3.1 5.699999999999958 1.3
-3.1 5.699999999999958 1.4000000000000001
-3.1 5.699999999999958 1.5
-3.1 5.699999999999958 1.6
-3.1 5.699999999999958 1.7000000000000002
-3.1 5.699999999999958 1.8
-3.1 5.699999999999958 1.9000000000000001
-3.1 5.699999999999958 2.0
-3.1 5.699999999999958 2.1
-3.1 5.699999999999958 2.2
-3.1 5.699999999999958 2.3000000000000003
-3.1 5.699999999999958 2.4000000000000004
-3.1 5.699999999999958 2.5
-3.1 5.799999999999958 0.0
-3.1 5.799999999999958 0.1
-3.1 5.799999999999958 0.2
-3.1 5.799999999999958 0.30000000000000004
-3.1 5.799999999999958 0.4
-3.1 5.799999999999958 0.5
-3.1 5.799999999999958 0.6000000000000001
-3.1 5.799999999999958 0.7000000000000001
-3.1 5.799999999999958 0.8
-3.1 5.799999999999958 0.9
-3.1 5.799999999999958 1.0
-3.1 5.799999999999958 1.1
-3.1 5.799999999999958 1.2000000000000002
-3.1 5.799999999999958 1.3
-3.1 5.799999999999958 1.4000000000000001
-3.1 5.799999999999958 1.5
-3.1 5.799999999999958 1.6
-3.1 5.799999999999958 1.7000000000000002
-3.1 5.799999999999958 1.8
-3.1 5.799999999999958 1.9000000000000001
-3.1 5.799999999999958 2.0
-3.1 5.799999999999958 2.1
-3.1 5.799999999999958 2.2
-3.1 5.799999999999958 2.3000000000000003
-3.1 5.799999999999958 2.4000000000000004
-3.1 5.799999999999958 2.5
-3.1 5.899999999999958 0.0
-3.1 5.899999999999958 0.1
-3.1 5.899999999999958 0.2
-3.1 5.899999999999958 0.30000000000000004
-3.1 5.899999999999958 0.4
-3.1 5.899999999999958 0.5
-3.1 5.899999999999958 0.6000000000000001
-3.1 5.899999999999958 0.7000000000000001
-3.1 5.899999999999958 0.8
-3.1 5.899999999999958 0.9
-3.1 5.899999999999958 1.0
-3.1 5.899999999999958 1.1
-3.1 5.899999999999958 1.2000000000000002
-3.1 5.899999999999958 1.3
-3.1 5.899999999999958 1.4000000000000001
-3.1 5.899999999999958 1.5
-3.1 5.899999999999958 1.6
-3.1 5.899999999999958 1.7000000000000002
-3.1 5.899999999999958 1.8
-3.1 5.899999999999958 1.9000000000000001
-3.1 5.899999999999958 2.0
-3.1 5.899999999999958 2.1
-3.1 5.899999999999958 2.2
-3.1 5.899999999999958 2.3000000000000003
-3.1 5.899999999999958 2.4000000000000004
-3.1 5.899999999999958 2.5
-3.1 5.999999999999957 0.0
-3.1 5.999999999999957 0.1
-3.1 5.999999999999957 0.2
-3.1 5.999999999999957 0.30000000000000004
-3.1 5.999999999999957 0.4
-3.1 5.999999999999957 0.5
-3.1 5.999999999999957 0.6000000000000001
-3.1 5.999999999999957 0.7000000000000001
-3.1 5.999999999999957 0.8
-3.1 5.999999999999957 0.9
-3.1 5.999999999999957 1.0
-3.1 5.999999999999957 1.1
-3.1 5.999999999999957 1.2000000000000002
-3.1 5.999999999999957 1.3
-3.1 5.999999999999957 1.4000000000000001
-3.1 5.999999999999957 1.5
-3.1 5.999999999999957 1.6
-3.1 5.999999999999957 1.7000000000000002
-3.1 5.999999999999957 1.8
-3.1 5.999999999999957 1.9000000000000001
-3.1 5.999999999999957 2.0
-3.1 5.999999999999957 2.1
-3.1 5.999999999999957 2.2
-3.1 5.999999999999957 2.3000000000000003
-3.1 5.999999999999957 2.4000000000000004
-3.1 5.999999999999957 2.5
-3.0 -6.0 0.0
-3.0 -6.0 0.1
-3.0 -6.0 0.2
-3.0 -6.0 0.30000000000000004
-3.0 -6.0 0.4
-3.0 -6.0 0.5
-3.0 -6.0 0.6000000000000001
-3.0 -6.0 0.7000000000000001
-3.0 -6.0 0.8
-3.0 -6.0 0.9
-3.0 -6.0 1.0
-3.0 -6.0 1.1
-3.0 -6.0 1.2000000000000002
-3.0 -6.0 1.3
-3.0 -6.0 1.4000000000000001
-3.0 -6.0 1.5
-3.0 -6.0 1.6
-3.0 -6.0 1.7000000000000002
-3.0 -6.0 1.8
-3.0 -6.0 1.9000000000000001
-3.0 -6.0 2.0
-3.0 -6.0 2.1
-3.0 -6.0 2.2
-3.0 -6.0 2.3000000000000003
-3.0 -6.0 2.4000000000000004
-3.0 -6.0 2.5
-3.0 -5.9 0.0
-3.0 -5.9 0.1
-3.0 -5.9 0.2
-3.0 -5.9 0.30000000000000004
-3.0 -5.9 0.4
-3.0 -5.9 0.5
-3.0 -5.9 0.6000000000000001
-3.0 -5.9 0.7000000000000001
-3.0 -5.9 0.8
-3.0 -5.9 0.9
-3.0 -5.9 1.0
-3.0 -5.9 1.1
-3.0 -5.9 1.2000000000000002
-3.0 -5.9 1.3
-3.0 -5.9 1.4000000000000001
-3.0 -5.9 1.5
-3.0 -5.9 1.6
-3.0 -5.9 1.7000000000000002
-3.0 -5.9 1.8
-3.0 -5.9 1.9000000000000001
-3.0 -5.9 2.0
-3.0 -5.9 2.1
-3.0 -5.9 2.2
-3.0 -5.9 2.3000000000000003
-3.0 -5.9 2.4000000000000004
-3.0 -5.9 2.5
-3.0 -5.800000000000001 0.0
-3.0 -5.800000000000001 0.1
-3.0 -5.800000000000001 0.2
-3.0 -5.800000000000001 0.30000000000000004
-3.0 -5.800000000000001 0.4
-3.0 -5.800000000000001 0.5
-3.0 -5.800000000000001 0.6000000000000001
-3.0 -5.800000000000001 0.7000000000000001
-3.0 -5.800000000000001 0.8
-3.0 -5.800000000000001 0.9
-3.0 -5.800000000000001 1.0
-3.0 -5.800000000000001 1.1
-3.0 -5.800000000000001 1.2000000000000002
-3.0 -5.800000000000001 1.3
-3.0 -5.800000000000001 1.4000000000000001
-3.0 -5.800000000000001 1.5
-3.0 -5.800000000000001 1.6
-3.0 -5.800000000000001 1.7000000000000002
-3.0 -5.800000000000001 1.8
-3.0 -5.800000000000001 1.9000000000000001
-3.0 -5.800000000000001 2.0
-3.0 -5.800000000000001 2.1
-3.0 -5.800000000000001 2.2
-3.0 -5.800000000000001 2.3000000000000003
-3.0 -5.800000000000001 2.4000000000000004
-3.0 -5.800000000000001 2.5
-3.0 -5.700000000000001 0.0
-3.0 -5.700000000000001 0.1
-3.0 -5.700000000000001 0.2
-3.0 -5.700000000000001 0.30000000000000004
-3.0 -5.700000000000001 0.4
-3.0 -5.700000000000001 0.5
-3.0 -5.700000000000001 0.6000000000000001
-3.0 -5.700000000000001 0.7000000000000001
-3.0 -5.700000000000001 0.8
-3.0 -5.700000000000001 0.9
-3.0 -5.700000000000001 1.0
-3.0 -5.700000000000001 1.1
-3.0 -5.700000000000001 1.2000000000000002
-3.0 -5.700000000000001 1.3
-3.0 -5.700000000000001 1.4000000000000001
-3.0 -5.700000000000001 1.5
-3.0 -5.700000000000001 1.6
-3.0 -5.700000000000001 1.7000000000000002
-3.0 -5.700000000000001 1.8
-3.0 -5.700000000000001 1.9000000000000001
-3.0 -5.700000000000001 2.0
-3.0 -5.700000000000001 2.1
-3.0 -5.700000000000001 2.2
-3.0 -5.700000000000001 2.3000000000000003
-3.0 -5.700000000000001 2.4000000000000004
-3.0 -5.700000000000001 2.5
-3.0 -5.600000000000001 0.0
-3.0 -5.600000000000001 0.1
-3.0 -5.600000000000001 0.2
-3.0 -5.600000000000001 0.30000000000000004
-3.0 -5.600000000000001 0.4
-3.0 -5.600000000000001 0.5
-3.0 -5.600000000000001 0.6000000000000001
-3.0 -5.600000000000001 0.7000000000000001
-3.0 -5.600000000000001 0.8
-3.0 -5.600000000000001 0.9
-3.0 -5.600000000000001 1.0
-3.0 -5.600000000000001 1.1
-3.0 -5.600000000000001 1.2000000000000002
-3.0 -5.600000000000001 1.3
-3.0 -5.600000000000001 1.4000000000000001
-3.0 -5.600000000000001 1.5
-3.0 -5.600000000000001 1.6
-3.0 -5.600000000000001 1.7000000000000002
-3.0 -5.600000000000001 1.8
-3.0 -5.600000000000001 1.9000000000000001
-3.0 -5.600000000000001 2.0
-3.0 -5.600000000000001 2.1
-3.0 -5.600000000000001 2.2
-3.0 -5.600000000000001 2.3000000000000003
-3.0 -5.600000000000001 2.4000000000000004
-3.0 -5.600000000000001 2.5
-3.0 -5.500000000000002 0.0
-3.0 -5.500000000000002 0.1
-3.0 -5.500000000000002 0.2
-3.0 -5.500000000000002 0.30000000000000004
-3.0 -5.500000000000002 0.4
-3.0 -5.500000000000002 0.5
-3.0 -5.500000000000002 0.6000000000000001
-3.0 -5.500000000000002 0.7000000000000001
-3.0 -5.500000000000002 0.8
-3.0 -5.500000000000002 0.9
-3.0 -5.500000000000002 1.0
-3.0 -5.500000000000002 1.1
-3.0 -5.500000000000002 1.2000000000000002
-3.0 -5.500000000000002 1.3
-3.0 -5.500000000000002 1.4000000000000001
-3.0 -5.500000000000002 1.5
-3.0 -5.500000000000002 1.6
-3.0 -5.500000000000002 1.7000000000000002
-3.0 -5.500000000000002 1.8
-3.0 -5.500000000000002 1.9000000000000001
-3.0 -5.500000000000002 2.0
-3.0 -5.500000000000002 2.1
-3.0 -5.500000000000002 2.2
-3.0 -5.500000000000002 2.3000000000000003
-3.0 -5.500000000000002 2.4000000000000004
-3.0 -5.500000000000002 2.5
-3.0 -5.400000000000002 0.0
-3.0 -5.400000000000002 0.1
-3.0 -5.400000000000002 0.2
-3.0 -5.400000000000002 0.30000000000000004
-3.0 -5.400000000000002 0.4
-3.0 -5.400000000000002 0.5
-3.0 -5.400000000000002 0.6000000000000001
-3.0 -5.400000000000002 0.7000000000000001
-3.0 -5.400000000000002 0.8
-3.0 -5.400000000000002 0.9
-3.0 -5.400000000000002 1.0
-3.0 -5.400000000000002 1.1
-3.0 -5.400000000000002 1.2000000000000002
-3.0 -5.400000000000002 1.3
-3.0 -5.400000000000002 1.4000000000000001
-3.0 -5.400000000000002 1.5
-3.0 -5.400000000000002 1.6
-3.0 -5.400000000000002 1.7000000000000002
-3.0 -5.400000000000002 1.8
-3.0 -5.400000000000002 1.9000000000000001
-3.0 -5.400000000000002 2.0
-3.0 -5.400000000000002 2.1
-3.0 -5.400000000000002 2.2
-3.0 -5.400000000000002 2.3000000000000003
-3.0 -5.400000000000002 2.4000000000000004
-3.0 -5.400000000000002 2.5
-3.0 -5.3000000000000025 0.0
-3.0 -5.3000000000000025 0.1
-3.0 -5.3000000000000025 0.2
-3.0 -5.3000000000000025 0.30000000000000004
-3.0 -5.3000000000000025 0.4
-3.0 -5.3000000000000025 0.5
-3.0 -5.3000000000000025 0.6000000000000001
-3.0 -5.3000000000000025 0.7000000000000001
-3.0 -5.3000000000000025 0.8
-3.0 -5.3000000000000025 0.9
-3.0 -5.3000000000000025 1.0
-3.0 -5.3000000000000025 1.1
-3.0 -5.3000000000000025 1.2000000000000002
-3.0 -5.3000000000000025 1.3
-3.0 -5.3000000000000025 1.4000000000000001
-3.0 -5.3000000000000025 1.5
-3.0 -5.3000000000000025 1.6
-3.0 -5.3000000000000025 1.7000000000000002
-3.0 -5.3000000000000025 1.8
-3.0 -5.3000000000000025 1.9000000000000001
-3.0 -5.3000000000000025 2.0
-3.0 -5.3000000000000025 2.1
-3.0 -5.3000000000000025 2.2
-3.0 -5.3000000000000025 2.3000000000000003
-3.0 -5.3000000000000025 2.4000000000000004
-3.0 -5.3000000000000025 2.5
-3.0 -5.200000000000003 0.0
-3.0 -5.200000000000003 0.1
-3.0 -5.200000000000003 0.2
-3.0 -5.200000000000003 0.30000000000000004
-3.0 -5.200000000000003 0.4
-3.0 -5.200000000000003 0.5
-3.0 -5.200000000000003 0.6000000000000001
-3.0 -5.200000000000003 0.7000000000000001
-3.0 -5.200000000000003 0.8
-3.0 -5.200000000000003 0.9
-3.0 -5.200000000000003 1.0
-3.0 -5.200000000000003 1.1
-3.0 -5.200000000000003 1.2000000000000002
-3.0 -5.200000000000003 1.3
-3.0 -5.200000000000003 1.4000000000000001
-3.0 -5.200000000000003 1.5
-3.0 -5.200000000000003 1.6
-3.0 -5.200000000000003 1.7000000000000002
-3.0 -5.200000000000003 1.8
-3.0 -5.200000000000003 1.9000000000000001
-3.0 -5.200000000000003 2.0
-3.0 -5.200000000000003 2.1
-3.0 -5.200000000000003 2.2
-3.0 -5.200000000000003 2.3000000000000003
-3.0 -5.200000000000003 2.4000000000000004
-3.0 -5.200000000000003 2.5
-3.0 -5.100000000000003 0.0
-3.0 -5.100000000000003 0.1
-3.0 -5.100000000000003 0.2
-3.0 -5.100000000000003 0.30000000000000004
-3.0 -5.100000000000003 0.4
-3.0 -5.100000000000003 0.5
-3.0 -5.100000000000003 0.6000000000000001
-3.0 -5.100000000000003 0.7000000000000001
-3.0 -5.100000000000003 0.8
-3.0 -5.100000000000003 0.9
-3.0 -5.100000000000003 1.0
-3.0 -5.100000000000003 1.1
-3.0 -5.100000000000003 1.2000000000000002
-3.0 -5.100000000000003 1.3
-3.0 -5.100000000000003 1.4000000000000001
-3.0 -5.100000000000003 1.5
-3.0 -5.100000000000003 1.6
-3.0 -5.100000000000003 1.7000000000000002
-3.0 -5.100000000000003 1.8
-3.0 -5.100000000000003 1.9000000000000001
-3.0 -5.100000000000003 2.0
-3.0 -5.100000000000003 2.1
-3.0 -5.100000000000003 2.2
-3.0 -5.100000000000003 2.3000000000000003
-3.0 -5.100000000000003 2.4000000000000004
-3.0 -5.100000000000003 2.5
-3.0 -5.0000000000000036 0.0
-3.0 -5.0000000000000036 0.1
-3.0 -5.0000000000000036 0.2
-3.0 -5.0000000000000036 0.30000000000000004
-3.0 -5.0000000000000036 0.4
-3.0 -5.0000000000000036 0.5
-3.0 -5.0000000000000036 0.6000000000000001
-3.0 -5.0000000000000036 0.7000000000000001
-3.0 -5.0000000000000036 0.8
-3.0 -5.0000000000000036 0.9
-3.0 -5.0000000000000036 1.0
-3.0 -5.0000000000000036 1.1
-3.0 -5.0000000000000036 1.2000000000000002
-3.0 -5.0000000000000036 1.3
-3.0 -5.0000000000000036 1.4000000000000001
-3.0 -5.0000000000000036 1.5
-3.0 -5.0000000000000036 1.6
-3.0 -5.0000000000000036 1.7000000000000002
-3.0 -5.0000000000000036 1.8
-3.0 -5.0000000000000036 1.9000000000000001
-3.0 -5.0000000000000036 2.0
-3.0 -5.0000000000000036 2.1
-3.0 -5.0000000000000036 2.2
-3.0 -5.0000000000000036 2.3000000000000003
-3.0 -5.0000000000000036 2.4000000000000004
-3.0 -5.0000000000000036 2.5
-3.0 -4.900000000000004 0.0
-3.0 -4.900000000000004 0.1
-3.0 -4.900000000000004 0.2
-3.0 -4.900000000000004 0.30000000000000004
-3.0 -4.900000000000004 0.4
-3.0 -4.900000000000004 0.5
-3.0 -4.900000000000004 0.6000000000000001
-3.0 -4.900000000000004 0.7000000000000001
-3.0 -4.900000000000004 0.8
-3.0 -4.900000000000004 0.9
-3.0 -4.900000000000004 1.0
-3.0 -4.900000000000004 1.1
-3.0 -4.900000000000004 1.2000000000000002
-3.0 -4.900000000000004 1.3
-3.0 -4.900000000000004 1.4000000000000001
-3.0 -4.900000000000004 1.5
-3.0 -4.900000000000004 1.6
-3.0 -4.900000000000004 1.7000000000000002
-3.0 -4.900000000000004 1.8
-3.0 -4.900000000000004 1.9000000000000001
-3.0 -4.900000000000004 2.0
-3.0 -4.900000000000004 2.1
-3.0 -4.900000000000004 2.2
-3.0 -4.900000000000004 2.3000000000000003
-3.0 -4.900000000000004 2.4000000000000004
-3.0 -4.900000000000004 2.5
-3.0 -4.800000000000004 0.0
-3.0 -4.800000000000004 0.1
-3.0 -4.800000000000004 0.2
-3.0 -4.800000000000004 0.30000000000000004
-3.0 -4.800000000000004 0.4
-3.0 -4.800000000000004 0.5
-3.0 -4.800000000000004 0.6000000000000001
-3.0 -4.800000000000004 0.7000000000000001
-3.0 -4.800000000000004 0.8
-3.0 -4.800000000000004 0.9
-3.0 -4.800000000000004 1.0
-3.0 -4.800000000000004 1.1
-3.0 -4.800000000000004 1.2000000000000002
-3.0 -4.800000000000004 1.3
-3.0 -4.800000000000004 1.4000000000000001
-3.0 -4.800000000000004 1.5
-3.0 -4.800000000000004 1.6
-3.0 -4.800000000000004 1.7000000000000002
-3.0 -4.800000000000004 1.8
-3.0 -4.800000000000004 1.9000000000000001
-3.0 -4.800000000000004 2.0
-3.0 -4.800000000000004 2.1
-3.0 -4.800000000000004 2.2
-3.0 -4.800000000000004 2.3000000000000003
-3.0 -4.800000000000004 2.4000000000000004
-3.0 -4.800000000000004 2.5
-3.0 -4.700000000000005 0.0
-3.0 -4.700000000000005 0.1
-3.0 -4.700000000000005 0.2
-3.0 -4.700000000000005 0.30000000000000004
-3.0 -4.700000000000005 0.4
-3.0 -4.700000000000005 0.5
-3.0 -4.700000000000005 0.6000000000000001
-3.0 -4.700000000000005 0.7000000000000001
-3.0 -4.700000000000005 0.8
-3.0 -4.700000000000005 0.9
-3.0 -4.700000000000005 1.0
-3.0 -4.700000000000005 1.1
-3.0 -4.700000000000005 1.2000000000000002
-3.0 -4.700000000000005 1.3
-3.0 -4.700000000000005 1.4000000000000001
-3.0 -4.700000000000005 1.5
-3.0 -4.700000000000005 1.6
-3.0 -4.700000000000005 1.7000000000000002
-3.0 -4.700000000000005 1.8
-3.0 -4.700000000000005 1.9000000000000001
-3.0 -4.700000000000005 2.0
-3.0 -4.700000000000005 2.1
-3.0 -4.700000000000005 2.2
-3.0 -4.700000000000005 2.3000000000000003
-3.0 -4.700000000000005 2.4000000000000004
-3.0 -4.700000000000005 2.5
-3.0 -4.600000000000005 0.0
-3.0 -4.600000000000005 0.1
-3.0 -4.600000000000005 0.2
-3.0 -4.600000000000005 0.30000000000000004
-3.0 -4.600000000000005 0.4
-3.0 -4.600000000000005 0.5
-3.0 -4.600000000000005 0.6000000000000001
-3.0 -4.600000000000005 0.7000000000000001
-3.0 -4.600000000000005 0.8
-3.0 -4.600000000000005 0.9
-3.0 -4.600000000000005 1.0
-3.0 -4.600000000000005 1.1
-3.0 -4.600000000000005 1.2000000000000002
-3.0 -4.600000000000005 1.3
-3.0 -4.600000000000005 1.4000000000000001
-3.0 -4.600000000000005 1.5
-3.0 -4.600000000000005 1.6
-3.0 -4.600000000000005 1.7000000000000002
-3.0 -4.600000000000005 1.8
-3.0 -4.600000000000005 1.9000000000000001
-3.0 -4.600000000000005 2.0
-3.0 -4.600000000000005 2.1
-3.0 -4.600000000000005 2.2
-3.0 -4.600000000000005 2.3000000000000003
-3.0 -4.600000000000005 2.4000000000000004
-3.0 -4.600000000000005 2.5
-3.0 -4.500000000000005 0.0
-3.0 -4.500000000000005 0.1
-3.0 -4.500000000000005 0.2
-3.0 -4.500000000000005 0.30000000000000004
-3.0 -4.500000000000005 0.4
-3.0 -4.500000000000005 0.5
-3.0 -4.500000000000005 0.6000000000000001
-3.0 -4.500000000000005 0.7000000000000001
-3.0 -4.500000000000005 0.8
-3.0 -4.500000000000005 0.9
-3.0 -4.500000000000005 1.0
-3.0 -4.500000000000005 1.1
-3.0 -4.500000000000005 1.2000000000000002
-3.0 -4.500000000000005 1.3
-3.0 -4.500000000000005 1.4000000000000001
-3.0 -4.500000000000005 1.5
-3.0 -4.500000000000005 1.6
-3.0 -4.500000000000005 1.7000000000000002
-3.0 -4.500000000000005 1.8
-3.0 -4.500000000000005 1.9000000000000001
-3.0 -4.500000000000005 2.0
-3.0 -4.500000000000005 2.1
-3.0 -4.500000000000005 2.2
-3.0 -4.500000000000005 2.3000000000000003
-3.0 -4.500000000000005 2.4000000000000004
-3.0 -4.500000000000005 2.5
-3.0 -4.400000000000006 0.0
-3.0 -4.400000000000006 0.1
-3.0 -4.400000000000006 0.2
-3.0 -4.400000000000006 0.30000000000000004
-3.0 -4.400000000000006 0.4
-3.0 -4.400000000000006 0.5
-3.0 -4.400000000000006 0.6000000000000001
-3.0 -4.400000000000006 0.7000000000000001
-3.0 -4.400000000000006 0.8
-3.0 -4.400000000000006 0.9
-3.0 -4.400000000000006 1.0
-3.0 -4.400000000000006 1.1
-3.0 -4.400000000000006 1.2000000000000002
-3.0 -4.400000000000006 1.3
-3.0 -4.400000000000006 1.4000000000000001
-3.0 -4.400000000000006 1.5
-3.0 -4.400000000000006 1.6
-3.0 -4.400000000000006 1.7000000000000002
-3.0 -4.400000000000006 1.8
-3.0 -4.400000000000006 1.9000000000000001
-3.0 -4.400000000000006 2.0
-3.0 -4.400000000000006 2.1
-3.0 -4.400000000000006 2.2
-3.0 -4.400000000000006 2.3000000000000003
-3.0 -4.400000000000006 2.4000000000000004
-3.0 -4.400000000000006 2.5
-3.0 -4.300000000000006 0.0
-3.0 -4.300000000000006 0.1
-3.0 -4.300000000000006 0.2
-3.0 -4.300000000000006 0.30000000000000004
-3.0 -4.300000000000006 0.4
-3.0 -4.300000000000006 0.5
-3.0 -4.300000000000006 0.6000000000000001
-3.0 -4.300000000000006 0.7000000000000001
-3.0 -4.300000000000006 0.8
-3.0 -4.300000000000006 0.9
-3.0 -4.300000000000006 1.0
-3.0 -4.300000000000006 1.1
-3.0 -4.300000000000006 1.2000000000000002
-3.0 -4.300000000000006 1.3
-3.0 -4.300000000000006 1.4000000000000001
-3.0 -4.300000000000006 1.5
-3.0 -4.300000000000006 1.6
-3.0 -4.300000000000006 1.7000000000000002
-3.0 -4.300000000000006 1.8
-3.0 -4.300000000000006 1.9000000000000001
-3.0 -4.300000000000006 2.0
-3.0 -4.300000000000006 2.1
-3.0 -4.300000000000006 2.2
-3.0 -4.300000000000006 2.3000000000000003
-3.0 -4.300000000000006 2.4000000000000004
-3.0 -4.300000000000006 2.5
-3.0 -4.200000000000006 0.0
-3.0 -4.200000000000006 0.1
-3.0 -4.200000000000006 0.2
-3.0 -4.200000000000006 0.30000000000000004
-3.0 -4.200000000000006 0.4
-3.0 -4.200000000000006 0.5
-3.0 -4.200000000000006 0.6000000000000001
-3.0 -4.200000000000006 0.7000000000000001
-3.0 -4.200000000000006 0.8
-3.0 -4.200000000000006 0.9
-3.0 -4.200000000000006 1.0
-3.0 -4.200000000000006 1.1
-3.0 -4.200000000000006 1.2000000000000002
-3.0 -4.200000000000006 1.3
-3.0 -4.200000000000006 1.4000000000000001
-3.0 -4.200000000000006 1.5
-3.0 -4.200000000000006 1.6
-3.0 -4.200000000000006 1.7000000000000002
-3.0 -4.200000000000006 1.8
-3.0 -4.200000000000006 1.9000000000000001
-3.0 -4.200000000000006 2.0
-3.0 -4.200000000000006 2.1
-3.0 -4.200000000000006 2.2
-3.0 -4.200000000000006 2.3000000000000003
-3.0 -4.200000000000006 2.4000000000000004
-3.0 -4.200000000000006 2.5
-3.0 -4.100000000000007 0.0
-3.0 -4.100000000000007 0.1
-3.0 -4.100000000000007 0.2
-3.0 -4.100000000000007 0.30000000000000004
-3.0 -4.100000000000007 0.4
-3.0 -4.100000000000007 0.5
-3.0 -4.100000000000007 0.6000000000000001
-3.0 -4.100000000000007 0.7000000000000001
-3.0 -4.100000000000007 0.8
-3.0 -4.100000000000007 0.9
-3.0 -4.100000000000007 1.0
-3.0 -4.100000000000007 1.1
-3.0 -4.100000000000007 1.2000000000000002
-3.0 -4.100000000000007 1.3
-3.0 -4.100000000000007 1.4000000000000001
-3.0 -4.100000000000007 1.5
-3.0 -4.100000000000007 1.6
-3.0 -4.100000000000007 1.7000000000000002
-3.0 -4.100000000000007 1.8
-3.0 -4.100000000000007 1.9000000000000001
-3.0 -4.100000000000007 2.0
-3.0 -4.100000000000007 2.1
-3.0 -4.100000000000007 2.2
-3.0 -4.100000000000007 2.3000000000000003
-3.0 -4.100000000000007 2.4000000000000004
-3.0 -4.100000000000007 2.5
-3.0 -4.000000000000007 0.0
-3.0 -4.000000000000007 0.1
-3.0 -4.000000000000007 0.2
-3.0 -4.000000000000007 0.30000000000000004
-3.0 -4.000000000000007 0.4
-3.0 -4.000000000000007 0.5
-3.0 -4.000000000000007 0.6000000000000001
-3.0 -4.000000000000007 0.7000000000000001
-3.0 -4.000000000000007 0.8
-3.0 -4.000000000000007 0.9
-3.0 -4.000000000000007 1.0
-3.0 -4.000000000000007 1.1
-3.0 -4.000000000000007 1.2000000000000002
-3.0 -4.000000000000007 1.3
-3.0 -4.000000000000007 1.4000000000000001
-3.0 -4.000000000000007 1.5
-3.0 -4.000000000000007 1.6
-3.0 -4.000000000000007 1.7000000000000002
-3.0 -4.000000000000007 1.8
-3.0 -4.000000000000007 1.9000000000000001
-3.0 -4.000000000000007 2.0
-3.0 -4.000000000000007 2.1
-3.0 -4.000000000000007 2.2
-3.0 -4.000000000000007 2.3000000000000003
-3.0 -4.000000000000007 2.4000000000000004
-3.0 -4.000000000000007 2.5
-3.0 -3.9000000000000075 0.0
-3.0 -3.9000000000000075 0.1
-3.0 -3.9000000000000075 0.2
-3.0 -3.9000000000000075 0.30000000000000004
-3.0 -3.9000000000000075 0.4
-3.0 -3.9000000000000075 0.5
-3.0 -3.9000000000000075 0.6000000000000001
-3.0 -3.9000000000000075 0.7000000000000001
-3.0 -3.9000000000000075 0.8
-3.0 -3.9000000000000075 0.9
-3.0 -3.9000000000000075 1.0
-3.0 -3.9000000000000075 1.1
-3.0 -3.9000000000000075 1.2000000000000002
-3.0 -3.9000000000000075 1.3
-3.0 -3.9000000000000075 1.4000000000000001
-3.0 -3.9000000000000075 1.5
-3.0 -3.9000000000000075 1.6
-3.0 -3.9000000000000075 1.7000000000000002
-3.0 -3.9000000000000075 1.8
-3.0 -3.9000000000000075 1.9000000000000001
-3.0 -3.9000000000000075 2.0
-3.0 -3.9000000000000075 2.1
-3.0 -3.9000000000000075 2.2
-3.0 -3.9000000000000075 2.3000000000000003
-3.0 -3.9000000000000075 2.4000000000000004
-3.0 -3.9000000000000075 2.5
-3.0 -3.800000000000008 0.0
-3.0 -3.800000000000008 0.1
-3.0 -3.800000000000008 0.2
-3.0 -3.800000000000008 0.30000000000000004
-3.0 -3.800000000000008 0.4
-3.0 -3.800000000000008 0.5
-3.0 -3.800000000000008 0.6000000000000001
-3.0 -3.800000000000008 0.7000000000000001
-3.0 -3.800000000000008 0.8
-3.0 -3.800000000000008 0.9
-3.0 -3.800000000000008 1.0
-3.0 -3.800000000000008 1.1
-3.0 -3.800000000000008 1.2000000000000002
-3.0 -3.800000000000008 1.3
-3.0 -3.800000000000008 1.4000000000000001
-3.0 -3.800000000000008 1.5
-3.0 -3.800000000000008 1.6
-3.0 -3.800000000000008 1.7000000000000002
-3.0 -3.800000000000008 1.8
-3.0 -3.800000000000008 1.9000000000000001
-3.0 -3.800000000000008 2.0
-3.0 -3.800000000000008 2.1
-3.0 -3.800000000000008 2.2
-3.0 -3.800000000000008 2.3000000000000003
-3.0 -3.800000000000008 2.4000000000000004
-3.0 -3.800000000000008 2.5
-3.0 -3.700000000000008 0.0
-3.0 -3.700000000000008 0.1
-3.0 -3.700000000000008 0.2
-3.0 -3.700000000000008 0.30000000000000004
-3.0 -3.700000000000008 0.4
-3.0 -3.700000000000008 0.5
-3.0 -3.700000000000008 0.6000000000000001
-3.0 -3.700000000000008 0.7000000000000001
-3.0 -3.700000000000008 0.8
-3.0 -3.700000000000008 0.9
-3.0 -3.700000000000008 1.0
-3.0 -3.700000000000008 1.1
-3.0 -3.700000000000008 1.2000000000000002
-3.0 -3.700000000000008 1.3
-3.0 -3.700000000000008 1.4000000000000001
-3.0 -3.700000000000008 1.5
-3.0 -3.700000000000008 1.6
-3.0 -3.700000000000008 1.7000000000000002
-3.0 -3.700000000000008 1.8
-3.0 -3.700000000000008 1.9000000000000001
-3.0 -3.700000000000008 2.0
-3.0 -3.700000000000008 2.1
-3.0 -3.700000000000008 2.2
-3.0 -3.700000000000008 2.3000000000000003
-3.0 -3.700000000000008 2.4000000000000004
-3.0 -3.700000000000008 2.5
-3.0 -3.6000000000000085 0.0
-3.0 -3.6000000000000085 0.1
-3.0 -3.6000000000000085 0.2
-3.0 -3.6000000000000085 0.30000000000000004
-3.0 -3.6000000000000085 0.4
-3.0 -3.6000000000000085 0.5
-3.0 -3.6000000000000085 0.6000000000000001
-3.0 -3.6000000000000085 0.7000000000000001
-3.0 -3.6000000000000085 0.8
-3.0 -3.6000000000000085 0.9
-3.0 -3.6000000000000085 1.0
-3.0 -3.6000000000000085 1.1
-3.0 -3.6000000000000085 1.2000000000000002
-3.0 -3.6000000000000085 1.3
-3.0 -3.6000000000000085 1.4000000000000001
-3.0 -3.6000000000000085 1.5
-3.0 -3.6000000000000085 1.6
-3.0 -3.6000000000000085 1.7000000000000002
-3.0 -3.6000000000000085 1.8
-3.0 -3.6000000000000085 1.9000000000000001
-3.0 -3.6000000000000085 2.0
-3.0 -3.6000000000000085 2.1
-3.0 -3.6000000000000085 2.2
-3.0 -3.6000000000000085 2.3000000000000003
-3.0 -3.6000000000000085 2.4000000000000004
-3.0 -3.6000000000000085 2.5
-3.0 -3.500000000000009 0.0
-3.0 -3.500000000000009 0.1
-3.0 -3.500000000000009 0.2
-3.0 -3.500000000000009 0.30000000000000004
-3.0 -3.500000000000009 0.4
-3.0 -3.500000000000009 0.5
-3.0 -3.500000000000009 0.6000000000000001
-3.0 -3.500000000000009 0.7000000000000001
-3.0 -3.500000000000009 0.8
-3.0 -3.500000000000009 0.9
-3.0 -3.500000000000009 1.0
-3.0 -3.500000000000009 1.1
-3.0 -3.500000000000009 1.2000000000000002
-3.0 -3.500000000000009 1.3
-3.0 -3.500000000000009 1.4000000000000001
-3.0 -3.500000000000009 1.5
-3.0 -3.500000000000009 1.6
-3.0 -3.500000000000009 1.7000000000000002
-3.0 -3.500000000000009 1.8
-3.0 -3.500000000000009 1.9000000000000001
-3.0 -3.500000000000009 2.0
-3.0 -3.500000000000009 2.1
-3.0 -3.500000000000009 2.2
-3.0 -3.500000000000009 2.3000000000000003
-3.0 -3.500000000000009 2.4000000000000004
-3.0 -3.500000000000009 2.5
-3.0 -3.4000000000000092 0.0
-3.0 -3.4000000000000092 0.1
-3.0 -3.4000000000000092 0.2
-3.0 -3.4000000000000092 0.30000000000000004
-3.0 -3.4000000000000092 0.4
-3.0 -3.4000000000000092 0.5
-3.0 -3.4000000000000092 0.6000000000000001
-3.0 -3.4000000000000092 0.7000000000000001
-3.0 -3.4000000000000092 0.8
-3.0 -3.4000000000000092 0.9
-3.0 -3.4000000000000092 1.0
-3.0 -3.4000000000000092 1.1
-3.0 -3.4000000000000092 1.2000000000000002
-3.0 -3.4000000000000092 1.3
-3.0 -3.4000000000000092 1.4000000000000001
-3.0 -3.4000000000000092 1.5
-3.0 -3.4000000000000092 1.6
-3.0 -3.4000000000000092 1.7000000000000002
-3.0 -3.4000000000000092 1.8
-3.0 -3.4000000000000092 1.9000000000000001
-3.0 -3.4000000000000092 2.0
-3.0 -3.4000000000000092 2.1
-3.0 -3.4000000000000092 2.2
-3.0 -3.4000000000000092 2.3000000000000003
-3.0 -3.4000000000000092 2.4000000000000004
-3.0 -3.4000000000000092 2.5
-3.0 -3.3000000000000096 0.0
-3.0 -3.3000000000000096 0.1
-3.0 -3.3000000000000096 0.2
-3.0 -3.3000000000000096 0.30000000000000004
-3.0 -3.3000000000000096 0.4
-3.0 -3.3000000000000096 0.5
-3.0 -3.3000000000000096 0.6000000000000001
-3.0 -3.3000000000000096 0.7000000000000001
-3.0 -3.3000000000000096 0.8
-3.0 -3.3000000000000096 0.9
-3.0 -3.3000000000000096 1.0
-3.0 -3.3000000000000096 1.1
-3.0 -3.3000000000000096 1.2000000000000002
-3.0 -3.3000000000000096 1.3
-3.0 -3.3000000000000096 1.4000000000000001
-3.0 -3.3000000000000096 1.5
-3.0 -3.3000000000000096 1.6
-3.0 -3.3000000000000096 1.7000000000000002
-3.0 -3.3000000000000096 1.8
-3.0 -3.3000000000000096 1.9000000000000001
-3.0 -3.3000000000000096 2.0
-3.0 -3.3000000000000096 2.1
-3.0 -3.3000000000000096 2.2
-3.0 -3.3000000000000096 2.3000000000000003
-3.0 -3.3000000000000096 2.4000000000000004
-3.0 -3.3000000000000096 2.5
-3.0 -3.20000000000001 0.0
-3.0 -3.20000000000001 0.1
-3.0 -3.20000000000001 0.2
-3.0 -3.20000000000001 0.30000000000000004
-3.0 -3.20000000000001 0.4
-3.0 -3.20000000000001 0.5
-3.0 -3.20000000000001 0.6000000000000001
-3.0 -3.20000000000001 0.7000000000000001
-3.0 -3.20000000000001 0.8
-3.0 -3.20000000000001 0.9
-3.0 -3.20000000000001 1.0
-3.0 -3.20000000000001 1.1
-3.0 -3.20000000000001 1.2000000000000002
-3.0 -3.20000000000001 1.3
-3.0 -3.20000000000001 1.4000000000000001
-3.0 -3.20000000000001 1.5
-3.0 -3.20000000000001 1.6
-3.0 -3.20000000000001 1.7000000000000002
-3.0 -3.20000000000001 1.8
-3.0 -3.20000000000001 1.9000000000000001
-3.0 -3.20000000000001 2.0
-3.0 -3.20000000000001 2.1
-3.0 -3.20000000000001 2.2
-3.0 -3.20000000000001 2.3000000000000003
-3.0 -3.20000000000001 2.4000000000000004
-3.0 -3.20000000000001 2.5
-3.0 -3.1000000000000103 0.0
-3.0 -3.1000000000000103 0.1
-3.0 -3.1000000000000103 0.2
-3.0 -3.1000000000000103 0.30000000000000004
-3.0 -3.1000000000000103 0.4
-3.0 -3.1000000000000103 0.5
-3.0 -3.1000000000000103 0.6000000000000001
-3.0 -3.1000000000000103 0.7000000000000001
-3.0 -3.1000000000000103 0.8
-3.0 -3.1000000000000103 0.9
-3.0 -3.1000000000000103 1.0
-3.0 -3.1000000000000103 1.1
-3.0 -3.1000000000000103 1.2000000000000002
-3.0 -3.1000000000000103 1.3
-3.0 -3.1000000000000103 1.4000000000000001
-3.0 -3.1000000000000103 1.5
-3.0 -3.1000000000000103 1.6
-3.0 -3.1000000000000103 1.7000000000000002
-3.0 -3.1000000000000103 1.8
-3.0 -3.1000000000000103 1.9000000000000001
-3.0 -3.1000000000000103 2.0
-3.0 -3.1000000000000103 2.1
-3.0 -3.1000000000000103 2.2
-3.0 -3.1000000000000103 2.3000000000000003
-3.0 -3.1000000000000103 2.4000000000000004
-3.0 -3.1000000000000103 2.5
-3.0 -3.0000000000000107 0.0
-3.0 -3.0000000000000107 0.1
-3.0 -3.0000000000000107 0.2
-3.0 -3.0000000000000107 0.30000000000000004
-3.0 -3.0000000000000107 0.4
-3.0 -3.0000000000000107 0.5
-3.0 -3.0000000000000107 0.6000000000000001
-3.0 -3.0000000000000107 0.7000000000000001
-3.0 -3.0000000000000107 0.8
-3.0 -3.0000000000000107 0.9
-3.0 -3.0000000000000107 1.0
-3.0 -3.0000000000000107 1.1
-3.0 -3.0000000000000107 1.2000000000000002
-3.0 -3.0000000000000107 1.3
-3.0 -3.0000000000000107 1.4000000000000001
-3.0 -3.0000000000000107 1.5
-3.0 -3.0000000000000107 1.6
-3.0 -3.0000000000000107 1.7000000000000002
-3.0 -3.0000000000000107 1.8
-3.0 -3.0000000000000107 1.9000000000000001
-3.0 -3.0000000000000107 2.0
-3.0 -3.0000000000000107 2.1
-3.0 -3.0000000000000107 2.2
-3.0 -3.0000000000000107 2.3000000000000003
-3.0 -3.0000000000000107 2.4000000000000004
-3.0 -3.0000000000000107 2.5
-3.0 -2.900000000000011 0.0
-3.0 -2.900000000000011 0.1
-3.0 -2.900000000000011 0.2
-3.0 -2.900000000000011 0.30000000000000004
-3.0 -2.900000000000011 0.4
-3.0 -2.900000000000011 0.5
-3.0 -2.900000000000011 0.6000000000000001
-3.0 -2.900000000000011 0.7000000000000001
-3.0 -2.900000000000011 0.8
-3.0 -2.900000000000011 0.9
-3.0 -2.900000000000011 1.0
-3.0 -2.900000000000011 1.1
-3.0 -2.900000000000011 1.2000000000000002
-3.0 -2.900000000000011 1.3
-3.0 -2.900000000000011 1.4000000000000001
-3.0 -2.900000000000011 1.5
-3.0 -2.900000000000011 1.6
-3.0 -2.900000000000011 1.7000000000000002
-3.0 -2.900000000000011 1.8
-3.0 -2.900000000000011 1.9000000000000001
-3.0 -2.900000000000011 2.0
-3.0 -2.900000000000011 2.1
-3.0 -2.900000000000011 2.2
-3.0 -2.900000000000011 2.3000000000000003
-3.0 -2.900000000000011 2.4000000000000004
-3.0 -2.900000000000011 2.5
-3.0 -2.8000000000000114 0.0
-3.0 -2.8000000000000114 0.1
-3.0 -2.8000000000000114 0.2
-3.0 -2.8000000000000114 0.30000000000000004
-3.0 -2.8000000000000114 0.4
-3.0 -2.8000000000000114 0.5
-3.0 -2.8000000000000114 0.6000000000000001
-3.0 -2.8000000000000114 0.7000000000000001
-3.0 -2.8000000000000114 0.8
-3.0 -2.8000000000000114 0.9
-3.0 -2.8000000000000114 1.0
-3.0 -2.8000000000000114 1.1
-3.0 -2.8000000000000114 1.2000000000000002
-3.0 -2.8000000000000114 1.3
-3.0 -2.8000000000000114 1.4000000000000001
-3.0 -2.8000000000000114 1.5
-3.0 -2.8000000000000114 1.6
-3.0 -2.8000000000000114 1.7000000000000002
-3.0 -2.8000000000000114 1.8
-3.0 -2.8000000000000114 1.9000000000000001
-3.0 -2.8000000000000114 2.0
-3.0 -2.8000000000000114 2.1
-3.0 -2.8000000000000114 2.2
-3.0 -2.8000000000000114 2.3000000000000003
-3.0 -2.8000000000000114 2.4000000000000004
-3.0 -2.8000000000000114 2.5
-3.0 -2.7000000000000117 0.0
-3.0 -2.7000000000000117 0.1
-3.0 -2.7000000000000117 0.2
-3.0 -2.7000000000000117 0.30000000000000004
-3.0 -2.7000000000000117 0.4
-3.0 -2.7000000000000117 0.5
-3.0 -2.7000000000000117 0.6000000000000001
-3.0 -2.7000000000000117 0.7000000000000001
-3.0 -2.7000000000000117 0.8
-3.0 -2.7000000000000117 0.9
-3.0 -2.7000000000000117 1.0
-3.0 -2.7000000000000117 1.1
-3.0 -2.7000000000000117 1.2000000000000002
-3.0 -2.7000000000000117 1.3
-3.0 -2.7000000000000117 1.4000000000000001
-3.0 -2.7000000000000117 1.5
-3.0 -2.7000000000000117 1.6
-3.0 -2.7000000000000117 1.7000000000000002
-3.0 -2.7000000000000117 1.8
-3.0 -2.7000000000000117 1.9000000000000001
-3.0 -2.7000000000000117 2.0
-3.0 -2.7000000000000117 2.1
-3.0 -2.7000000000000117 2.2
-3.0 -2.7000000000000117 2.3000000000000003
-3.0 -2.7000000000000117 2.4000000000000004
-3.0 -2.7000000000000117 2.5
-3.0 -2.600000000000012 0.0
-3.0 -2.600000000000012 0.1
-3.0 -2.600000000000012 0.2
-3.0 -2.600000000000012 0.30000000000000004
-3.0 -2.600000000000012 0.4
-3.0 -2.600000000000012 0.5
-3.0 -2.600000000000012 0.6000000000000001
-3.0 -2.600000000000012 0.7000000000000001
-3.0 -2.600000000000012 0.8
-3.0 -2.600000000000012 0.9
-3.0 -2.600000000000012 1.0
-3.0 -2.600000000000012 1.1
-3.0 -2.600000000000012 1.2000000000000002
-3.0 -2.600000000000012 1.3
-3.0 -2.600000000000012 1.4000000000000001
-3.0 -2.600000000000012 1.5
-3.0 -2.600000000000012 1.6
-3.0 -2.600000000000012 1.7000000000000002
-3.0 -2.600000000000012 1.8
-3.0 -2.600000000000012 1.9000000000000001
-3.0 -2.600000000000012 2.0
-3.0 -2.600000000000012 2.1
-3.0 -2.600000000000012 2.2
-3.0 -2.600000000000012 2.3000000000000003
-3.0 -2.600000000000012 2.4000000000000004
-3.0 -2.600000000000012 2.5
-3.0 -2.5000000000000124 0.0
-3.0 -2.5000000000000124 0.1
-3.0 -2.5000000000000124 0.2
-3.0 -2.5000000000000124 0.30000000000000004
-3.0 -2.5000000000000124 0.4
-3.0 -2.5000000000000124 0.5
-3.0 -2.5000000000000124 0.6000000000000001
-3.0 -2.5000000000000124 0.7000000000000001
-3.0 -2.5000000000000124 0.8
-3.0 -2.5000000000000124 0.9
-3.0 -2.5000000000000124 1.0
-3.0 -2.5000000000000124 1.1
-3.0 -2.5000000000000124 1.2000000000000002
-3.0 -2.5000000000000124 1.3
-3.0 -2.5000000000000124 1.4000000000000001
-3.0 -2.5000000000000124 1.5
-3.0 -2.5000000000000124 1.6
-3.0 -2.5000000000000124 1.7000000000000002
-3.0 -2.5000000000000124 1.8
-3.0 -2.5000000000000124 1.9000000000000001
-3.0 -2.5000000000000124 2.0
-3.0 -2.5000000000000124 2.1
-3.0 -2.5000000000000124 2.2
-3.0 -2.5000000000000124 2.3000000000000003
-3.0 -2.5000000000000124 2.4000000000000004
-3.0 -2.5000000000000124 2.5
-3.0 -2.400000000000013 0.0
-3.0 -2.400000000000013 0.1
-3.0 -2.400000000000013 0.2
-3.0 -2.400000000000013 0.30000000000000004
-3.0 -2.400000000000013 0.4
-3.0 -2.400000000000013 0.5
-3.0 -2.400000000000013 0.6000000000000001
-3.0 -2.400000000000013 0.7000000000000001
-3.0 -2.400000000000013 0.8
-3.0 -2.400000000000013 0.9
-3.0 -2.400000000000013 1.0
-3.0 -2.400000000000013 1.1
-3.0 -2.400000000000013 1.2000000000000002
-3.0 -2.400000000000013 1.3
-3.0 -2.400000000000013 1.4000000000000001
-3.0 -2.400000000000013 1.5
-3.0 -2.400000000000013 1.6
-3.0 -2.400000000000013 1.7000000000000002
-3.0 -2.400000000000013 1.8
-3.0 -2.400000000000013 1.9000000000000001
-3.0 -2.400000000000013 2.0
-3.0 -2.400000000000013 2.1
-3.0 -2.400000000000013 2.2
-3.0 -2.400000000000013 2.3000000000000003
-3.0 -2.400000000000013 2.4000000000000004
-3.0 -2.400000000000013 2.5
-3.0 -2.300000000000013 0.0
-3.0 -2.300000000000013 0.1
-3.0 -2.300000000000013 0.2
-3.0 -2.300000000000013 0.30000000000000004
-3.0 -2.300000000000013 0.4
-3.0 -2.300000000000013 0.5
-3.0 -2.300000000000013 0.6000000000000001
-3.0 -2.300000000000013 0.7000000000000001
-3.0 -2.300000000000013 0.8
-3.0 -2.300000000000013 0.9
-3.0 -2.300000000000013 1.0
-3.0 -2.300000000000013 1.1
-3.0 -2.300000000000013 1.2000000000000002
-3.0 -2.300000000000013 1.3
-3.0 -2.300000000000013 1.4000000000000001
-3.0 -2.300000000000013 1.5
-3.0 -2.300000000000013 1.6
-3.0 -2.300000000000013 1.7000000000000002
-3.0 -2.300000000000013 1.8
-3.0 -2.300000000000013 1.9000000000000001
-3.0 -2.300000000000013 2.0
-3.0 -2.300000000000013 2.1
-3.0 -2.300000000000013 2.2
-3.0 -2.300000000000013 2.3000000000000003
-3.0 -2.300000000000013 2.4000000000000004
-3.0 -2.300000000000013 2.5
-3.0 -2.2000000000000135 0.0
-3.0 -2.2000000000000135 0.1
-3.0 -2.2000000000000135 0.2
-3.0 -2.2000000000000135 0.30000000000000004
-3.0 -2.2000000000000135 0.4
-3.0 -2.2000000000000135 0.5
-3.0 -2.2000000000000135 0.6000000000000001
-3.0 -2.2000000000000135 0.7000000000000001
-3.0 -2.2000000000000135 0.8
-3.0 -2.2000000000000135 0.9
-3.0 -2.2000000000000135 1.0
-3.0 -2.2000000000000135 1.1
-3.0 -2.2000000000000135 1.2000000000000002
-3.0 -2.2000000000000135 1.3
-3.0 -2.2000000000000135 1.4000000000000001
-3.0 -2.2000000000000135 1.5
-3.0 -2.2000000000000135 1.6
-3.0 -2.2000000000000135 1.7000000000000002
-3.0 -2.2000000000000135 1.8
-3.0 -2.2000000000000135 1.9000000000000001
-3.0 -2.2000000000000135 2.0
-3.0 -2.2000000000000135 2.1
-3.0 -2.2000000000000135 2.2
-3.0 -2.2000000000000135 2.3000000000000003
-3.0 -2.2000000000000135 2.4000000000000004
-3.0 -2.2000000000000135 2.5
-3.0 -2.100000000000014 0.0
-3.0 -2.100000000000014 0.1
-3.0 -2.100000000000014 0.2
-3.0 -2.100000000000014 0.30000000000000004
-3.0 -2.100000000000014 0.4
-3.0 -2.100000000000014 0.5
-3.0 -2.100000000000014 0.6000000000000001
-3.0 -2.100000000000014 0.7000000000000001
-3.0 -2.100000000000014 0.8
-3.0 -2.100000000000014 0.9
-3.0 -2.100000000000014 1.0
-3.0 -2.100000000000014 1.1
-3.0 -2.100000000000014 1.2000000000000002
-3.0 -2.100000000000014 1.3
-3.0 -2.100000000000014 1.4000000000000001
-3.0 -2.100000000000014 1.5
-3.0 -2.100000000000014 1.6
-3.0 -2.100000000000014 1.7000000000000002
-3.0 -2.100000000000014 1.8
-3.0 -2.100000000000014 1.9000000000000001
-3.0 -2.100000000000014 2.0
-3.0 -2.100000000000014 2.1
-3.0 -2.100000000000014 2.2
-3.0 -2.100000000000014 2.3000000000000003
-3.0 -2.100000000000014 2.4000000000000004
-3.0 -2.100000000000014 2.5
-3.0 -2.000000000000014 0.0
-3.0 -2.000000000000014 0.1
-3.0 -2.000000000000014 0.2
-3.0 -2.000000000000014 0.30000000000000004
-3.0 -2.000000000000014 0.4
-3.0 -2.000000000000014 0.5
-3.0 -2.000000000000014 0.6000000000000001
-3.0 -2.000000000000014 0.7000000000000001
-3.0 -2.000000000000014 0.8
-3.0 -2.000000000000014 0.9
-3.0 -2.000000000000014 1.0
-3.0 -2.000000000000014 1.1
-3.0 -2.000000000000014 1.2000000000000002
-3.0 -2.000000000000014 1.3
-3.0 -2.000000000000014 1.4000000000000001
-3.0 -2.000000000000014 1.5
-3.0 -2.000000000000014 1.6
-3.0 -2.000000000000014 1.7000000000000002
-3.0 -2.000000000000014 1.8
-3.0 -2.000000000000014 1.9000000000000001
-3.0 -2.000000000000014 2.0
-3.0 -2.000000000000014 2.1
-3.0 -2.000000000000014 2.2
-3.0 -2.000000000000014 2.3000000000000003
-3.0 -2.000000000000014 2.4000000000000004
-3.0 -2.000000000000014 2.5
-3.0 -1.9000000000000146 0.0
-3.0 -1.9000000000000146 0.1
-3.0 -1.9000000000000146 0.2
-3.0 -1.9000000000000146 0.30000000000000004
-3.0 -1.9000000000000146 0.4
-3.0 -1.9000000000000146 0.5
-3.0 -1.9000000000000146 0.6000000000000001
-3.0 -1.9000000000000146 0.7000000000000001
-3.0 -1.9000000000000146 0.8
-3.0 -1.9000000000000146 0.9
-3.0 -1.9000000000000146 1.0
-3.0 -1.9000000000000146 1.1
-3.0 -1.9000000000000146 1.2000000000000002
-3.0 -1.9000000000000146 1.3
-3.0 -1.9000000000000146 1.4000000000000001
-3.0 -1.9000000000000146 1.5
-3.0 -1.9000000000000146 1.6
-3.0 -1.9000000000000146 1.7000000000000002
-3.0 -1.9000000000000146 1.8
-3.0 -1.9000000000000146 1.9000000000000001
-3.0 -1.9000000000000146 2.0
-3.0 -1.9000000000000146 2.1
-3.0 -1.9000000000000146 2.2
-3.0 -1.9000000000000146 2.3000000000000003
-3.0 -1.9000000000000146 2.4000000000000004
-3.0 -1.9000000000000146 2.5
-3.0 -1.800000000000015 0.0
-3.0 -1.800000000000015 0.1
-3.0 -1.800000000000015 0.2
-3.0 -1.800000000000015 0.30000000000000004
-3.0 -1.800000000000015 0.4
-3.0 -1.800000000000015 0.5
-3.0 -1.800000000000015 0.6000000000000001
-3.0 -1.800000000000015 0.7000000000000001
-3.0 -1.800000000000015 0.8
-3.0 -1.800000000000015 0.9
-3.0 -1.800000000000015 1.0
-3.0 -1.800000000000015 1.1
-3.0 -1.800000000000015 1.2000000000000002
-3.0 -1.800000000000015 1.3
-3.0 -1.800000000000015 1.4000000000000001
-3.0 -1.800000000000015 1.5
-3.0 -1.800000000000015 1.6
-3.0 -1.800000000000015 1.7000000000000002
-3.0 -1.800000000000015 1.8
-3.0 -1.800000000000015 1.9000000000000001
-3.0 -1.800000000000015 2.0
-3.0 -1.800000000000015 2.1
-3.0 -1.800000000000015 2.2
-3.0 -1.800000000000015 2.3000000000000003
-3.0 -1.800000000000015 2.4000000000000004
-3.0 -1.800000000000015 2.5
-3.0 -1.7000000000000153 0.0
-3.0 -1.7000000000000153 0.1
-3.0 -1.7000000000000153 0.2
-3.0 -1.7000000000000153 0.30000000000000004
-3.0 -1.7000000000000153 0.4
-3.0 -1.7000000000000153 0.5
-3.0 -1.7000000000000153 0.6000000000000001
-3.0 -1.7000000000000153 0.7000000000000001
-3.0 -1.7000000000000153 0.8
-3.0 -1.7000000000000153 0.9
-3.0 -1.7000000000000153 1.0
-3.0 -1.7000000000000153 1.1
-3.0 -1.7000000000000153 1.2000000000000002
-3.0 -1.7000000000000153 1.3
-3.0 -1.7000000000000153 1.4000000000000001
-3.0 -1.7000000000000153 1.5
-3.0 -1.7000000000000153 1.6
-3.0 -1.7000000000000153 1.7000000000000002
-3.0 -1.7000000000000153 1.8
-3.0 -1.7000000000000153 1.9000000000000001
-3.0 -1.7000000000000153 2.0
-3.0 -1.7000000000000153 2.1
-3.0 -1.7000000000000153 2.2
-3.0 -1.7000000000000153 2.3000000000000003
-3.0 -1.7000000000000153 2.4000000000000004
-3.0 -1.7000000000000153 2.5
-3.0 -1.6000000000000156 0.0
-3.0 -1.6000000000000156 0.1
-3.0 -1.6000000000000156 0.2
-3.0 -1.6000000000000156 0.30000000000000004
-3.0 -1.6000000000000156 0.4
-3.0 -1.6000000000000156 0.5
-3.0 -1.6000000000000156 0.6000000000000001
-3.0 -1.6000000000000156 0.7000000000000001
-3.0 -1.6000000000000156 0.8
-3.0 -1.6000000000000156 0.9
-3.0 -1.6000000000000156 1.0
-3.0 -1.6000000000000156 1.1
-3.0 -1.6000000000000156 1.2000000000000002
-3.0 -1.6000000000000156 1.3
-3.0 -1.6000000000000156 1.4000000000000001
-3.0 -1.6000000000000156 1.5
-3.0 -1.6000000000000156 1.6
-3.0 -1.6000000000000156 1.7000000000000002
-3.0 -1.6000000000000156 1.8
-3.0 -1.6000000000000156 1.9000000000000001
-3.0 -1.6000000000000156 2.0
-3.0 -1.6000000000000156 2.1
-3.0 -1.6000000000000156 2.2
-3.0 -1.6000000000000156 2.3000000000000003
-3.0 -1.6000000000000156 2.4000000000000004
-3.0 -1.6000000000000156 2.5
-3.0 -1.500000000000016 0.0
-3.0 -1.500000000000016 0.1
-3.0 -1.500000000000016 0.2
-3.0 -1.500000000000016 0.30000000000000004
-3.0 -1.500000000000016 0.4
-3.0 -1.500000000000016 0.5
-3.0 -1.500000000000016 0.6000000000000001
-3.0 -1.500000000000016 0.7000000000000001
-3.0 -1.500000000000016 0.8
-3.0 -1.500000000000016 0.9
-3.0 -1.500000000000016 1.0
-3.0 -1.500000000000016 1.1
-3.0 -1.500000000000016 1.2000000000000002
-3.0 -1.500000000000016 1.3
-3.0 -1.500000000000016 1.4000000000000001
-3.0 -1.500000000000016 1.5
-3.0 -1.500000000000016 1.6
-3.0 -1.500000000000016 1.7000000000000002
-3.0 -1.500000000000016 1.8
-3.0 -1.500000000000016 1.9000000000000001
-3.0 -1.500000000000016 2.0
-3.0 -1.500000000000016 2.1
-3.0 -1.500000000000016 2.2
-3.0 -1.500000000000016 2.3000000000000003
-3.0 -1.500000000000016 2.4000000000000004
-3.0 -1.500000000000016 2.5
-3.0 -1.4000000000000163 0.0
-3.0 -1.4000000000000163 0.1
-3.0 -1.4000000000000163 0.2
-3.0 -1.4000000000000163 0.30000000000000004
-3.0 -1.4000000000000163 0.4
-3.0 -1.4000000000000163 0.5
-3.0 -1.4000000000000163 0.6000000000000001
-3.0 -1.4000000000000163 0.7000000000000001
-3.0 -1.4000000000000163 0.8
-3.0 -1.4000000000000163 0.9
-3.0 -1.4000000000000163 1.0
-3.0 -1.4000000000000163 1.1
-3.0 -1.4000000000000163 1.2000000000000002
-3.0 -1.4000000000000163 1.3
-3.0 -1.4000000000000163 1.4000000000000001
-3.0 -1.4000000000000163 1.5
-3.0 -1.4000000000000163 1.6
-3.0 -1.4000000000000163 1.7000000000000002
-3.0 -1.4000000000000163 1.8
-3.0 -1.4000000000000163 1.9000000000000001
-3.0 -1.4000000000000163 2.0
-3.0 -1.4000000000000163 2.1
-3.0 -1.4000000000000163 2.2
-3.0 -1.4000000000000163 2.3000000000000003
-3.0 -1.4000000000000163 2.4000000000000004
-3.0 -1.4000000000000163 2.5
-3.0 -1.3000000000000167 0.0
-3.0 -1.3000000000000167 0.1
-3.0 -1.3000000000000167 0.2
-3.0 -1.3000000000000167 0.30000000000000004
-3.0 -1.3000000000000167 0.4
-3.0 -1.3000000000000167 0.5
-3.0 -1.3000000000000167 0.6000000000000001
-3.0 -1.3000000000000167 0.7000000000000001
-3.0 -1.3000000000000167 0.8
-3.0 -1.3000000000000167 0.9
-3.0 -1.3000000000000167 1.0
-3.0 -1.3000000000000167 1.1
-3.0 -1.3000000000000167 1.2000000000000002
-3.0 -1.3000000000000167 1.3
-3.0 -1.3000000000000167 1.4000000000000001
-3.0 -1.3000000000000167 1.5
-3.0 -1.3000000000000167 1.6
-3.0 -1.3000000000000167 1.7000000000000002
-3.0 -1.3000000000000167 1.8
-3.0 -1.3000000000000167 1.9000000000000001
-3.0 -1.3000000000000167 2.0
-3.0 -1.3000000000000167 2.1
-3.0 -1.3000000000000167 2.2
-3.0 -1.3000000000000167 2.3000000000000003
-3.0 -1.3000000000000167 2.4000000000000004
-3.0 -1.3000000000000167 2.5
-3.0 -1.200000000000017 0.0
-3.0 -1.200000000000017 0.1
-3.0 -1.200000000000017 0.2
-3.0 -1.200000000000017 0.30000000000000004
-3.0 -1.200000000000017 0.4
-3.0 -1.200000000000017 0.5
-3.0 -1.200000000000017 0.6000000000000001
-3.0 -1.200000000000017 0.7000000000000001
-3.0 -1.200000000000017 0.8
-3.0 -1.200000000000017 0.9
-3.0 -1.200000000000017 1.0
-3.0 -1.200000000000017 1.1
-3.0 -1.200000000000017 1.2000000000000002
-3.0 -1.200000000000017 1.3
-3.0 -1.200000000000017 1.4000000000000001
-3.0 -1.200000000000017 1.5
-3.0 -1.200000000000017 1.6
-3.0 -1.200000000000017 1.7000000000000002
-3.0 -1.200000000000017 1.8
-3.0 -1.200000000000017 1.9000000000000001
-3.0 -1.200000000000017 2.0
-3.0 -1.200000000000017 2.1
-3.0 -1.200000000000017 2.2
-3.0 -1.200000000000017 2.3000000000000003
-3.0 -1.200000000000017 2.4000000000000004
-3.0 -1.200000000000017 2.5
-3.0 -1.1000000000000174 0.0
-3.0 -1.1000000000000174 0.1
-3.0 -1.1000000000000174 0.2
-3.0 -1.1000000000000174 0.30000000000000004
-3.0 -1.1000000000000174 0.4
-3.0 -1.1000000000000174 0.5
-3.0 -1.1000000000000174 0.6000000000000001
-3.0 -1.1000000000000174 0.7000000000000001
-3.0 -1.1000000000000174 0.8
-3.0 -1.1000000000000174 0.9
-3.0 -1.1000000000000174 1.0
-3.0 -1.1000000000000174 1.1
-3.0 -1.1000000000000174 1.2000000000000002
-3.0 -1.1000000000000174 1.3
-3.0 -1.1000000000000174 1.4000000000000001
-3.0 -1.1000000000000174 1.5
-3.0 -1.1000000000000174 1.6
-3.0 -1.1000000000000174 1.7000000000000002
-3.0 -1.1000000000000174 1.8
-3.0 -1.1000000000000174 1.9000000000000001
-3.0 -1.1000000000000174 2.0
-3.0 -1.1000000000000174 2.1
-3.0 -1.1000000000000174 2.2
-3.0 -1.1000000000000174 2.3000000000000003
-3.0 -1.1000000000000174 2.4000000000000004
-3.0 -1.1000000000000174 2.5
-3.0 -1.0000000000000178 0.0
-3.0 -1.0000000000000178 0.1
-3.0 -1.0000000000000178 0.2
-3.0 -1.0000000000000178 0.30000000000000004
-3.0 -1.0000000000000178 0.4
-3.0 -1.0000000000000178 0.5
-3.0 -1.0000000000000178 0.6000000000000001
-3.0 -1.0000000000000178 0.7000000000000001
-3.0 -1.0000000000000178 0.8
-3.0 -1.0000000000000178 0.9
-3.0 -1.0000000000000178 1.0
-3.0 -1.0000000000000178 1.1
-3.0 -1.0000000000000178 1.2000000000000002
-3.0 -1.0000000000000178 1.3
-3.0 -1.0000000000000178 1.4000000000000001
-3.0 -1.0000000000000178 1.5
-3.0 -1.0000000000000178 1.6
-3.0 -1.0000000000000178 1.7000000000000002
-3.0 -1.0000000000000178 1.8
-3.0 -1.0000000000000178 1.9000000000000001
-3.0 -1.0000000000000178 2.0
-3.0 -1.0000000000000178 2.1
-3.0 -1.0000000000000178 2.2
-3.0 -1.0000000000000178 2.3000000000000003
-3.0 -1.0000000000000178 2.4000000000000004
-3.0 -1.0000000000000178 2.5
-3.0 -0.9000000000000181 0.0
-3.0 -0.9000000000000181 0.1
-3.0 -0.9000000000000181 0.2
-3.0 -0.9000000000000181 0.30000000000000004
-3.0 -0.9000000000000181 0.4
-3.0 -0.9000000000000181 0.5
-3.0 -0.9000000000000181 0.6000000000000001
-3.0 -0.9000000000000181 0.7000000000000001
-3.0 -0.9000000000000181 0.8
-3.0 -0.9000000000000181 0.9
-3.0 -0.9000000000000181 1.0
-3.0 -0.9000000000000181 1.1
-3.0 -0.9000000000000181 1.2000000000000002
-3.0 -0.9000000000000181 1.3
-3.0 -0.9000000000000181 1.4000000000000001
-3.0 -0.9000000000000181 1.5
-3.0 -0.9000000000000181 1.6
-3.0 -0.9000000000000181 1.7000000000000002
-3.0 -0.9000000000000181 1.8
-3.0 -0.9000000000000181 1.9000000000000001
-3.0 -0.9000000000000181 2.0
-3.0 -0.9000000000000181 2.1
-3.0 -0.9000000000000181 2.2
-3.0 -0.9000000000000181 2.3000000000000003
-3.0 -0.9000000000000181 2.4000000000000004
-3.0 -0.9000000000000181 2.5
-3.0 -0.8000000000000185 0.0
-3.0 -0.8000000000000185 0.1
-3.0 -0.8000000000000185 0.2
-3.0 -0.8000000000000185 0.30000000000000004
-3.0 -0.8000000000000185 0.4
-3.0 -0.8000000000000185 0.5
-3.0 -0.8000000000000185 0.6000000000000001
-3.0 -0.8000000000000185 0.7000000000000001
-3.0 -0.8000000000000185 0.8
-3.0 -0.8000000000000185 0.9
-3.0 -0.8000000000000185 1.0
-3.0 -0.8000000000000185 1.1
-3.0 -0.8000000000000185 1.2000000000000002
-3.0 -0.8000000000000185 1.3
-3.0 -0.8000000000000185 1.4000000000000001
-3.0 -0.8000000000000185 1.5
-3.0 -0.8000000000000185 1.6
-3.0 -0.8000000000000185 1.7000000000000002
-3.0 -0.8000000000000185 1.8
-3.0 -0.8000000000000185 1.9000000000000001
-3.0 -0.8000000000000185 2.0
-3.0 -0.8000000000000185 2.1
-3.0 -0.8000000000000185 2.2
-3.0 -0.8000000000000185 2.3000000000000003
-3.0 -0.8000000000000185 2.4000000000000004
-3.0 -0.8000000000000185 2.5
-3.0 -0.7000000000000188 0.0
-3.0 -0.7000000000000188 0.1
-3.0 -0.7000000000000188 0.2
-3.0 -0.7000000000000188 0.30000000000000004
-3.0 -0.7000000000000188 0.4
-3.0 -0.7000000000000188 0.5
-3.0 -0.7000000000000188 0.6000000000000001
-3.0 -0.7000000000000188 0.7000000000000001
-3.0 -0.7000000000000188 0.8
-3.0 -0.7000000000000188 0.9
-3.0 -0.7000000000000188 1.0
-3.0 -0.7000000000000188 1.1
-3.0 -0.7000000000000188 1.2000000000000002
-3.0 -0.7000000000000188 1.3
-3.0 -0.7000000000000188 1.4000000000000001
-3.0 -0.7000000000000188 1.5
-3.0 -0.7000000000000188 1.6
-3.0 -0.7000000000000188 1.7000000000000002
-3.0 -0.7000000000000188 1.8
-3.0 -0.7000000000000188 1.9000000000000001
-3.0 -0.7000000000000188 2.0
-3.0 -0.7000000000000188 2.1
-3.0 -0.7000000000000188 2.2
-3.0 -0.7000000000000188 2.3000000000000003
-3.0 -0.7000000000000188 2.4000000000000004
-3.0 -0.7000000000000188 2.5
-3.0 -0.6000000000000192 0.0
-3.0 -0.6000000000000192 0.1
-3.0 -0.6000000000000192 0.2
-3.0 -0.6000000000000192 0.30000000000000004
-3.0 -0.6000000000000192 0.4
-3.0 -0.6000000000000192 0.5
-3.0 -0.6000000000000192 0.6000000000000001
-3.0 -0.6000000000000192 0.7000000000000001
-3.0 -0.6000000000000192 0.8
-3.0 -0.6000000000000192 0.9
-3.0 -0.6000000000000192 1.0
-3.0 -0.6000000000000192 1.1
-3.0 -0.6000000000000192 1.2000000000000002
-3.0 -0.6000000000000192 1.3
-3.0 -0.6000000000000192 1.4000000000000001
-3.0 -0.6000000000000192 1.5
-3.0 -0.6000000000000192 1.6
-3.0 -0.6000000000000192 1.7000000000000002
-3.0 -0.6000000000000192 1.8
-3.0 -0.6000000000000192 1.9000000000000001
-3.0 -0.6000000000000192 2.0
-3.0 -0.6000000000000192 2.1
-3.0 -0.6000000000000192 2.2
-3.0 -0.6000000000000192 2.3000000000000003
-3.0 -0.6000000000000192 2.4000000000000004
-3.0 -0.6000000000000192 2.5
-3.0 -0.5000000000000195 0.0
-3.0 -0.5000000000000195 0.1
-3.0 -0.5000000000000195 0.2
-3.0 -0.5000000000000195 0.30000000000000004
-3.0 -0.5000000000000195 0.4
-3.0 -0.5000000000000195 0.5
-3.0 -0.5000000000000195 0.6000000000000001
-3.0 -0.5000000000000195 0.7000000000000001
-3.0 -0.5000000000000195 0.8
-3.0 -0.5000000000000195 0.9
-3.0 -0.5000000000000195 1.0
-3.0 -0.5000000000000195 1.1
-3.0 -0.5000000000000195 1.2000000000000002
-3.0 -0.5000000000000195 1.3
-3.0 -0.5000000000000195 1.4000000000000001
-3.0 -0.5000000000000195 1.5
-3.0 -0.5000000000000195 1.6
-3.0 -0.5000000000000195 1.7000000000000002
-3.0 -0.5000000000000195 1.8
-3.0 -0.5000000000000195 1.9000000000000001
-3.0 -0.5000000000000195 2.0
-3.0 -0.5000000000000195 2.1
-3.0 -0.5000000000000195 2.2
-3.0 -0.5000000000000195 2.3000000000000003
-3.0 -0.5000000000000195 2.4000000000000004
-3.0 -0.5000000000000195 2.5
-3.0 -0.4000000000000199 0.0
-3.0 -0.4000000000000199 0.1
-3.0 -0.4000000000000199 0.2
-3.0 -0.4000000000000199 0.30000000000000004
-3.0 -0.4000000000000199 0.4
-3.0 -0.4000000000000199 0.5
-3.0 -0.4000000000000199 0.6000000000000001
-3.0 -0.4000000000000199 0.7000000000000001
-3.0 -0.4000000000000199 0.8
-3.0 -0.4000000000000199 0.9
-3.0 -0.4000000000000199 1.0
-3.0 -0.4000000000000199 1.1
-3.0 -0.4000000000000199 1.2000000000000002
-3.0 -0.4000000000000199 1.3
-3.0 -0.4000000000000199 1.4000000000000001
-3.0 -0.4000000000000199 1.5
-3.0 -0.4000000000000199 1.6
-3.0 -0.4000000000000199 1.7000000000000002
-3.0 -0.4000000000000199 1.8
-3.0 -0.4000000000000199 1.9000000000000001
-3.0 -0.4000000000000199 2.0
-3.0 -0.4000000000000199 2.1
-3.0 -0.4000000000000199 2.2
-3.0 -0.4000000000000199 2.3000000000000003
-3.0 -0.4000000000000199 2.4000000000000004
-3.0 -0.4000000000000199 2.5
-3.0 -0.30000000000002025 0.0
-3.0 -0.30000000000002025 0.1
-3.0 -0.30000000000002025 0.2
-3.0 -0.30000000000002025 0.30000000000000004
-3.0 -0.30000000000002025 0.4
-3.0 -0.30000000000002025 0.5
-3.0 -0.30000000000002025 0.6000000000000001
-3.0 -0.30000000000002025 0.7000000000000001
-3.0 -0.30000000000002025 0.8
-3.0 -0.30000000000002025 0.9
-3.0 -0.30000000000002025 1.0
-3.0 -0.30000000000002025 1.1
-3.0 -0.30000000000002025 1.2000000000000002
-3.0 -0.30000000000002025 1.3
-3.0 -0.30000000000002025 1.4000000000000001
-3.0 -0.30000000000002025 1.5
-3.0 -0.30000000000002025 1.6
-3.0 -0.30000000000002025 1.7000000000000002
-3.0 -0.30000000000002025 1.8
-3.0 -0.30000000000002025 1.9000000000000001
-3.0 -0.30000000000002025 2.0
-3.0 -0.30000000000002025 2.1
-3.0 -0.30000000000002025 2.2
-3.0 -0.30000000000002025 2.3000000000000003
-3.0 -0.30000000000002025 2.4000000000000004
-3.0 -0.30000000000002025 2.5
-3.0 -0.2000000000000206 0.0
-3.0 -0.2000000000000206 0.1
-3.0 -0.2000000000000206 0.2
-3.0 -0.2000000000000206 0.30000000000000004
-3.0 -0.2000000000000206 0.4
-3.0 -0.2000000000000206 0.5
-3.0 -0.2000000000000206 0.6000000000000001
-3.0 -0.2000000000000206 0.7000000000000001
-3.0 -0.2000000000000206 0.8
-3.0 -0.2000000000000206 0.9
-3.0 -0.2000000000000206 1.0
-3.0 -0.2000000000000206 1.1
-3.0 -0.2000000000000206 1.2000000000000002
-3.0 -0.2000000000000206 1.3
-3.0 -0.2000000000000206 1.4000000000000001
-3.0 -0.2000000000000206 1.5
-3.0 -0.2000000000000206 1.6
-3.0 -0.2000000000000206 1.7000000000000002
-3.0 -0.2000000000000206 1.8
-3.0 -0.2000000000000206 1.9000000000000001
-3.0 -0.2000000000000206 2.0
-3.0 -0.2000000000000206 2.1
-3.0 -0.2000000000000206 2.2
-3.0 -0.2000000000000206 2.3000000000000003
-3.0 -0.2000000000000206 2.4000000000000004
-3.0 -0.2000000000000206 2.5
-3.0 -0.10000000000002096 0.0
-3.0 -0.10000000000002096 0.1
-3.0 -0.10000000000002096 0.2
-3.0 -0.10000000000002096 0.30000000000000004
-3.0 -0.10000000000002096 0.4
-3.0 -0.10000000000002096 0.5
-3.0 -0.10000000000002096 0.6000000000000001
-3.0 -0.10000000000002096 0.7000000000000001
-3.0 -0.10000000000002096 0.8
-3.0 -0.10000000000002096 0.9
-3.0 -0.10000000000002096 1.0
-3.0 -0.10000000000002096 1.1
-3.0 -0.10000000000002096 1.2000000000000002
-3.0 -0.10000000000002096 1.3
-3.0 -0.10000000000002096 1.4000000000000001
-3.0 -0.10000000000002096 1.5
-3.0 -0.10000000000002096 1.6
-3.0 -0.10000000000002096 1.7000000000000002
-3.0 -0.10000000000002096 1.8
-3.0 -0.10000000000002096 1.9000000000000001
-3.0 -0.10000000000002096 2.0
-3.0 -0.10000000000002096 2.1
-3.0 -0.10000000000002096 2.2
-3.0 -0.10000000000002096 2.3000000000000003
-3.0 -0.10000000000002096 2.4000000000000004
-3.0 -0.10000000000002096 2.5
-3.0 -2.1316282072803006e-14 0.0
-3.0 -2.1316282072803006e-14 0.1
-3.0 -2.1316282072803006e-14 0.2
-3.0 -2.1316282072803006e-14 0.30000000000000004
-3.0 -2.1316282072803006e-14 0.4
-3.0 -2.1316282072803006e-14 0.5
-3.0 -2.1316282072803006e-14 0.6000000000000001
-3.0 -2.1316282072803006e-14 0.7000000000000001
-3.0 -2.1316282072803006e-14 0.8
-3.0 -2.1316282072803006e-14 0.9
-3.0 -2.1316282072803006e-14 1.0
-3.0 -2.1316282072803006e-14 1.1
-3.0 -2.1316282072803006e-14 1.2000000000000002
-3.0 -2.1316282072803006e-14 1.3
-3.0 -2.1316282072803006e-14 1.4000000000000001
-3.0 -2.1316282072803006e-14 1.5
-3.0 -2.1316282072803006e-14 1.6
-3.0 -2.1316282072803006e-14 1.7000000000000002
-3.0 -2.1316282072803006e-14 1.8
-3.0 -2.1316282072803006e-14 1.9000000000000001
-3.0 -2.1316282072803006e-14 2.0
-3.0 -2.1316282072803006e-14 2.1
-3.0 -2.1316282072803006e-14 2.2
-3.0 -2.1316282072803006e-14 2.3000000000000003
-3.0 -2.1316282072803006e-14 2.4000000000000004
-3.0 -2.1316282072803006e-14 2.5
-3.0 0.09999999999997833 0.0
-3.0 0.09999999999997833 0.1
-3.0 0.09999999999997833 0.2
-3.0 0.09999999999997833 0.30000000000000004
-3.0 0.09999999999997833 0.4
-3.0 0.09999999999997833 0.5
-3.0 0.09999999999997833 0.6000000000000001
-3.0 0.09999999999997833 0.7000000000000001
-3.0 0.09999999999997833 0.8
-3.0 0.09999999999997833 0.9
-3.0 0.09999999999997833 1.0
-3.0 0.09999999999997833 1.1
-3.0 0.09999999999997833 1.2000000000000002
-3.0 0.09999999999997833 1.3
-3.0 0.09999999999997833 1.4000000000000001
-3.0 0.09999999999997833 1.5
-3.0 0.09999999999997833 1.6
-3.0 0.09999999999997833 1.7000000000000002
-3.0 0.09999999999997833 1.8
-3.0 0.09999999999997833 1.9000000000000001
-3.0 0.09999999999997833 2.0
-3.0 0.09999999999997833 2.1
-3.0 0.09999999999997833 2.2
-3.0 0.09999999999997833 2.3000000000000003
-3.0 0.09999999999997833 2.4000000000000004
-3.0 0.09999999999997833 2.5
-3.0 0.19999999999997797 0.0
-3.0 0.19999999999997797 0.1
-3.0 0.19999999999997797 0.2
-3.0 0.19999999999997797 0.30000000000000004
-3.0 0.19999999999997797 0.4
-3.0 0.19999999999997797 0.5
-3.0 0.19999999999997797 0.6000000000000001
-3.0 0.19999999999997797 0.7000000000000001
-3.0 0.19999999999997797 0.8
-3.0 0.19999999999997797 0.9
-3.0 0.19999999999997797 1.0
-3.0 0.19999999999997797 1.1
-3.0 0.19999999999997797 1.2000000000000002
-3.0 0.19999999999997797 1.3
-3.0 0.19999999999997797 1.4000000000000001
-3.0 0.19999999999997797 1.5
-3.0 0.19999999999997797 1.6
-3.0 0.19999999999997797 1.7000000000000002
-3.0 0.19999999999997797 1.8
-3.0 0.19999999999997797 1.9000000000000001
-3.0 0.19999999999997797 2.0
-3.0 0.19999999999997797 2.1
-3.0 0.19999999999997797 2.2
-3.0 0.19999999999997797 2.3000000000000003
-3.0 0.19999999999997797 2.4000000000000004
-3.0 0.19999999999997797 2.5
-3.0 0.2999999999999776 0.0
-3.0 0.2999999999999776 0.1
-3.0 0.2999999999999776 0.2
-3.0 0.2999999999999776 0.30000000000000004
-3.0 0.2999999999999776 0.4
-3.0 0.2999999999999776 0.5
-3.0 0.2999999999999776 0.6000000000000001
-3.0 0.2999999999999776 0.7000000000000001
-3.0 0.2999999999999776 0.8
-3.0 0.2999999999999776 0.9
-3.0 0.2999999999999776 1.0
-3.0 0.2999999999999776 1.1
-3.0 0.2999999999999776 1.2000000000000002
-3.0 0.2999999999999776 1.3
-3.0 0.2999999999999776 1.4000000000000001
-3.0 0.2999999999999776 1.5
-3.0 0.2999999999999776 1.6
-3.0 0.2999999999999776 1.7000000000000002
-3.0 0.2999999999999776 1.8
-3.0 0.2999999999999776 1.9000000000000001
-3.0 0.2999999999999776 2.0
-3.0 0.2999999999999776 2.1
-3.0 0.2999999999999776 2.2
-3.0 0.2999999999999776 2.3000000000000003
-3.0 0.2999999999999776 2.4000000000000004
-3.0 0.2999999999999776 2.5
-3.0 0.39999999999997726 0.0
-3.0 0.39999999999997726 0.1
-3.0 0.39999999999997726 0.2
-3.0 0.39999999999997726 0.30000000000000004
-3.0 0.39999999999997726 0.4
-3.0 0.39999999999997726 0.5
-3.0 0.39999999999997726 0.6000000000000001
-3.0 0.39999999999997726 0.7000000000000001
-3.0 0.39999999999997726 0.8
-3.0 0.39999999999997726 0.9
-3.0 0.39999999999997726 1.0
-3.0 0.39999999999997726 1.1
-3.0 0.39999999999997726 1.2000000000000002
-3.0 0.39999999999997726 1.3
-3.0 0.39999999999997726 1.4000000000000001
-3.0 0.39999999999997726 1.5
-3.0 0.39999999999997726 1.6
-3.0 0.39999999999997726 1.7000000000000002
-3.0 0.39999999999997726 1.8
-3.0 0.39999999999997726 1.9000000000000001
-3.0 0.39999999999997726 2.0
-3.0 0.39999999999997726 2.1
-3.0 0.39999999999997726 2.2
-3.0 0.39999999999997726 2.3000000000000003
-3.0 0.39999999999997726 2.4000000000000004
-3.0 0.39999999999997726 2.5
-3.0 0.4999999999999769 0.0
-3.0 0.4999999999999769 0.1
-3.0 0.4999999999999769 0.2
-3.0 0.4999999999999769 0.30000000000000004
-3.0 0.4999999999999769 0.4
-3.0 0.4999999999999769 0.5
-3.0 0.4999999999999769 0.6000000000000001
-3.0 0.4999999999999769 0.7000000000000001
-3.0 0.4999999999999769 0.8
-3.0 0.4999999999999769 0.9
-3.0 0.4999999999999769 1.0
-3.0 0.4999999999999769 1.1
-3.0 0.4999999999999769 1.2000000000000002
-3.0 0.4999999999999769 1.3
-3.0 0.4999999999999769 1.4000000000000001
-3.0 0.4999999999999769 1.5
-3.0 0.4999999999999769 1.6
-3.0 0.4999999999999769 1.7000000000000002
-3.0 0.4999999999999769 1.8
-3.0 0.4999999999999769 1.9000000000000001
-3.0 0.4999999999999769 2.0
-3.0 0.4999999999999769 2.1
-3.0 0.4999999999999769 2.2
-3.0 0.4999999999999769 2.3000000000000003
-3.0 0.4999999999999769 2.4000000000000004
-3.0 0.4999999999999769 2.5
-3.0 0.5999999999999766 0.0
-3.0 0.5999999999999766 0.1
-3.0 0.5999999999999766 0.2
-3.0 0.5999999999999766 0.30000000000000004
-3.0 0.5999999999999766 0.4
-3.0 0.5999999999999766 0.5
-3.0 0.5999999999999766 0.6000000000000001
-3.0 0.5999999999999766 0.7000000000000001
-3.0 0.5999999999999766 0.8
-3.0 0.5999999999999766 0.9
-3.0 0.5999999999999766 1.0
-3.0 0.5999999999999766 1.1
-3.0 0.5999999999999766 1.2000000000000002
-3.0 0.5999999999999766 1.3
-3.0 0.5999999999999766 1.4000000000000001
-3.0 0.5999999999999766 1.5
-3.0 0.5999999999999766 1.6
-3.0 0.5999999999999766 1.7000000000000002
-3.0 0.5999999999999766 1.8
-3.0 0.5999999999999766 1.9000000000000001
-3.0 0.5999999999999766 2.0
-3.0 0.5999999999999766 2.1
-3.0 0.5999999999999766 2.2
-3.0 0.5999999999999766 2.3000000000000003
-3.0 0.5999999999999766 2.4000000000000004
-3.0 0.5999999999999766 2.5
-3.0 0.6999999999999762 0.0
-3.0 0.6999999999999762 0.1
-3.0 0.6999999999999762 0.2
-3.0 0.6999999999999762 0.30000000000000004
-3.0 0.6999999999999762 0.4
-3.0 0.6999999999999762 0.5
-3.0 0.6999999999999762 0.6000000000000001
-3.0 0.6999999999999762 0.7000000000000001
-3.0 0.6999999999999762 0.8
-3.0 0.6999999999999762 0.9
-3.0 0.6999999999999762 1.0
-3.0 0.6999999999999762 1.1
-3.0 0.6999999999999762 1.2000000000000002
-3.0 0.6999999999999762 1.3
-3.0 0.6999999999999762 1.4000000000000001
-3.0 0.6999999999999762 1.5
-3.0 0.6999999999999762 1.6
-3.0 0.6999999999999762 1.7000000000000002
-3.0 0.6999999999999762 1.8
-3.0 0.6999999999999762 1.9000000000000001
-3.0 0.6999999999999762 2.0
-3.0 0.6999999999999762 2.1
-3.0 0.6999999999999762 2.2
-3.0 0.6999999999999762 2.3000000000000003
-3.0 0.6999999999999762 2.4000000000000004
-3.0 0.6999999999999762 2.5
-3.0 0.7999999999999758 0.0
-3.0 0.7999999999999758 0.1
-3.0 0.7999999999999758 0.2
-3.0 0.7999999999999758 0.30000000000000004
-3.0 0.7999999999999758 0.4
-3.0 0.7999999999999758 0.5
-3.0 0.7999999999999758 0.6000000000000001
-3.0 0.7999999999999758 0.7000000000000001
-3.0 0.7999999999999758 0.8
-3.0 0.7999999999999758 0.9
-3.0 0.7999999999999758 1.0
-3.0 0.7999999999999758 1.1
-3.0 0.7999999999999758 1.2000000000000002
-3.0 0.7999999999999758 1.3
-3.0 0.7999999999999758 1.4000000000000001
-3.0 0.7999999999999758 1.5
-3.0 0.7999999999999758 1.6
-3.0 0.7999999999999758 1.7000000000000002
-3.0 0.7999999999999758 1.8
-3.0 0.7999999999999758 1.9000000000000001
-3.0 0.7999999999999758 2.0
-3.0 0.7999999999999758 2.1
-3.0 0.7999999999999758 2.2
-3.0 0.7999999999999758 2.3000000000000003
-3.0 0.7999999999999758 2.4000000000000004
-3.0 0.7999999999999758 2.5
-3.0 0.8999999999999755 0.0
-3.0 0.8999999999999755 0.1
-3.0 0.8999999999999755 0.2
-3.0 0.8999999999999755 0.30000000000000004
-3.0 0.8999999999999755 0.4
-3.0 0.8999999999999755 0.5
-3.0 0.8999999999999755 0.6000000000000001
-3.0 0.8999999999999755 0.7000000000000001
-3.0 0.8999999999999755 0.8
-3.0 0.8999999999999755 0.9
-3.0 0.8999999999999755 1.0
-3.0 0.8999999999999755 1.1
-3.0 0.8999999999999755 1.2000000000000002
-3.0 0.8999999999999755 1.3
-3.0 0.8999999999999755 1.4000000000000001
-3.0 0.8999999999999755 1.5
-3.0 0.8999999999999755 1.6
-3.0 0.8999999999999755 1.7000000000000002
-3.0 0.8999999999999755 1.8
-3.0 0.8999999999999755 1.9000000000000001
-3.0 0.8999999999999755 2.0
-3.0 0.8999999999999755 2.1
-3.0 0.8999999999999755 2.2
-3.0 0.8999999999999755 2.3000000000000003
-3.0 0.8999999999999755 2.4000000000000004
-3.0 0.8999999999999755 2.5
-3.0 0.9999999999999751 0.0
-3.0 0.9999999999999751 0.1
-3.0 0.9999999999999751 0.2
-3.0 0.9999999999999751 0.30000000000000004
-3.0 0.9999999999999751 0.4
-3.0 0.9999999999999751 0.5
-3.0 0.9999999999999751 0.6000000000000001
-3.0 0.9999999999999751 0.7000000000000001
-3.0 0.9999999999999751 0.8
-3.0 0.9999999999999751 0.9
-3.0 0.9999999999999751 1.0
-3.0 0.9999999999999751 1.1
-3.0 0.9999999999999751 1.2000000000000002
-3.0 0.9999999999999751 1.3
-3.0 0.9999999999999751 1.4000000000000001
-3.0 0.9999999999999751 1.5
-3.0 0.9999999999999751 1.6
-3.0 0.9999999999999751 1.7000000000000002
-3.0 0.9999999999999751 1.8
-3.0 0.9999999999999751 1.9000000000000001
-3.0 0.9999999999999751 2.0
-3.0 0.9999999999999751 2.1
-3.0 0.9999999999999751 2.2
-3.0 0.9999999999999751 2.3000000000000003
-3.0 0.9999999999999751 2.4000000000000004
-3.0 0.9999999999999751 2.5
-3.0 1.0999999999999748 0.0
-3.0 1.0999999999999748 0.1
-3.0 1.0999999999999748 0.2
-3.0 1.0999999999999748 0.30000000000000004
-3.0 1.0999999999999748 0.4
-3.0 1.0999999999999748 0.5
-3.0 1.0999999999999748 0.6000000000000001
-3.0 1.0999999999999748 0.7000000000000001
-3.0 1.0999999999999748 0.8
-3.0 1.0999999999999748 0.9
-3.0 1.0999999999999748 1.0
-3.0 1.0999999999999748 1.1
-3.0 1.0999999999999748 1.2000000000000002
-3.0 1.0999999999999748 1.3
-3.0 1.0999999999999748 1.4000000000000001
-3.0 1.0999999999999748 1.5
-3.0 1.0999999999999748 1.6
-3.0 1.0999999999999748 1.7000000000000002
-3.0 1.0999999999999748 1.8
-3.0 1.0999999999999748 1.9000000000000001
-3.0 1.0999999999999748 2.0
-3.0 1.0999999999999748 2.1
-3.0 1.0999999999999748 2.2
-3.0 1.0999999999999748 2.3000000000000003
-3.0 1.0999999999999748 2.4000000000000004
-3.0 1.0999999999999748 2.5
-3.0 1.1999999999999744 0.0
-3.0 1.1999999999999744 0.1
-3.0 1.1999999999999744 0.2
-3.0 1.1999999999999744 0.30000000000000004
-3.0 1.1999999999999744 0.4
-3.0 1.1999999999999744 0.5
-3.0 1.1999999999999744 0.6000000000000001
-3.0 1.1999999999999744 0.7000000000000001
-3.0 1.1999999999999744 0.8
-3.0 1.1999999999999744 0.9
-3.0 1.1999999999999744 1.0
-3.0 1.1999999999999744 1.1
-3.0 1.1999999999999744 1.2000000000000002
-3.0 1.1999999999999744 1.3
-3.0 1.1999999999999744 1.4000000000000001
-3.0 1.1999999999999744 1.5
-3.0 1.1999999999999744 1.6
-3.0 1.1999999999999744 1.7000000000000002
-3.0 1.1999999999999744 1.8
-3.0 1.1999999999999744 1.9000000000000001
-3.0 1.1999999999999744 2.0
-3.0 1.1999999999999744 2.1
-3.0 1.1999999999999744 2.2
-3.0 1.1999999999999744 2.3000000000000003
-3.0 1.1999999999999744 2.4000000000000004
-3.0 1.1999999999999744 2.5
-3.0 1.299999999999974 0.0
-3.0 1.299999999999974 0.1
-3.0 1.299999999999974 0.2
-3.0 1.299999999999974 0.30000000000000004
-3.0 1.299999999999974 0.4
-3.0 1.299999999999974 0.5
-3.0 1.299999999999974 0.6000000000000001
-3.0 1.299999999999974 0.7000000000000001
-3.0 1.299999999999974 0.8
-3.0 1.299999999999974 0.9
-3.0 1.299999999999974 1.0
-3.0 1.299999999999974 1.1
-3.0 1.299999999999974 1.2000000000000002
-3.0 1.299999999999974 1.3
-3.0 1.299999999999974 1.4000000000000001
-3.0 1.299999999999974 1.5
-3.0 1.299999999999974 1.6
-3.0 1.299999999999974 1.7000000000000002
-3.0 1.299999999999974 1.8
-3.0 1.299999999999974 1.9000000000000001
-3.0 1.299999999999974 2.0
-3.0 1.299999999999974 2.1
-3.0 1.299999999999974 2.2
-3.0 1.299999999999974 2.3000000000000003
-3.0 1.299999999999974 2.4000000000000004
-3.0 1.299999999999974 2.5
-3.0 1.3999999999999737 0.0
-3.0 1.3999999999999737 0.1
-3.0 1.3999999999999737 0.2
-3.0 1.3999999999999737 0.30000000000000004
-3.0 1.3999999999999737 0.4
-3.0 1.3999999999999737 0.5
-3.0 1.3999999999999737 0.6000000000000001
-3.0 1.3999999999999737 0.7000000000000001
-3.0 1.3999999999999737 0.8
-3.0 1.3999999999999737 0.9
-3.0 1.3999999999999737 1.0
-3.0 1.3999999999999737 1.1
-3.0 1.3999999999999737 1.2000000000000002
-3.0 1.3999999999999737 1.3
-3.0 1.3999999999999737 1.4000000000000001
-3.0 1.3999999999999737 1.5
-3.0 1.3999999999999737 1.6
-3.0 1.3999999999999737 1.7000000000000002
-3.0 1.3999999999999737 1.8
-3.0 1.3999999999999737 1.9000000000000001
-3.0 1.3999999999999737 2.0
-3.0 1.3999999999999737 2.1
-3.0 1.3999999999999737 2.2
-3.0 1.3999999999999737 2.3000000000000003
-3.0 1.3999999999999737 2.4000000000000004
-3.0 1.3999999999999737 2.5
-3.0 1.4999999999999734 0.0
-3.0 1.4999999999999734 0.1
-3.0 1.4999999999999734 0.2
-3.0 1.4999999999999734 0.30000000000000004
-3.0 1.4999999999999734 0.4
-3.0 1.4999999999999734 0.5
-3.0 1.4999999999999734 0.6000000000000001
-3.0 1.4999999999999734 0.7000000000000001
-3.0 1.4999999999999734 0.8
-3.0 1.4999999999999734 0.9
-3.0 1.4999999999999734 1.0
-3.0 1.4999999999999734 1.1
-3.0 1.4999999999999734 1.2000000000000002
-3.0 1.4999999999999734 1.3
-3.0 1.4999999999999734 1.4000000000000001
-3.0 1.4999999999999734 1.5
-3.0 1.4999999999999734 1.6
-3.0 1.4999999999999734 1.7000000000000002
-3.0 1.4999999999999734 1.8
-3.0 1.4999999999999734 1.9000000000000001
-3.0 1.4999999999999734 2.0
-3.0 1.4999999999999734 2.1
-3.0 1.4999999999999734 2.2
-3.0 1.4999999999999734 2.3000000000000003
-3.0 1.4999999999999734 2.4000000000000004
-3.0 1.4999999999999734 2.5
-3.0 1.599999999999973 0.0
-3.0 1.599999999999973 0.1
-3.0 1.599999999999973 0.2
-3.0 1.599999999999973 0.30000000000000004
-3.0 1.599999999999973 0.4
-3.0 1.599999999999973 0.5
-3.0 1.599999999999973 0.6000000000000001
-3.0 1.599999999999973 0.7000000000000001
-3.0 1.599999999999973 0.8
-3.0 1.599999999999973 0.9
-3.0 1.599999999999973 1.0
-3.0 1.599999999999973 1.1
-3.0 1.599999999999973 1.2000000000000002
-3.0 1.599999999999973 1.3
-3.0 1.599999999999973 1.4000000000000001
-3.0 1.599999999999973 1.5
-3.0 1.599999999999973 1.6
-3.0 1.599999999999973 1.7000000000000002
-3.0 1.599999999999973 1.8
-3.0 1.599999999999973 1.9000000000000001
-3.0 1.599999999999973 2.0
-3.0 1.599999999999973 2.1
-3.0 1.599999999999973 2.2
-3.0 1.599999999999973 2.3000000000000003
-3.0 1.599999999999973 2.4000000000000004
-3.0 1.599999999999973 2.5
-3.0 1.6999999999999726 0.0
-3.0 1.6999999999999726 0.1
-3.0 1.6999999999999726 0.2
-3.0 1.6999999999999726 0.30000000000000004
-3.0 1.6999999999999726 0.4
-3.0 1.6999999999999726 0.5
-3.0 1.6999999999999726 0.6000000000000001
-3.0 1.6999999999999726 0.7000000000000001
-3.0 1.6999999999999726 0.8
-3.0 1.6999999999999726 0.9
-3.0 1.6999999999999726 1.0
-3.0 1.6999999999999726 1.1
-3.0 1.6999999999999726 1.2000000000000002
-3.0 1.6999999999999726 1.3
-3.0 1.6999999999999726 1.4000000000000001
-3.0 1.6999999999999726 1.5
-3.0 1.6999999999999726 1.6
-3.0 1.6999999999999726 1.7000000000000002
-3.0 1.6999999999999726 1.8
-3.0 1.6999999999999726 1.9000000000000001
-3.0 1.6999999999999726 2.0
-3.0 1.6999999999999726 2.1
-3.0 1.6999999999999726 2.2
-3.0 1.6999999999999726 2.3000000000000003
-3.0 1.6999999999999726 2.4000000000000004
-3.0 1.6999999999999726 2.5
-3.0 1.7999999999999723 0.0
-3.0 1.7999999999999723 0.1
-3.0 1.7999999999999723 0.2
-3.0 1.7999999999999723 0.30000000000000004
-3.0 1.7999999999999723 0.4
-3.0 1.7999999999999723 0.5
-3.0 1.7999999999999723 0.6000000000000001
-3.0 1.7999999999999723 0.7000000000000001
-3.0 1.7999999999999723 0.8
-3.0 1.7999999999999723 0.9
-3.0 1.7999999999999723 1.0
-3.0 1.7999999999999723 1.1
-3.0 1.7999999999999723 1.2000000000000002
-3.0 1.7999999999999723 1.3
-3.0 1.7999999999999723 1.4000000000000001
-3.0 1.7999999999999723 1.5
-3.0 1.7999999999999723 1.6
-3.0 1.7999999999999723 1.7000000000000002
-3.0 1.7999999999999723 1.8
-3.0 1.7999999999999723 1.9000000000000001
-3.0 1.7999999999999723 2.0
-3.0 1.7999999999999723 2.1
-3.0 1.7999999999999723 2.2
-3.0 1.7999999999999723 2.3000000000000003
-3.0 1.7999999999999723 2.4000000000000004
-3.0 1.7999999999999723 2.5
-3.0 1.899999999999972 0.0
-3.0 1.899999999999972 0.1
-3.0 1.899999999999972 0.2
-3.0 1.899999999999972 0.30000000000000004
-3.0 1.899999999999972 0.4
-3.0 1.899999999999972 0.5
-3.0 1.899999999999972 0.6000000000000001
-3.0 1.899999999999972 0.7000000000000001
-3.0 1.899999999999972 0.8
-3.0 1.899999999999972 0.9
-3.0 1.899999999999972 1.0
-3.0 1.899999999999972 1.1
-3.0 1.899999999999972 1.2000000000000002
-3.0 1.899999999999972 1.3
-3.0 1.899999999999972 1.4000000000000001
-3.0 1.899999999999972 1.5
-3.0 1.899999999999972 1.6
-3.0 1.899999999999972 1.7000000000000002
-3.0 1.899999999999972 1.8
-3.0 1.899999999999972 1.9000000000000001
-3.0 1.899999999999972 2.0
-3.0 1.899999999999972 2.1
-3.0 1.899999999999972 2.2
-3.0 1.899999999999972 2.3000000000000003
-3.0 1.899999999999972 2.4000000000000004
-3.0 1.899999999999972 2.5
-3.0 1.9999999999999716 0.0
-3.0 1.9999999999999716 0.1
-3.0 1.9999999999999716 0.2
-3.0 1.9999999999999716 0.30000000000000004
-3.0 1.9999999999999716 0.4
-3.0 1.9999999999999716 0.5
-3.0 1.9999999999999716 0.6000000000000001
-3.0 1.9999999999999716 0.7000000000000001
-3.0 1.9999999999999716 0.8
-3.0 1.9999999999999716 0.9
-3.0 1.9999999999999716 1.0
-3.0 1.9999999999999716 1.1
-3.0 1.9999999999999716 1.2000000000000002
-3.0 1.9999999999999716 1.3
-3.0 1.9999999999999716 1.4000000000000001
-3.0 1.9999999999999716 1.5
-3.0 1.9999999999999716 1.6
-3.0 1.9999999999999716 1.7000000000000002
-3.0 1.9999999999999716 1.8
-3.0 1.9999999999999716 1.9000000000000001
-3.0 1.9999999999999716 2.0
-3.0 1.9999999999999716 2.1
-3.0 1.9999999999999716 2.2
-3.0 1.9999999999999716 2.3000000000000003
-3.0 1.9999999999999716 2.4000000000000004
-3.0 1.9999999999999716 2.5
-3.0 2.0999999999999712 0.0
-3.0 2.0999999999999712 0.1
-3.0 2.0999999999999712 0.2
-3.0 2.0999999999999712 0.30000000000000004
-3.0 2.0999999999999712 0.4
-3.0 2.0999999999999712 0.5
-3.0 2.0999999999999712 0.6000000000000001
-3.0 2.0999999999999712 0.7000000000000001
-3.0 2.0999999999999712 0.8
-3.0 2.0999999999999712 0.9
-3.0 2.0999999999999712 1.0
-3.0 2.0999999999999712 1.1
-3.0 2.0999999999999712 1.2000000000000002
-3.0 2.0999999999999712 1.3
-3.0 2.0999999999999712 1.4000000000000001
-3.0 2.0999999999999712 1.5
-3.0 2.0999999999999712 1.6
-3.0 2.0999999999999712 1.7000000000000002
-3.0 2.0999999999999712 1.8
-3.0 2.0999999999999712 1.9000000000000001
-3.0 2.0999999999999712 2.0
-3.0 2.0999999999999712 2.1
-3.0 2.0999999999999712 2.2
-3.0 2.0999999999999712 2.3000000000000003
-3.0 2.0999999999999712 2.4000000000000004
-3.0 2.0999999999999712 2.5
-3.0 2.199999999999971 0.0
-3.0 2.199999999999971 0.1
-3.0 2.199999999999971 0.2
-3.0 2.199999999999971 0.30000000000000004
-3.0 2.199999999999971 0.4
-3.0 2.199999999999971 0.5
-3.0 2.199999999999971 0.6000000000000001
-3.0 2.199999999999971 0.7000000000000001
-3.0 2.199999999999971 0.8
-3.0 2.199999999999971 0.9
-3.0 2.199999999999971 1.0
-3.0 2.199999999999971 1.1
-3.0 2.199999999999971 1.2000000000000002
-3.0 2.199999999999971 1.3
-3.0 2.199999999999971 1.4000000000000001
-3.0 2.199999999999971 1.5
-3.0 2.199999999999971 1.6
-3.0 2.199999999999971 1.7000000000000002
-3.0 2.199999999999971 1.8
-3.0 2.199999999999971 1.9000000000000001
-3.0 2.199999999999971 2.0
-3.0 2.199999999999971 2.1
-3.0 2.199999999999971 2.2
-3.0 2.199999999999971 2.3000000000000003
-3.0 2.199999999999971 2.4000000000000004
-3.0 2.199999999999971 2.5
-3.0 2.2999999999999705 0.0
-3.0 2.2999999999999705 0.1
-3.0 2.2999999999999705 0.2
-3.0 2.2999999999999705 0.30000000000000004
-3.0 2.2999999999999705 0.4
-3.0 2.2999999999999705 0.5
-3.0 2.2999999999999705 0.6000000000000001
-3.0 2.2999999999999705 0.7000000000000001
-3.0 2.2999999999999705 0.8
-3.0 2.2999999999999705 0.9
-3.0 2.2999999999999705 1.0
-3.0 2.2999999999999705 1.1
-3.0 2.2999999999999705 1.2000000000000002
-3.0 2.2999999999999705 1.3
-3.0 2.2999999999999705 1.4000000000000001
-3.0 2.2999999999999705 1.5
-3.0 2.2999999999999705 1.6
-3.0 2.2999999999999705 1.7000000000000002
-3.0 2.2999999999999705 1.8
-3.0 2.2999999999999705 1.9000000000000001
-3.0 2.2999999999999705 2.0
-3.0 2.2999999999999705 2.1
-3.0 2.2999999999999705 2.2
-3.0 2.2999999999999705 2.3000000000000003
-3.0 2.2999999999999705 2.4000000000000004
-3.0 2.2999999999999705 2.5
-3.0 2.39999999999997 0.0
-3.0 2.39999999999997 0.1
-3.0 2.39999999999997 0.2
-3.0 2.39999999999997 0.30000000000000004
-3.0 2.39999999999997 0.4
-3.0 2.39999999999997 0.5
-3.0 2.39999999999997 0.6000000000000001
-3.0 2.39999999999997 0.7000000000000001
-3.0 2.39999999999997 0.8
-3.0 2.39999999999997 0.9
-3.0 2.39999999999997 1.0
-3.0 2.39999999999997 1.1
-3.0 2.39999999999997 1.2000000000000002
-3.0 2.39999999999997 1.3
-3.0 2.39999999999997 1.4000000000000001
-3.0 2.39999999999997 1.5
-3.0 2.39999999999997 1.6
-3.0 2.39999999999997 1.7000000000000002
-3.0 2.39999999999997 1.8
-3.0 2.39999999999997 1.9000000000000001
-3.0 2.39999999999997 2.0
-3.0 2.39999999999997 2.1
-3.0 2.39999999999997 2.2
-3.0 2.39999999999997 2.3000000000000003
-3.0 2.39999999999997 2.4000000000000004
-3.0 2.39999999999997 2.5
-3.0 2.49999999999997 0.0
-3.0 2.49999999999997 0.1
-3.0 2.49999999999997 0.2
-3.0 2.49999999999997 0.30000000000000004
-3.0 2.49999999999997 0.4
-3.0 2.49999999999997 0.5
-3.0 2.49999999999997 0.6000000000000001
-3.0 2.49999999999997 0.7000000000000001
-3.0 2.49999999999997 0.8
-3.0 2.49999999999997 0.9
-3.0 2.49999999999997 1.0
-3.0 2.49999999999997 1.1
-3.0 2.49999999999997 1.2000000000000002
-3.0 2.49999999999997 1.3
-3.0 2.49999999999997 1.4000000000000001
-3.0 2.49999999999997 1.5
-3.0 2.49999999999997 1.6
-3.0 2.49999999999997 1.7000000000000002
-3.0 2.49999999999997 1.8
-3.0 2.49999999999997 1.9000000000000001
-3.0 2.49999999999997 2.0
-3.0 2.49999999999997 2.1
-3.0 2.49999999999997 2.2
-3.0 2.49999999999997 2.3000000000000003
-3.0 2.49999999999997 2.4000000000000004
-3.0 2.49999999999997 2.5
-3.0 2.5999999999999694 0.0
-3.0 2.5999999999999694 0.1
-3.0 2.5999999999999694 0.2
-3.0 2.5999999999999694 0.30000000000000004
-3.0 2.5999999999999694 0.4
-3.0 2.5999999999999694 0.5
-3.0 2.5999999999999694 0.6000000000000001
-3.0 2.5999999999999694 0.7000000000000001
-3.0 2.5999999999999694 0.8
-3.0 2.5999999999999694 0.9
-3.0 2.5999999999999694 1.0
-3.0 2.5999999999999694 1.1
-3.0 2.5999999999999694 1.2000000000000002
-3.0 2.5999999999999694 1.3
-3.0 2.5999999999999694 1.4000000000000001
-3.0 2.5999999999999694 1.5
-3.0 2.5999999999999694 1.6
-3.0 2.5999999999999694 1.7000000000000002
-3.0 2.5999999999999694 1.8
-3.0 2.5999999999999694 1.9000000000000001
-3.0 2.5999999999999694 2.0
-3.0 2.5999999999999694 2.1
-3.0 2.5999999999999694 2.2
-3.0 2.5999999999999694 2.3000000000000003
-3.0 2.5999999999999694 2.4000000000000004
-3.0 2.5999999999999694 2.5
-3.0 2.699999999999969 0.0
-3.0 2.699999999999969 0.1
-3.0 2.699999999999969 0.2
-3.0 2.699999999999969 0.30000000000000004
-3.0 2.699999999999969 0.4
-3.0 2.699999999999969 0.5
-3.0 2.699999999999969 0.6000000000000001
-3.0 2.699999999999969 0.7000000000000001
-3.0 2.699999999999969 0.8
-3.0 2.699999999999969 0.9
-3.0 2.699999999999969 1.0
-3.0 2.699999999999969 1.1
-3.0 2.699999999999969 1.2000000000000002
-3.0 2.699999999999969 1.3
-3.0 2.699999999999969 1.4000000000000001
-3.0 2.699999999999969 1.5
-3.0 2.699999999999969 1.6
-3.0 2.699999999999969 1.7000000000000002
-3.0 2.699999999999969 1.8
-3.0 2.699999999999969 1.9000000000000001
-3.0 2.699999999999969 2.0
-3.0 2.699999999999969 2.1
-3.0 2.699999999999969 2.2
-3.0 2.699999999999969 2.3000000000000003
-3.0 2.699999999999969 2.4000000000000004
-3.0 2.699999999999969 2.5
-3.0 2.7999999999999687 0.0
-3.0 2.7999999999999687 0.1
-3.0 2.7999999999999687 0.2
-3.0 2.7999999999999687 0.30000000000000004
-3.0 2.7999999999999687 0.4
-3.0 2.7999999999999687 0.5
-3.0 2.7999999999999687 0.6000000000000001
-3.0 2.7999999999999687 0.7000000000000001
-3.0 2.7999999999999687 0.8
-3.0 2.7999999999999687 0.9
-3.0 2.7999999999999687 1.0
-3.0 2.7999999999999687 1.1
-3.0 2.7999999999999687 1.2000000000000002
-3.0 2.7999999999999687 1.3
-3.0 2.7999999999999687 1.4000000000000001
-3.0 2.7999999999999687 1.5
-3.0 2.7999999999999687 1.6
-3.0 2.7999999999999687 1.7000000000000002
-3.0 2.7999999999999687 1.8
-3.0 2.7999999999999687 1.9000000000000001
-3.0 2.7999999999999687 2.0
-3.0 2.7999999999999687 2.1
-3.0 2.7999999999999687 2.2
-3.0 2.7999999999999687 2.3000000000000003
-3.0 2.7999999999999687 2.4000000000000004
-3.0 2.7999999999999687 2.5
-3.0 2.8999999999999684 0.0
-3.0 2.8999999999999684 0.1
-3.0 2.8999999999999684 0.2
-3.0 2.8999999999999684 0.30000000000000004
-3.0 2.8999999999999684 0.4
-3.0 2.8999999999999684 0.5
-3.0 2.8999999999999684 0.6000000000000001
-3.0 2.8999999999999684 0.7000000000000001
-3.0 2.8999999999999684 0.8
-3.0 2.8999999999999684 0.9
-3.0 2.8999999999999684 1.0
-3.0 2.8999999999999684 1.1
-3.0 2.8999999999999684 1.2000000000000002
-3.0 2.8999999999999684 1.3
-3.0 2.8999999999999684 1.4000000000000001
-3.0 2.8999999999999684 1.5
-3.0 2.8999999999999684 1.6
-3.0 2.8999999999999684 1.7000000000000002
-3.0 2.8999999999999684 1.8
-3.0 2.8999999999999684 1.9000000000000001
-3.0 2.8999999999999684 2.0
-3.0 2.8999999999999684 2.1
-3.0 2.8999999999999684 2.2
-3.0 2.8999999999999684 2.3000000000000003
-3.0 2.8999999999999684 2.4000000000000004
-3.0 2.8999999999999684 2.5
-3.0 2.999999999999968 0.0
-3.0 2.999999999999968 0.1
-3.0 2.999999999999968 0.2
-3.0 2.999999999999968 0.30000000000000004
-3.0 2.999999999999968 0.4
-3.0 2.999999999999968 0.5
-3.0 2.999999999999968 0.6000000000000001
-3.0 2.999999999999968 0.7000000000000001
-3.0 2.999999999999968 0.8
-3.0 2.999999999999968 0.9
-3.0 2.999999999999968 1.0
-3.0 2.999999999999968 1.1
-3.0 2.999999999999968 1.2000000000000002
-3.0 2.999999999999968 1.3
-3.0 2.999999999999968 1.4000000000000001
-3.0 2.999999999999968 1.5
-3.0 2.999999999999968 1.6
-3.0 2.999999999999968 1.7000000000000002
-3.0 2.999999999999968 1.8
-3.0 2.999999999999968 1.9000000000000001
-3.0 2.999999999999968 2.0
-3.0 2.999999999999968 2.1
-3.0 2.999999999999968 2.2
-3.0 2.999999999999968 2.3000000000000003
-3.0 2.999999999999968 2.4000000000000004
-3.0 2.999999999999968 2.5
-3.0 3.0999999999999677 0.0
-3.0 3.0999999999999677 0.1
-3.0 3.0999999999999677 0.2
-3.0 3.0999999999999677 0.30000000000000004
-3.0 3.0999999999999677 0.4
-3.0 3.0999999999999677 0.5
-3.0 3.0999999999999677 0.6000000000000001
-3.0 3.0999999999999677 0.7000000000000001
-3.0 3.0999999999999677 0.8
-3.0 3.0999999999999677 0.9
-3.0 3.0999999999999677 1.0
-3.0 3.0999999999999677 1.1
-3.0 3.0999999999999677 1.2000000000000002
-3.0 3.0999999999999677 1.3
-3.0 3.0999999999999677 1.4000000000000001
-3.0 3.0999999999999677 1.5
-3.0 3.0999999999999677 1.6
-3.0 3.0999999999999677 1.7000000000000002
-3.0 3.0999999999999677 1.8
-3.0 3.0999999999999677 1.9000000000000001
-3.0 3.0999999999999677 2.0
-3.0 3.0999999999999677 2.1
-3.0 3.0999999999999677 2.2
-3.0 3.0999999999999677 2.3000000000000003
-3.0 3.0999999999999677 2.4000000000000004
-3.0 3.0999999999999677 2.5
-3.0 3.1999999999999673 0.0
-3.0 3.1999999999999673 0.1
-3.0 3.1999999999999673 0.2
-3.0 3.1999999999999673 0.30000000000000004
-3.0 3.1999999999999673 0.4
-3.0 3.1999999999999673 0.5
-3.0 3.1999999999999673 0.6000000000000001
-3.0 3.1999999999999673 0.7000000000000001
-3.0 3.1999999999999673 0.8
-3.0 3.1999999999999673 0.9
-3.0 3.1999999999999673 1.0
-3.0 3.1999999999999673 1.1
-3.0 3.1999999999999673 1.2000000000000002
-3.0 3.1999999999999673 1.3
-3.0 3.1999999999999673 1.4000000000000001
-3.0 3.1999999999999673 1.5
-3.0 3.1999999999999673 1.6
-3.0 3.1999999999999673 1.7000000000000002
-3.0 3.1999999999999673 1.8
-3.0 3.1999999999999673 1.9000000000000001
-3.0 3.1999999999999673 2.0
-3.0 3.1999999999999673 2.1
-3.0 3.1999999999999673 2.2
-3.0 3.1999999999999673 2.3000000000000003
-3.0 3.1999999999999673 2.4000000000000004
-3.0 3.1999999999999673 2.5
-3.0 3.299999999999967 0.0
-3.0 3.299999999999967 0.1
-3.0 3.299999999999967 0.2
-3.0 3.299999999999967 0.30000000000000004
-3.0 3.299999999999967 0.4
-3.0 3.299999999999967 0.5
-3.0 3.299999999999967 0.6000000000000001
-3.0 3.299999999999967 0.7000000000000001
-3.0 3.299999999999967 0.8
-3.0 3.299999999999967 0.9
-3.0 3.299999999999967 1.0
-3.0 3.299999999999967 1.1
-3.0 3.299999999999967 1.2000000000000002
-3.0 3.299999999999967 1.3
-3.0 3.299999999999967 1.4000000000000001
-3.0 3.299999999999967 1.5
-3.0 3.299999999999967 1.6
-3.0 3.299999999999967 1.7000000000000002
-3.0 3.299999999999967 1.8
-3.0 3.299999999999967 1.9000000000000001
-3.0 3.299999999999967 2.0
-3.0 3.299999999999967 2.1
-3.0 3.299999999999967 2.2
-3.0 3.299999999999967 2.3000000000000003
-3.0 3.299999999999967 2.4000000000000004
-3.0 3.299999999999967 2.5
-3.0 3.3999999999999666 0.0
-3.0 3.3999999999999666 0.1
-3.0 3.3999999999999666 0.2
-3.0 3.3999999999999666 0.30000000000000004
-3.0 3.3999999999999666 0.4
-3.0 3.3999999999999666 0.5
-3.0 3.3999999999999666 0.6000000000000001
-3.0 3.3999999999999666 0.7000000000000001
-3.0 3.3999999999999666 0.8
-3.0 3.3999999999999666 0.9
-3.0 3.3999999999999666 1.0
-3.0 3.3999999999999666 1.1
-3.0 3.3999999999999666 1.2000000000000002
-3.0 3.3999999999999666 1.3
-3.0 3.3999999999999666 1.4000000000000001
-3.0 3.3999999999999666 1.5
-3.0 3.3999999999999666 1.6
-3.0 3.3999999999999666 1.7000000000000002
-3.0 3.3999999999999666 1.8
-3.0 3.3999999999999666 1.9000000000000001
-3.0 3.3999999999999666 2.0
-3.0 3.3999999999999666 2.1
-3.0 3.3999999999999666 2.2
-3.0 3.3999999999999666 2.3000000000000003
-3.0 3.3999999999999666 2.4000000000000004
-3.0 3.3999999999999666 2.5
-3.0 3.4999999999999662 0.0
-3.0 3.4999999999999662 0.1
-3.0 3.4999999999999662 0.2
-3.0 3.4999999999999662 0.30000000000000004
-3.0 3.4999999999999662 0.4
-3.0 3.4999999999999662 0.5
-3.0 3.4999999999999662 0.6000000000000001
-3.0 3.4999999999999662 0.7000000000000001
-3.0 3.4999999999999662 0.8
-3.0 3.4999999999999662 0.9
-3.0 3.4999999999999662 1.0
-3.0 3.4999999999999662 1.1
-3.0 3.4999999999999662 1.2000000000000002
-3.0 3.4999999999999662 1.3
-3.0 3.4999999999999662 1.4000000000000001
-3.0 3.4999999999999662 1.5
-3.0 3.4999999999999662 1.6
-3.0 3.4999999999999662 1.7000000000000002
-3.0 3.4999999999999662 1.8
-3.0 3.4999999999999662 1.9000000000000001
-3.0 3.4999999999999662 2.0
-3.0 3.4999999999999662 2.1
-3.0 3.4999999999999662 2.2
-3.0 3.4999999999999662 2.3000000000000003
-3.0 3.4999999999999662 2.4000000000000004
-3.0 3.4999999999999662 2.5
-3.0 3.599999999999966 0.0
-3.0 3.599999999999966 0.1
-3.0 3.599999999999966 0.2
-3.0 3.599999999999966 0.30000000000000004
-3.0 3.599999999999966 0.4
-3.0 3.599999999999966 0.5
-3.0 3.599999999999966 0.6000000000000001
-3.0 3.599999999999966 0.7000000000000001
-3.0 3.599999999999966 0.8
-3.0 3.599999999999966 0.9
-3.0 3.599999999999966 1.0
-3.0 3.599999999999966 1.1
-3.0 3.599999999999966 1.2000000000000002
-3.0 3.599999999999966 1.3
-3.0 3.599999999999966 1.4000000000000001
-3.0 3.599999999999966 1.5
-3.0 3.599999999999966 1.6
-3.0 3.599999999999966 1.7000000000000002
-3.0 3.599999999999966 1.8
-3.0 3.599999999999966 1.9000000000000001
-3.0 3.599999999999966 2.0
-3.0 3.599999999999966 2.1
-3.0 3.599999999999966 2.2
-3.0 3.599999999999966 2.3000000000000003
-3.0 3.599999999999966 2.4000000000000004
-3.0 3.599999999999966 2.5
-3.0 3.6999999999999655 0.0
-3.0 3.6999999999999655 0.1
-3.0 3.6999999999999655 0.2
-3.0 3.6999999999999655 0.30000000000000004
-3.0 3.6999999999999655 0.4
-3.0 3.6999999999999655 0.5
-3.0 3.6999999999999655 0.6000000000000001
-3.0 3.6999999999999655 0.7000000000000001
-3.0 3.6999999999999655 0.8
-3.0 3.6999999999999655 0.9
-3.0 3.6999999999999655 1.0
-3.0 3.6999999999999655 1.1
-3.0 3.6999999999999655 1.2000000000000002
-3.0 3.6999999999999655 1.3
-3.0 3.6999999999999655 1.4000000000000001
-3.0 3.6999999999999655 1.5
-3.0 3.6999999999999655 1.6
-3.0 3.6999999999999655 1.7000000000000002
-3.0 3.6999999999999655 1.8
-3.0 3.6999999999999655 1.9000000000000001
-3.0 3.6999999999999655 2.0
-3.0 3.6999999999999655 2.1
-3.0 3.6999999999999655 2.2
-3.0 3.6999999999999655 2.3000000000000003
-3.0 3.6999999999999655 2.4000000000000004
-3.0 3.6999999999999655 2.5
-3.0 3.799999999999965 0.0
-3.0 3.799999999999965 0.1
-3.0 3.799999999999965 0.2
-3.0 3.799999999999965 0.30000000000000004
-3.0 3.799999999999965 0.4
-3.0 3.799999999999965 0.5
-3.0 3.799999999999965 0.6000000000000001
-3.0 3.799999999999965 0.7000000000000001
-3.0 3.799999999999965 0.8
-3.0 3.799999999999965 0.9
-3.0 3.799999999999965 1.0
-3.0 3.799999999999965 1.1
-3.0 3.799999999999965 1.2000000000000002
-3.0 3.799999999999965 1.3
-3.0 3.799999999999965 1.4000000000000001
-3.0 3.799999999999965 1.5
-3.0 3.799999999999965 1.6
-3.0 3.799999999999965 1.7000000000000002
-3.0 3.799999999999965 1.8
-3.0 3.799999999999965 1.9000000000000001
-3.0 3.799999999999965 2.0
-3.0 3.799999999999965 2.1
-3.0 3.799999999999965 2.2
-3.0 3.799999999999965 2.3000000000000003
-3.0 3.799999999999965 2.4000000000000004
-3.0 3.799999999999965 2.5
-3.0 3.899999999999965 0.0
-3.0 3.899999999999965 0.1
-3.0 3.899999999999965 0.2
-3.0 3.899999999999965 0.30000000000000004
-3.0 3.899999999999965 0.4
-3.0 3.899999999999965 0.5
-3.0 3.899999999999965 0.6000000000000001
-3.0 3.899999999999965 0.7000000000000001
-3.0 3.899999999999965 0.8
-3.0 3.899999999999965 0.9
-3.0 3.899999999999965 1.0
-3.0 3.899999999999965 1.1
-3.0 3.899999999999965 1.2000000000000002
-3.0 3.899999999999965 1.3
-3.0 3.899999999999965 1.4000000000000001
-3.0 3.899999999999965 1.5
-3.0 3.899999999999965 1.6
-3.0 3.899999999999965 1.7000000000000002
-3.0 3.899999999999965 1.8
-3.0 3.899999999999965 1.9000000000000001
-3.0 3.899999999999965 2.0
-3.0 3.899999999999965 2.1
-3.0 3.899999999999965 2.2
-3.0 3.899999999999965 2.3000000000000003
-3.0 3.899999999999965 2.4000000000000004
-3.0 3.899999999999965 2.5
-3.0 3.9999999999999645 0.0
-3.0 3.9999999999999645 0.1
-3.0 3.9999999999999645 0.2
-3.0 3.9999999999999645 0.30000000000000004
-3.0 3.9999999999999645 0.4
-3.0 3.9999999999999645 0.5
-3.0 3.9999999999999645 0.6000000000000001
-3.0 3.9999999999999645 0.7000000000000001
-3.0 3.9999999999999645 0.8
-3.0 3.9999999999999645 0.9
-3.0 3.9999999999999645 1.0
-3.0 3.9999999999999645 1.1
-3.0 3.9999999999999645 1.2000000000000002
-3.0 3.9999999999999645 1.3
-3.0 3.9999999999999645 1.4000000000000001
-3.0 3.9999999999999645 1.5
-3.0 3.9999999999999645 1.6
-3.0 3.9999999999999645 1.7000000000000002
-3.0 3.9999999999999645 1.8
-3.0 3.9999999999999645 1.9000000000000001
-3.0 3.9999999999999645 2.0
-3.0 3.9999999999999645 2.1
-3.0 3.9999999999999645 2.2
-3.0 3.9999999999999645 2.3000000000000003
-3.0 3.9999999999999645 2.4000000000000004
-3.0 3.9999999999999645 2.5
-3.0 4.099999999999964 0.0
-3.0 4.099999999999964 0.1
-3.0 4.099999999999964 0.2
-3.0 4.099999999999964 0.30000000000000004
-3.0 4.099999999999964 0.4
-3.0 4.099999999999964 0.5
-3.0 4.099999999999964 0.6000000000000001
-3.0 4.099999999999964 0.7000000000000001
-3.0 4.099999999999964 0.8
-3.0 4.099999999999964 0.9
-3.0 4.099999999999964 1.0
-3.0 4.099999999999964 1.1
-3.0 4.099999999999964 1.2000000000000002
-3.0 4.099999999999964 1.3
-3.0 4.099999999999964 1.4000000000000001
-3.0 4.099999999999964 1.5
-3.0 4.099999999999964 1.6
-3.0 4.099999999999964 1.7000000000000002
-3.0 4.099999999999964 1.8
-3.0 4.099999999999964 1.9000000000000001
-3.0 4.099999999999964 2.0
-3.0 4.099999999999964 2.1
-3.0 4.099999999999964 2.2
-3.0 4.099999999999964 2.3000000000000003
-3.0 4.099999999999964 2.4000000000000004
-3.0 4.099999999999964 2.5
-3.0 4.199999999999964 0.0
-3.0 4.199999999999964 0.1
-3.0 4.199999999999964 0.2
-3.0 4.199999999999964 0.30000000000000004
-3.0 4.199999999999964 0.4
-3.0 4.199999999999964 0.5
-3.0 4.199999999999964 0.6000000000000001
-3.0 4.199999999999964 0.7000000000000001
-3.0 4.199999999999964 0.8
-3.0 4.199999999999964 0.9
-3.0 4.199999999999964 1.0
-3.0 4.199999999999964 1.1
-3.0 4.199999999999964 1.2000000000000002
-3.0 4.199999999999964 1.3
-3.0 4.199999999999964 1.4000000000000001
-3.0 4.199999999999964 1.5
-3.0 4.199999999999964 1.6
-3.0 4.199999999999964 1.7000000000000002
-3.0 4.199999999999964 1.8
-3.0 4.199999999999964 1.9000000000000001
-3.0 4.199999999999964 2.0
-3.0 4.199999999999964 2.1
-3.0 4.199999999999964 2.2
-3.0 4.199999999999964 2.3000000000000003
-3.0 4.199999999999964 2.4000000000000004
-3.0 4.199999999999964 2.5
-3.0 4.299999999999963 0.0
-3.0 4.299999999999963 0.1
-3.0 4.299999999999963 0.2
-3.0 4.299999999999963 0.30000000000000004
-3.0 4.299999999999963 0.4
-3.0 4.299999999999963 0.5
-3.0 4.299999999999963 0.6000000000000001
-3.0 4.299999999999963 0.7000000000000001
-3.0 4.299999999999963 0.8
-3.0 4.299999999999963 0.9
-3.0 4.299999999999963 1.0
-3.0 4.299999999999963 1.1
-3.0 4.299999999999963 1.2000000000000002
-3.0 4.299999999999963 1.3
-3.0 4.299999999999963 1.4000000000000001
-3.0 4.299999999999963 1.5
-3.0 4.299999999999963 1.6
-3.0 4.299999999999963 1.7000000000000002
-3.0 4.299999999999963 1.8
-3.0 4.299999999999963 1.9000000000000001
-3.0 4.299999999999963 2.0
-3.0 4.299999999999963 2.1
-3.0 4.299999999999963 2.2
-3.0 4.299999999999963 2.3000000000000003
-3.0 4.299999999999963 2.4000000000000004
-3.0 4.299999999999963 2.5
-3.0 4.399999999999963 0.0
-3.0 4.399999999999963 0.1
-3.0 4.399999999999963 0.2
-3.0 4.399999999999963 0.30000000000000004
-3.0 4.399999999999963 0.4
-3.0 4.399999999999963 0.5
-3.0 4.399999999999963 0.6000000000000001
-3.0 4.399999999999963 0.7000000000000001
-3.0 4.399999999999963 0.8
-3.0 4.399999999999963 0.9
-3.0 4.399999999999963 1.0
-3.0 4.399999999999963 1.1
-3.0 4.399999999999963 1.2000000000000002
-3.0 4.399999999999963 1.3
-3.0 4.399999999999963 1.4000000000000001
-3.0 4.399999999999963 1.5
-3.0 4.399999999999963 1.6
-3.0 4.399999999999963 1.7000000000000002
-3.0 4.399999999999963 1.8
-3.0 4.399999999999963 1.9000000000000001
-3.0 4.399999999999963 2.0
-3.0 4.399999999999963 2.1
-3.0 4.399999999999963 2.2
-3.0 4.399999999999963 2.3000000000000003
-3.0 4.399999999999963 2.4000000000000004
-3.0 4.399999999999963 2.5
-3.0 4.499999999999963 0.0
-3.0 4.499999999999963 0.1
-3.0 4.499999999999963 0.2
-3.0 4.499999999999963 0.30000000000000004
-3.0 4.499999999999963 0.4
-3.0 4.499999999999963 0.5
-3.0 4.499999999999963 0.6000000000000001
-3.0 4.499999999999963 0.7000000000000001
-3.0 4.499999999999963 0.8
-3.0 4.499999999999963 0.9
-3.0 4.499999999999963 1.0
-3.0 4.499999999999963 1.1
-3.0 4.499999999999963 1.2000000000000002
-3.0 4.499999999999963 1.3
-3.0 4.499999999999963 1.4000000000000001
-3.0 4.499999999999963 1.5
-3.0 4.499999999999963 1.6
-3.0 4.499999999999963 1.7000000000000002
-3.0 4.499999999999963 1.8
-3.0 4.499999999999963 1.9000000000000001
-3.0 4.499999999999963 2.0
-3.0 4.499999999999963 2.1
-3.0 4.499999999999963 2.2
-3.0 4.499999999999963 2.3000000000000003
-3.0 4.499999999999963 2.4000000000000004
-3.0 4.499999999999963 2.5
-3.0 4.599999999999962 0.0
-3.0 4.599999999999962 0.1
-3.0 4.599999999999962 0.2
-3.0 4.599999999999962 0.30000000000000004
-3.0 4.599999999999962 0.4
-3.0 4.599999999999962 0.5
-3.0 4.599999999999962 0.6000000000000001
-3.0 4.599999999999962 0.7000000000000001
-3.0 4.599999999999962 0.8
-3.0 4.599999999999962 0.9
-3.0 4.599999999999962 1.0
-3.0 4.599999999999962 1.1
-3.0 4.599999999999962 1.2000000000000002
-3.0 4.599999999999962 1.3
-3.0 4.599999999999962 1.4000000000000001
-3.0 4.599999999999962 1.5
-3.0 4.599999999999962 1.6
-3.0 4.599999999999962 1.7000000000000002
-3.0 4.599999999999962 1.8
-3.0 4.599999999999962 1.9000000000000001
-3.0 4.599999999999962 2.0
-3.0 4.599999999999962 2.1
-3.0 4.599999999999962 2.2
-3.0 4.599999999999962 2.3000000000000003
-3.0 4.599999999999962 2.4000000000000004
-3.0 4.599999999999962 2.5
-3.0 4.699999999999962 0.0
-3.0 4.699999999999962 0.1
-3.0 4.699999999999962 0.2
-3.0 4.699999999999962 0.30000000000000004
-3.0 4.699999999999962 0.4
-3.0 4.699999999999962 0.5
-3.0 4.699999999999962 0.6000000000000001
-3.0 4.699999999999962 0.7000000000000001
-3.0 4.699999999999962 0.8
-3.0 4.699999999999962 0.9
-3.0 4.699999999999962 1.0
-3.0 4.699999999999962 1.1
-3.0 4.699999999999962 1.2000000000000002
-3.0 4.699999999999962 1.3
-3.0 4.699999999999962 1.4000000000000001
-3.0 4.699999999999962 1.5
-3.0 4.699999999999962 1.6
-3.0 4.699999999999962 1.7000000000000002
-3.0 4.699999999999962 1.8
-3.0 4.699999999999962 1.9000000000000001
-3.0 4.699999999999962 2.0
-3.0 4.699999999999962 2.1
-3.0 4.699999999999962 2.2
-3.0 4.699999999999962 2.3000000000000003
-3.0 4.699999999999962 2.4000000000000004
-3.0 4.699999999999962 2.5
-3.0 4.799999999999962 0.0
-3.0 4.799999999999962 0.1
-3.0 4.799999999999962 0.2
-3.0 4.799999999999962 0.30000000000000004
-3.0 4.799999999999962 0.4
-3.0 4.799999999999962 0.5
-3.0 4.799999999999962 0.6000000000000001
-3.0 4.799999999999962 0.7000000000000001
-3.0 4.799999999999962 0.8
-3.0 4.799999999999962 0.9
-3.0 4.799999999999962 1.0
-3.0 4.799999999999962 1.1
-3.0 4.799999999999962 1.2000000000000002
-3.0 4.799999999999962 1.3
-3.0 4.799999999999962 1.4000000000000001
-3.0 4.799999999999962 1.5
-3.0 4.799999999999962 1.6
-3.0 4.799999999999962 1.7000000000000002
-3.0 4.799999999999962 1.8
-3.0 4.799999999999962 1.9000000000000001
-3.0 4.799999999999962 2.0
-3.0 4.799999999999962 2.1
-3.0 4.799999999999962 2.2
-3.0 4.799999999999962 2.3000000000000003
-3.0 4.799999999999962 2.4000000000000004
-3.0 4.799999999999962 2.5
-3.0 4.899999999999961 0.0
-3.0 4.899999999999961 0.1
-3.0 4.899999999999961 0.2
-3.0 4.899999999999961 0.30000000000000004
-3.0 4.899999999999961 0.4
-3.0 4.899999999999961 0.5
-3.0 4.899999999999961 0.6000000000000001
-3.0 4.899999999999961 0.7000000000000001
-3.0 4.899999999999961 0.8
-3.0 4.899999999999961 0.9
-3.0 4.899999999999961 1.0
-3.0 4.899999999999961 1.1
-3.0 4.899999999999961 1.2000000000000002
-3.0 4.899999999999961 1.3
-3.0 4.899999999999961 1.4000000000000001
-3.0 4.899999999999961 1.5
-3.0 4.899999999999961 1.6
-3.0 4.899999999999961 1.7000000000000002
-3.0 4.899999999999961 1.8
-3.0 4.899999999999961 1.9000000000000001
-3.0 4.899999999999961 2.0
-3.0 4.899999999999961 2.1
-3.0 4.899999999999961 2.2
-3.0 4.899999999999961 2.3000000000000003
-3.0 4.899999999999961 2.4000000000000004
-3.0 4.899999999999961 2.5
-3.0 4.999999999999961 0.0
-3.0 4.999999999999961 0.1
-3.0 4.999999999999961 0.2
-3.0 4.999999999999961 0.30000000000000004
-3.0 4.999999999999961 0.4
-3.0 4.999999999999961 0.5
-3.0 4.999999999999961 0.6000000000000001
-3.0 4.999999999999961 0.7000000000000001
-3.0 4.999999999999961 0.8
-3.0 4.999999999999961 0.9
-3.0 4.999999999999961 1.0
-3.0 4.999999999999961 1.1
-3.0 4.999999999999961 1.2000000000000002
-3.0 4.999999999999961 1.3
-3.0 4.999999999999961 1.4000000000000001
-3.0 4.999999999999961 1.5
-3.0 4.999999999999961 1.6
-3.0 4.999999999999961 1.7000000000000002
-3.0 4.999999999999961 1.8
-3.0 4.999999999999961 1.9000000000000001
-3.0 4.999999999999961 2.0
-3.0 4.999999999999961 2.1
-3.0 4.999999999999961 2.2
-3.0 4.999999999999961 2.3000000000000003
-3.0 4.999999999999961 2.4000000000000004
-3.0 4.999999999999961 2.5
-3.0 5.099999999999961 0.0
-3.0 5.099999999999961 0.1
-3.0 5.099999999999961 0.2
-3.0 5.099999999999961 0.30000000000000004
-3.0 5.099999999999961 0.4
-3.0 5.099999999999961 0.5
-3.0 5.099999999999961 0.6000000000000001
-3.0 5.099999999999961 0.7000000000000001
-3.0 5.099999999999961 0.8
-3.0 5.099999999999961 0.9
-3.0 5.099999999999961 1.0
-3.0 5.099999999999961 1.1
-3.0 5.099999999999961 1.2000000000000002
-3.0 5.099999999999961 1.3
-3.0 5.099999999999961 1.4000000000000001
-3.0 5.099999999999961 1.5
-3.0 5.099999999999961 1.6
-3.0 5.099999999999961 1.7000000000000002
-3.0 5.099999999999961 1.8
-3.0 5.099999999999961 1.9000000000000001
-3.0 5.099999999999961 2.0
-3.0 5.099999999999961 2.1
-3.0 5.099999999999961 2.2
-3.0 5.099999999999961 2.3000000000000003
-3.0 5.099999999999961 2.4000000000000004
-3.0 5.099999999999961 2.5
-3.0 5.19999999999996 0.0
-3.0 5.19999999999996 0.1
-3.0 5.19999999999996 0.2
-3.0 5.19999999999996 0.30000000000000004
-3.0 5.19999999999996 0.4
-3.0 5.19999999999996 0.5
-3.0 5.19999999999996 0.6000000000000001
-3.0 5.19999999999996 0.7000000000000001
-3.0 5.19999999999996 0.8
-3.0 5.19999999999996 0.9
-3.0 5.19999999999996 1.0
-3.0 5.19999999999996 1.1
-3.0 5.19999999999996 1.2000000000000002
-3.0 5.19999999999996 1.3
-3.0 5.19999999999996 1.4000000000000001
-3.0 5.19999999999996 1.5
-3.0 5.19999999999996 1.6
-3.0 5.19999999999996 1.7000000000000002
-3.0 5.19999999999996 1.8
-3.0 5.19999999999996 1.9000000000000001
-3.0 5.19999999999996 2.0
-3.0 5.19999999999996 2.1
-3.0 5.19999999999996 2.2
-3.0 5.19999999999996 2.3000000000000003
-3.0 5.19999999999996 2.4000000000000004
-3.0 5.19999999999996 2.5
-3.0 5.29999999999996 0.0
-3.0 5.29999999999996 0.1
-3.0 5.29999999999996 0.2
-3.0 5.29999999999996 0.30000000000000004
-3.0 5.29999999999996 0.4
-3.0 5.29999999999996 0.5
-3.0 5.29999999999996 0.6000000000000001
-3.0 5.29999999999996 0.7000000000000001
-3.0 5.29999999999996 0.8
-3.0 5.29999999999996 0.9
-3.0 5.29999999999996 1.0
-3.0 5.29999999999996 1.1
-3.0 5.29999999999996 1.2000000000000002
-3.0 5.29999999999996 1.3
-3.0 5.29999999999996 1.4000000000000001
-3.0 5.29999999999996 1.5
-3.0 5.29999999999996 1.6
-3.0 5.29999999999996 1.7000000000000002
-3.0 5.29999999999996 1.8
-3.0 5.29999999999996 1.9000000000000001
-3.0 5.29999999999996 2.0
-3.0 5.29999999999996 2.1
-3.0 5.29999999999996 2.2
-3.0 5.29999999999996 2.3000000000000003
-3.0 5.29999999999996 2.4000000000000004
-3.0 5.29999999999996 2.5
-3.0 5.3999999999999595 0.0
-3.0 5.3999999999999595 0.1
-3.0 5.3999999999999595 0.2
-3.0 5.3999999999999595 0.30000000000000004
-3.0 5.3999999999999595 0.4
-3.0 5.3999999999999595 0.5
-3.0 5.3999999999999595 0.6000000000000001
-3.0 5.3999999999999595 0.7000000000000001
-3.0 5.3999999999999595 0.8
-3.0 5.3999999999999595 0.9
-3.0 5.3999999999999595 1.0
-3.0 5.3999999999999595 1.1
-3.0 5.3999999999999595 1.2000000000000002
-3.0 5.3999999999999595 1.3
-3.0 5.3999999999999595 1.4000000000000001
-3.0 5.3999999999999595 1.5
-3.0 5.3999999999999595 1.6
-3.0 5.3999999999999595 1.7000000000000002
-3.0 5.3999999999999595 1.8
-3.0 5.3999999999999595 1.9000000000000001
-3.0 5.3999999999999595 2.0
-3.0 5.3999999999999595 2.1
-3.0 5.3999999999999595 2.2
-3.0 5.3999999999999595 2.3000000000000003
-3.0 5.3999999999999595 2.4000000000000004
-3.0 5.3999999999999595 2.5
-3.0 5.499999999999959 0.0
-3.0 5.499999999999959 0.1
-3.0 5.499999999999959 0.2
-3.0 5.499999999999959 0.30000000000000004
-3.0 5.499999999999959 0.4
-3.0 5.499999999999959 0.5
-3.0 5.499999999999959 0.6000000000000001
-3.0 5.499999999999959 0.7000000000000001
-3.0 5.499999999999959 0.8
-3.0 5.499999999999959 0.9
-3.0 5.499999999999959 1.0
-3.0 5.499999999999959 1.1
-3.0 5.499999999999959 1.2000000000000002
-3.0 5.499999999999959 1.3
-3.0 5.499999999999959 1.4000000000000001
-3.0 5.499999999999959 1.5
-3.0 5.499999999999959 1.6
-3.0 5.499999999999959 1.7000000000000002
-3.0 5.499999999999959 1.8
-3.0 5.499999999999959 1.9000000000000001
-3.0 5.499999999999959 2.0
-3.0 5.499999999999959 2.1
-3.0 5.499999999999959 2.2
-3.0 5.499999999999959 2.3000000000000003
-3.0 5.499999999999959 2.4000000000000004
-3.0 5.499999999999959 2.5
-3.0 5.599999999999959 0.0
-3.0 5.599999999999959 0.1
-3.0 5.599999999999959 0.2
-3.0 5.599999999999959 0.30000000000000004
-3.0 5.599999999999959 0.4
-3.0 5.599999999999959 0.5
-3.0 5.599999999999959 0.6000000000000001
-3.0 5.599999999999959 0.7000000000000001
-3.0 5.599999999999959 0.8
-3.0 5.599999999999959 0.9
-3.0 5.599999999999959 1.0
-3.0 5.599999999999959 1.1
-3.0 5.599999999999959 1.2000000000000002
-3.0 5.599999999999959 1.3
-3.0 5.599999999999959 1.4000000000000001
-3.0 5.599999999999959 1.5
-3.0 5.599999999999959 1.6
-3.0 5.599999999999959 1.7000000000000002
-3.0 5.599999999999959 1.8
-3.0 5.599999999999959 1.9000000000000001
-3.0 5.599999999999959 2.0
-3.0 5.599999999999959 2.1
-3.0 5.599999999999959 2.2
-3.0 5.599999999999959 2.3000000000000003
-3.0 5.599999999999959 2.4000000000000004
-3.0 5.599999999999959 2.5
-3.0 5.699999999999958 0.0
-3.0 5.699999999999958 0.1
-3.0 5.699999999999958 0.2
-3.0 5.699999999999958 0.30000000000000004
-3.0 5.699999999999958 0.4
-3.0 5.699999999999958 0.5
-3.0 5.699999999999958 0.6000000000000001
-3.0 5.699999999999958 0.7000000000000001
-3.0 5.699999999999958 0.8
-3.0 5.699999999999958 0.9
-3.0 5.699999999999958 1.0
-3.0 5.699999999999958 1.1
-3.0 5.699999999999958 1.2000000000000002
-3.0 5.699999999999958 1.3
-3.0 5.699999999999958 1.4000000000000001
-3.0 5.699999999999958 1.5
-3.0 5.699999999999958 1.6
-3.0 5.699999999999958 1.7000000000000002
-3.0 5.699999999999958 1.8
-3.0 5.699999999999958 1.9000000000000001
-3.0 5.699999999999958 2.0
-3.0 5.699999999999958 2.1
-3.0 5.699999999999958 2.2
-3.0 5.699999999999958 2.3000000000000003
-3.0 5.699999999999958 2.4000000000000004
-3.0 5.699999999999958 2.5
-3.0 5.799999999999958 0.0
-3.0 5.799999999999958 0.1
-3.0 5.799999999999958 0.2
-3.0 5.799999999999958 0.30000000000000004
-3.0 5.799999999999958 0.4
-3.0 5.799999999999958 0.5
-3.0 5.799999999999958 0.6000000000000001
-3.0 5.799999999999958 0.7000000000000001
-3.0 5.799999999999958 0.8
-3.0 5.799999999999958 0.9
-3.0 5.799999999999958 1.0
-3.0 5.799999999999958 1.1
-3.0 5.799999999999958 1.2000000000000002
-3.0 5.799999999999958 1.3
-3.0 5.799999999999958 1.4000000000000001
-3.0 5.799999999999958 1.5
-3.0 5.799999999999958 1.6
-3.0 5.799999999999958 1.7000000000000002
-3.0 5.799999999999958 1.8
-3.0 5.799999999999958 1.9000000000000001
-3.0 5.799999999999958 2.0
-3.0 5.799999999999958 2.1
-3.0 5.799999999999958 2.2
-3.0 5.799999999999958 2.3000000000000003
-3.0 5.799999999999958 2.4000000000000004
-3.0 5.799999999999958 2.5
-3.0 5.899999999999958 0.0
-3.0 5.899999999999958 0.1
-3.0 5.899999999999958 0.2
-3.0 5.899999999999958 0.30000000000000004
-3.0 5.899999999999958 0.4
-3.0 5.899999999999958 0.5
-3.0 5.899999999999958 0.6000000000000001
-3.0 5.899999999999958 0.7000000000000001
-3.0 5.899999999999958 0.8
-3.0 5.899999999999958 0.9
-3.0 5.899999999999958 1.0
-3.0 5.899999999999958 1.1
-3.0 5.899999999999958 1.2000000000000002
-3.0 5.899999999999958 1.3
-3.0 5.899999999999958 1.4000000000000001
-3.0 5.899999999999958 1.5
-3.0 5.899999999999958 1.6
-3.0 5.899999999999958 1.7000000000000002
-3.0 5.899999999999958 1.8
-3.0 5.899999999999958 1.9000000000000001
-3.0 5.899999999999958 2.0
-3.0 5.899999999999958 2.1
-3.0 5.899999999999958 2.2
-3.0 5.899999999999958 2.3000000000000003
-3.0 5.899999999999958 2.4000000000000004
-3.0 5.899999999999958 2.5
-3.0 5.999999999999957 0.0
-3.0 5.999999999999957 0.1
-3.0 5.999999999999957 0.2
-3.0 5.999999999999957 0.30000000000000004
-3.0 5.999999999999957 0.4
-3.0 5.999999999999957 0.5
-3.0 5.999999999999957 0.6000000000000001
-3.0 5.999999999999957 0.7000000000000001
-3.0 5.999999999999957 0.8
-3.0 5.999999999999957 0.9
-3.0 5.999999999999957 1.0
-3.0 5.999999999999957 1.1
-3.0 5.999999999999957 1.2000000000000002
-3.0 5.999999999999957 1.3
-3.0 5.999999999999957 1.4000000000000001
-3.0 5.999999999999957 1.5
-3.0 5.999999999999957 1.6
-3.0 5.999999999999957 1.7000000000000002
-3.0 5.999999999999957 1.8
-3.0 5.999999999999957 1.9000000000000001
-3.0 5.999999999999957 2.0
-3.0 5.999999999999957 2.1
-3.0 5.999999999999957 2.2
-3.0 5.999999999999957 2.3000000000000003
-3.0 5.999999999999957 2.4000000000000004
-3.0 5.999999999999957 2.5
-2.9 -6.0 0.0
-2.9 -6.0 0.1
-2.9 -6.0 0.2
-2.9 -6.0 0.30000000000000004
-2.9 -6.0 0.4
-2.9 -6.0 0.5
-2.9 -6.0 0.6000000000000001
-2.9 -6.0 0.7000000000000001
-2.9 -6.0 0.8
-2.9 -6.0 0.9
-2.9 -6.0 1.0
-2.9 -6.0 1.1
-2.9 -6.0 1.2000000000000002
-2.9 -6.0 1.3
-2.9 -6.0 1.4000000000000001
-2.9 -6.0 1.5
-2.9 -6.0 1.6
-2.9 -6.0 1.7000000000000002
-2.9 -6.0 1.8
-2.9 -6.0 1.9000000000000001
-2.9 -6.0 2.0
-2.9 -6.0 2.1
-2.9 -6.0 2.2
-2.9 -6.0 2.3000000000000003
-2.9 -6.0 2.4000000000000004
-2.9 -6.0 2.5
-2.9 -5.9 0.0
-2.9 -5.9 0.1
-2.9 -5.9 0.2
-2.9 -5.9 0.30000000000000004
-2.9 -5.9 0.4
-2.9 -5.9 0.5
-2.9 -5.9 0.6000000000000001
-2.9 -5.9 0.7000000000000001
-2.9 -5.9 0.8
-2.9 -5.9 0.9
-2.9 -5.9 1.0
-2.9 -5.9 1.1
-2.9 -5.9 1.2000000000000002
-2.9 -5.9 1.3
-2.9 -5.9 1.4000000000000001
-2.9 -5.9 1.5
-2.9 -5.9 1.6
-2.9 -5.9 1.7000000000000002
-2.9 -5.9 1.8
-2.9 -5.9 1.9000000000000001
-2.9 -5.9 2.0
-2.9 -5.9 2.1
-2.9 -5.9 2.2
-2.9 -5.9 2.3000000000000003
-2.9 -5.9 2.4000000000000004
-2.9 -5.9 2.5
-2.9 -5.800000000000001 0.0
-2.9 -5.800000000000001 0.1
-2.9 -5.800000000000001 0.2
-2.9 -5.800000000000001 0.30000000000000004
-2.9 -5.800000000000001 0.4
-2.9 -5.800000000000001 0.5
-2.9 -5.800000000000001 0.6000000000000001
-2.9 -5.800000000000001 0.7000000000000001
-2.9 -5.800000000000001 0.8
-2.9 -5.800000000000001 0.9
-2.9 -5.800000000000001 1.0
-2.9 -5.800000000000001 1.1
-2.9 -5.800000000000001 1.2000000000000002
-2.9 -5.800000000000001 1.3
-2.9 -5.800000000000001 1.4000000000000001
-2.9 -5.800000000000001 1.5
-2.9 -5.800000000000001 1.6
-2.9 -5.800000000000001 1.7000000000000002
-2.9 -5.800000000000001 1.8
-2.9 -5.800000000000001 1.9000000000000001
-2.9 -5.800000000000001 2.0
-2.9 -5.800000000000001 2.1
-2.9 -5.800000000000001 2.2
-2.9 -5.800000000000001 2.3000000000000003
-2.9 -5.800000000000001 2.4000000000000004
-2.9 -5.800000000000001 2.5
-2.9 -5.700000000000001 0.0
-2.9 -5.700000000000001 0.1
-2.9 -5.700000000000001 0.2
-2.9 -5.700000000000001 0.30000000000000004
-2.9 -5.700000000000001 0.4
-2.9 -5.700000000000001 0.5
-2.9 -5.700000000000001 0.6000000000000001
-2.9 -5.700000000000001 0.7000000000000001
-2.9 -5.700000000000001 0.8
-2.9 -5.700000000000001 0.9
-2.9 -5.700000000000001 1.0
-2.9 -5.700000000000001 1.1
-2.9 -5.700000000000001 1.2000000000000002
-2.9 -5.700000000000001 1.3
-2.9 -5.700000000000001 1.4000000000000001
-2.9 -5.700000000000001 1.5
-2.9 -5.700000000000001 1.6
-2.9 -5.700000000000001 1.7000000000000002
-2.9 -5.700000000000001 1.8
-2.9 -5.700000000000001 1.9000000000000001
-2.9 -5.700000000000001 2.0
-2.9 -5.700000000000001 2.1
-2.9 -5.700000000000001 2.2
-2.9 -5.700000000000001 2.3000000000000003
-2.9 -5.700000000000001 2.4000000000000004
-2.9 -5.700000000000001 2.5
-2.9 -5.600000000000001 0.0
-2.9 -5.600000000000001 0.1
-2.9 -5.600000000000001 0.2
-2.9 -5.600000000000001 0.30000000000000004
-2.9 -5.600000000000001 0.4
-2.9 -5.600000000000001 0.5
-2.9 -5.600000000000001 0.6000000000000001
-2.9 -5.600000000000001 0.7000000000000001
-2.9 -5.600000000000001 0.8
-2.9 -5.600000000000001 0.9
-2.9 -5.600000000000001 1.0
-2.9 -5.600000000000001 1.1
-2.9 -5.600000000000001 1.2000000000000002
-2.9 -5.600000000000001 1.3
-2.9 -5.600000000000001 1.4000000000000001
-2.9 -5.600000000000001 1.5
-2.9 -5.600000000000001 1.6
-2.9 -5.600000000000001 1.7000000000000002
-2.9 -5.600000000000001 1.8
-2.9 -5.600000000000001 1.9000000000000001
-2.9 -5.600000000000001 2.0
-2.9 -5.600000000000001 2.1
-2.9 -5.600000000000001 2.2
-2.9 -5.600000000000001 2.3000000000000003
-2.9 -5.600000000000001 2.4000000000000004
-2.9 -5.600000000000001 2.5
-2.9 -5.500000000000002 0.0
-2.9 -5.500000000000002 0.1
-2.9 -5.500000000000002 0.2
-2.9 -5.500000000000002 0.30000000000000004
-2.9 -5.500000000000002 0.4
-2.9 -5.500000000000002 0.5
-2.9 -5.500000000000002 0.6000000000000001
-2.9 -5.500000000000002 0.7000000000000001
-2.9 -5.500000000000002 0.8
-2.9 -5.500000000000002 0.9
-2.9 -5.500000000000002 1.0
-2.9 -5.500000000000002 1.1
-2.9 -5.500000000000002 1.2000000000000002
-2.9 -5.500000000000002 1.3
-2.9 -5.500000000000002 1.4000000000000001
-2.9 -5.500000000000002 1.5
-2.9 -5.500000000000002 1.6
-2.9 -5.500000000000002 1.7000000000000002
-2.9 -5.500000000000002 1.8
-2.9 -5.500000000000002 1.9000000000000001
-2.9 -5.500000000000002 2.0
-2.9 -5.500000000000002 2.1
-2.9 -5.500000000000002 2.2
-2.9 -5.500000000000002 2.3000000000000003
-2.9 -5.500000000000002 2.4000000000000004
-2.9 -5.500000000000002 2.5
-2.9 -5.400000000000002 0.0
-2.9 -5.400000000000002 0.1
-2.9 -5.400000000000002 0.2
-2.9 -5.400000000000002 0.30000000000000004
-2.9 -5.400000000000002 0.4
-2.9 -5.400000000000002 0.5
-2.9 -5.400000000000002 0.6000000000000001
-2.9 -5.400000000000002 0.7000000000000001
-2.9 -5.400000000000002 0.8
-2.9 -5.400000000000002 0.9
-2.9 -5.400000000000002 1.0
-2.9 -5.400000000000002 1.1
-2.9 -5.400000000000002 1.2000000000000002
-2.9 -5.400000000000002 1.3
-2.9 -5.400000000000002 1.4000000000000001
-2.9 -5.400000000000002 1.5
-2.9 -5.400000000000002 1.6
-2.9 -5.400000000000002 1.7000000000000002
-2.9 -5.400000000000002 1.8
-2.9 -5.400000000000002 1.9000000000000001
-2.9 -5.400000000000002 2.0
-2.9 -5.400000000000002 2.1
-2.9 -5.400000000000002 2.2
-2.9 -5.400000000000002 2.3000000000000003
-2.9 -5.400000000000002 2.4000000000000004
-2.9 -5.400000000000002 2.5
-2.9 -5.3000000000000025 0.0
-2.9 -5.3000000000000025 0.1
-2.9 -5.3000000000000025 0.2
-2.9 -5.3000000000000025 0.30000000000000004
-2.9 -5.3000000000000025 0.4
-2.9 -5.3000000000000025 0.5
-2.9 -5.3000000000000025 0.6000000000000001
-2.9 -5.3000000000000025 0.7000000000000001
-2.9 -5.3000000000000025 0.8
-2.9 -5.3000000000000025 0.9
-2.9 -5.3000000000000025 1.0
-2.9 -5.3000000000000025 1.1
-2.9 -5.3000000000000025 1.2000000000000002
-2.9 -5.3000000000000025 1.3
-2.9 -5.3000000000000025 1.4000000000000001
-2.9 -5.3000000000000025 1.5
-2.9 -5.3000000000000025 1.6
-2.9 -5.3000000000000025 1.7000000000000002
-2.9 -5.3000000000000025 1.8
-2.9 -5.3000000000000025 1.9000000000000001
-2.9 -5.3000000000000025 2.0
-2.9 -5.3000000000000025 2.1
-2.9 -5.3000000000000025 2.2
-2.9 -5.3000000000000025 2.3000000000000003
-2.9 -5.3000000000000025 2.4000000000000004
-2.9 -5.3000000000000025 2.5
-2.9 -5.200000000000003 0.0
-2.9 -5.200000000000003 0.1
-2.9 -5.200000000000003 0.2
-2.9 -5.200000000000003 0.30000000000000004
-2.9 -5.200000000000003 0.4
-2.9 -5.200000000000003 0.5
-2.9 -5.200000000000003 0.6000000000000001
-2.9 -5.200000000000003 0.7000000000000001
-2.9 -5.200000000000003 0.8
-2.9 -5.200000000000003 0.9
-2.9 -5.200000000000003 1.0
-2.9 -5.200000000000003 1.1
-2.9 -5.200000000000003 1.2000000000000002
-2.9 -5.200000000000003 1.3
-2.9 -5.200000000000003 1.4000000000000001
-2.9 -5.200000000000003 1.5
-2.9 -5.200000000000003 1.6
-2.9 -5.200000000000003 1.7000000000000002
-2.9 -5.200000000000003 1.8
-2.9 -5.200000000000003 1.9000000000000001
-2.9 -5.200000000000003 2.0
-2.9 -5.200000000000003 2.1
-2.9 -5.200000000000003 2.2
-2.9 -5.200000000000003 2.3000000000000003
-2.9 -5.200000000000003 2.4000000000000004
-2.9 -5.200000000000003 2.5
-2.9 -5.100000000000003 0.0
-2.9 -5.100000000000003 0.1
-2.9 -5.100000000000003 0.2
-2.9 -5.100000000000003 0.30000000000000004
-2.9 -5.100000000000003 0.4
-2.9 -5.100000000000003 0.5
-2.9 -5.100000000000003 0.6000000000000001
-2.9 -5.100000000000003 0.7000000000000001
-2.9 -5.100000000000003 0.8
-2.9 -5.100000000000003 0.9
-2.9 -5.100000000000003 1.0
-2.9 -5.100000000000003 1.1
-2.9 -5.100000000000003 1.2000000000000002
-2.9 -5.100000000000003 1.3
-2.9 -5.100000000000003 1.4000000000000001
-2.9 -5.100000000000003 1.5
-2.9 -5.100000000000003 1.6
-2.9 -5.100000000000003 1.7000000000000002
-2.9 -5.100000000000003 1.8
-2.9 -5.100000000000003 1.9000000000000001
-2.9 -5.100000000000003 2.0
-2.9 -5.100000000000003 2.1
-2.9 -5.100000000000003 2.2
-2.9 -5.100000000000003 2.3000000000000003
-2.9 -5.100000000000003 2.4000000000000004
-2.9 -5.100000000000003 2.5
-2.9 -5.0000000000000036 0.0
-2.9 -5.0000000000000036 0.1
-2.9 -5.0000000000000036 0.2
-2.9 -5.0000000000000036 0.30000000000000004
-2.9 -5.0000000000000036 0.4
-2.9 -5.0000000000000036 0.5
-2.9 -5.0000000000000036 0.6000000000000001
-2.9 -5.0000000000000036 0.7000000000000001
-2.9 -5.0000000000000036 0.8
-2.9 -5.0000000000000036 0.9
-2.9 -5.0000000000000036 1.0
-2.9 -5.0000000000000036 1.1
-2.9 -5.0000000000000036 1.2000000000000002
-2.9 -5.0000000000000036 1.3
-2.9 -5.0000000000000036 1.4000000000000001
-2.9 -5.0000000000000036 1.5
-2.9 -5.0000000000000036 1.6
-2.9 -5.0000000000000036 1.7000000000000002
-2.9 -5.0000000000000036 1.8
-2.9 -5.0000000000000036 1.9000000000000001
-2.9 -5.0000000000000036 2.0
-2.9 -5.0000000000000036 2.1
-2.9 -5.0000000000000036 2.2
-2.9 -5.0000000000000036 2.3000000000000003
-2.9 -5.0000000000000036 2.4000000000000004
-2.9 -5.0000000000000036 2.5
-2.9 -4.900000000000004 0.0
-2.9 -4.900000000000004 0.1
-2.9 -4.900000000000004 0.2
-2.9 -4.900000000000004 0.30000000000000004
-2.9 -4.900000000000004 0.4
-2.9 -4.900000000000004 0.5
-2.9 -4.900000000000004 0.6000000000000001
-2.9 -4.900000000000004 0.7000000000000001
-2.9 -4.900000000000004 0.8
-2.9 -4.900000000000004 0.9
-2.9 -4.900000000000004 1.0
-2.9 -4.900000000000004 1.1
-2.9 -4.900000000000004 1.2000000000000002
-2.9 -4.900000000000004 1.3
-2.9 -4.900000000000004 1.4000000000000001
-2.9 -4.900000000000004 1.5
-2.9 -4.900000000000004 1.6
-2.9 -4.900000000000004 1.7000000000000002
-2.9 -4.900000000000004 1.8
-2.9 -4.900000000000004 1.9000000000000001
-2.9 -4.900000000000004 2.0
-2.9 -4.900000000000004 2.1
-2.9 -4.900000000000004 2.2
-2.9 -4.900000000000004 2.3000000000000003
-2.9 -4.900000000000004 2.4000000000000004
-2.9 -4.900000000000004 2.5
-2.9 -4.800000000000004 0.0
-2.9 -4.800000000000004 0.1
-2.9 -4.800000000000004 0.2
-2.9 -4.800000000000004 0.30000000000000004
-2.9 -4.800000000000004 0.4
-2.9 -4.800000000000004 0.5
-2.9 -4.800000000000004 0.6000000000000001
-2.9 -4.800000000000004 0.7000000000000001
-2.9 -4.800000000000004 0.8
-2.9 -4.800000000000004 0.9
-2.9 -4.800000000000004 1.0
-2.9 -4.800000000000004 1.1
-2.9 -4.800000000000004 1.2000000000000002
-2.9 -4.800000000000004 1.3
-2.9 -4.800000000000004 1.4000000000000001
-2.9 -4.800000000000004 1.5
-2.9 -4.800000000000004 1.6
-2.9 -4.800000000000004 1.7000000000000002
-2.9 -4.800000000000004 1.8
-2.9 -4.800000000000004 1.9000000000000001
-2.9 -4.800000000000004 2.0
-2.9 -4.800000000000004 2.1
-2.9 -4.800000000000004 2.2
-2.9 -4.800000000000004 2.3000000000000003
-2.9 -4.800000000000004 2.4000000000000004
-2.9 -4.800000000000004 2.5
-2.9 -4.700000000000005 0.0
-2.9 -4.700000000000005 0.1
-2.9 -4.700000000000005 0.2
-2.9 -4.700000000000005 0.30000000000000004
-2.9 -4.700000000000005 0.4
-2.9 -4.700000000000005 0.5
-2.9 -4.700000000000005 0.6000000000000001
-2.9 -4.700000000000005 0.7000000000000001
-2.9 -4.700000000000005 0.8
-2.9 -4.700000000000005 0.9
-2.9 -4.700000000000005 1.0
-2.9 -4.700000000000005 1.1
-2.9 -4.700000000000005 1.2000000000000002
-2.9 -4.700000000000005 1.3
-2.9 -4.700000000000005 1.4000000000000001
-2.9 -4.700000000000005 1.5
-2.9 -4.700000000000005 1.6
-2.9 -4.700000000000005 1.7000000000000002
-2.9 -4.700000000000005 1.8
-2.9 -4.700000000000005 1.9000000000000001
-2.9 -4.700000000000005 2.0
-2.9 -4.700000000000005 2.1
-2.9 -4.700000000000005 2.2
-2.9 -4.700000000000005 2.3000000000000003
-2.9 -4.700000000000005 2.4000000000000004
-2.9 -4.700000000000005 2.5
-2.9 -4.600000000000005 0.0
-2.9 -4.600000000000005 0.1
-2.9 -4.600000000000005 0.2
-2.9 -4.600000000000005 0.30000000000000004
-2.9 -4.600000000000005 0.4
-2.9 -4.600000000000005 0.5
-2.9 -4.600000000000005 0.6000000000000001
-2.9 -4.600000000000005 0.7000000000000001
-2.9 -4.600000000000005 0.8
-2.9 -4.600000000000005 0.9
-2.9 -4.600000000000005 1.0
-2.9 -4.600000000000005 1.1
-2.9 -4.600000000000005 1.2000000000000002
-2.9 -4.600000000000005 1.3
-2.9 -4.600000000000005 1.4000000000000001
-2.9 -4.600000000000005 1.5
-2.9 -4.600000000000005 1.6
-2.9 -4.600000000000005 1.7000000000000002
-2.9 -4.600000000000005 1.8
-2.9 -4.600000000000005 1.9000000000000001
-2.9 -4.600000000000005 2.0
-2.9 -4.600000000000005 2.1
-2.9 -4.600000000000005 2.2
-2.9 -4.600000000000005 2.3000000000000003
-2.9 -4.600000000000005 2.4000000000000004
-2.9 -4.600000000000005 2.5
-2.9 -4.500000000000005 0.0
-2.9 -4.500000000000005 0.1
-2.9 -4.500000000000005 0.2
-2.9 -4.500000000000005 0.30000000000000004
-2.9 -4.500000000000005 0.4
-2.9 -4.500000000000005 0.5
-2.9 -4.500000000000005 0.6000000000000001
-2.9 -4.500000000000005 0.7000000000000001
-2.9 -4.500000000000005 0.8
-2.9 -4.500000000000005 0.9
-2.9 -4.500000000000005 1.0
-2.9 -4.500000000000005 1.1
-2.9 -4.500000000000005 1.2000000000000002
-2.9 -4.500000000000005 1.3
-2.9 -4.500000000000005 1.4000000000000001
-2.9 -4.500000000000005 1.5
-2.9 -4.500000000000005 1.6
-2.9 -4.500000000000005 1.7000000000000002
-2.9 -4.500000000000005 1.8
-2.9 -4.500000000000005 1.9000000000000001
-2.9 -4.500000000000005 2.0
-2.9 -4.500000000000005 2.1
-2.9 -4.500000000000005 2.2
-2.9 -4.500000000000005 2.3000000000000003
-2.9 -4.500000000000005 2.4000000000000004
-2.9 -4.500000000000005 2.5
-2.9 -4.400000000000006 0.0
-2.9 -4.400000000000006 0.1
-2.9 -4.400000000000006 0.2
-2.9 -4.400000000000006 0.30000000000000004
-2.9 -4.400000000000006 0.4
-2.9 -4.400000000000006 0.5
-2.9 -4.400000000000006 0.6000000000000001
-2.9 -4.400000000000006 0.7000000000000001
-2.9 -4.400000000000006 0.8
-2.9 -4.400000000000006 0.9
-2.9 -4.400000000000006 1.0
-2.9 -4.400000000000006 1.1
-2.9 -4.400000000000006 1.2000000000000002
-2.9 -4.400000000000006 1.3
-2.9 -4.400000000000006 1.4000000000000001
-2.9 -4.400000000000006 1.5
-2.9 -4.400000000000006 1.6
-2.9 -4.400000000000006 1.7000000000000002
-2.9 -4.400000000000006 1.8
-2.9 -4.400000000000006 1.9000000000000001
-2.9 -4.400000000000006 2.0
-2.9 -4.400000000000006 2.1
-2.9 -4.400000000000006 2.2
-2.9 -4.400000000000006 2.3000000000000003
-2.9 -4.400000000000006 2.4000000000000004
-2.9 -4.400000000000006 2.5
-2.9 -4.300000000000006 0.0
-2.9 -4.300000000000006 0.1
-2.9 -4.300000000000006 0.2
-2.9 -4.300000000000006 0.30000000000000004
-2.9 -4.300000000000006 0.4
-2.9 -4.300000000000006 0.5
-2.9 -4.300000000000006 0.6000000000000001
-2.9 -4.300000000000006 0.7000000000000001
-2.9 -4.300000000000006 0.8
-2.9 -4.300000000000006 0.9
-2.9 -4.300000000000006 1.0
-2.9 -4.300000000000006 1.1
-2.9 -4.300000000000006 1.2000000000000002
-2.9 -4.300000000000006 1.3
-2.9 -4.300000000000006 1.4000000000000001
-2.9 -4.300000000000006 1.5
-2.9 -4.300000000000006 1.6
-2.9 -4.300000000000006 1.7000000000000002
-2.9 -4.300000000000006 1.8
-2.9 -4.300000000000006 1.9000000000000001
-2.9 -4.300000000000006 2.0
-2.9 -4.300000000000006 2.1
-2.9 -4.300000000000006 2.2
-2.9 -4.300000000000006 2.3000000000000003
-2.9 -4.300000000000006 2.4000000000000004
-2.9 -4.300000000000006 2.5
-2.9 -4.200000000000006 0.0
-2.9 -4.200000000000006 0.1
-2.9 -4.200000000000006 0.2
-2.9 -4.200000000000006 0.30000000000000004
-2.9 -4.200000000000006 0.4
-2.9 -4.200000000000006 0.5
-2.9 -4.200000000000006 0.6000000000000001
-2.9 -4.200000000000006 0.7000000000000001
-2.9 -4.200000000000006 0.8
-2.9 -4.200000000000006 0.9
-2.9 -4.200000000000006 1.0
-2.9 -4.200000000000006 1.1
-2.9 -4.200000000000006 1.2000000000000002
-2.9 -4.200000000000006 1.3
-2.9 -4.200000000000006 1.4000000000000001
-2.9 -4.200000000000006 1.5
-2.9 -4.200000000000006 1.6
-2.9 -4.200000000000006 1.7000000000000002
-2.9 -4.200000000000006 1.8
-2.9 -4.200000000000006 1.9000000000000001
-2.9 -4.200000000000006 2.0
-2.9 -4.200000000000006 2.1
-2.9 -4.200000000000006 2.2
-2.9 -4.200000000000006 2.3000000000000003
-2.9 -4.200000000000006 2.4000000000000004
-2.9 -4.200000000000006 2.5
-2.9 -4.100000000000007 0.0
-2.9 -4.100000000000007 0.1
-2.9 -4.100000000000007 0.2
-2.9 -4.100000000000007 0.30000000000000004
-2.9 -4.100000000000007 0.4
-2.9 -4.100000000000007 0.5
-2.9 -4.100000000000007 0.6000000000000001
-2.9 -4.100000000000007 0.7000000000000001
-2.9 -4.100000000000007 0.8
-2.9 -4.100000000000007 0.9
-2.9 -4.100000000000007 1.0
-2.9 -4.100000000000007 1.1
-2.9 -4.100000000000007 1.2000000000000002
-2.9 -4.100000000000007 1.3
-2.9 -4.100000000000007 1.4000000000000001
-2.9 -4.100000000000007 1.5
-2.9 -4.100000000000007 1.6
-2.9 -4.100000000000007 1.7000000000000002
-2.9 -4.100000000000007 1.8
-2.9 -4.100000000000007 1.9000000000000001
-2.9 -4.100000000000007 2.0
-2.9 -4.100000000000007 2.1
-2.9 -4.100000000000007 2.2
-2.9 -4.100000000000007 2.3000000000000003
-2.9 -4.100000000000007 2.4000000000000004
-2.9 -4.100000000000007 2.5
-2.9 -4.000000000000007 0.0
-2.9 -4.000000000000007 0.1
-2.9 -4.000000000000007 0.2
-2.9 -4.000000000000007 0.30000000000000004
-2.9 -4.000000000000007 0.4
-2.9 -4.000000000000007 0.5
-2.9 -4.000000000000007 0.6000000000000001
-2.9 -4.000000000000007 0.7000000000000001
-2.9 -4.000000000000007 0.8
-2.9 -4.000000000000007 0.9
-2.9 -4.000000000000007 1.0
-2.9 -4.000000000000007 1.1
-2.9 -4.000000000000007 1.2000000000000002
-2.9 -4.000000000000007 1.3
-2.9 -4.000000000000007 1.4000000000000001
-2.9 -4.000000000000007 1.5
-2.9 -4.000000000000007 1.6
-2.9 -4.000000000000007 1.7000000000000002
-2.9 -4.000000000000007 1.8
-2.9 -4.000000000000007 1.9000000000000001
-2.9 -4.000000000000007 2.0
-2.9 -4.000000000000007 2.1
-2.9 -4.000000000000007 2.2
-2.9 -4.000000000000007 2.3000000000000003
-2.9 -4.000000000000007 2.4000000000000004
-2.9 -4.000000000000007 2.5
-2.9 -3.9000000000000075 0.0
-2.9 -3.9000000000000075 0.1
-2.9 -3.9000000000000075 0.2
-2.9 -3.9000000000000075 0.30000000000000004
-2.9 -3.9000000000000075 0.4
-2.9 -3.9000000000000075 0.5
-2.9 -3.9000000000000075 0.6000000000000001
-2.9 -3.9000000000000075 0.7000000000000001
-2.9 -3.9000000000000075 0.8
-2.9 -3.9000000000000075 0.9
-2.9 -3.9000000000000075 1.0
-2.9 -3.9000000000000075 1.1
-2.9 -3.9000000000000075 1.2000000000000002
-2.9 -3.9000000000000075 1.3
-2.9 -3.9000000000000075 1.4000000000000001
-2.9 -3.9000000000000075 1.5
-2.9 -3.9000000000000075 1.6
-2.9 -3.9000000000000075 1.7000000000000002
-2.9 -3.9000000000000075 1.8
-2.9 -3.9000000000000075 1.9000000000000001
-2.9 -3.9000000000000075 2.0
-2.9 -3.9000000000000075 2.1
-2.9 -3.9000000000000075 2.2
-2.9 -3.9000000000000075 2.3000000000000003
-2.9 -3.9000000000000075 2.4000000000000004
-2.9 -3.9000000000000075 2.5
-2.9 -3.800000000000008 0.0
-2.9 -3.800000000000008 0.1
-2.9 -3.800000000000008 0.2
-2.9 -3.800000000000008 0.30000000000000004
-2.9 -3.800000000000008 0.4
-2.9 -3.800000000000008 0.5
-2.9 -3.800000000000008 0.6000000000000001
-2.9 -3.800000000000008 0.7000000000000001
-2.9 -3.800000000000008 0.8
-2.9 -3.800000000000008 0.9
-2.9 -3.800000000000008 1.0
-2.9 -3.800000000000008 1.1
-2.9 -3.800000000000008 1.2000000000000002
-2.9 -3.800000000000008 1.3
-2.9 -3.800000000000008 1.4000000000000001
-2.9 -3.800000000000008 1.5
-2.9 -3.800000000000008 1.6
-2.9 -3.800000000000008 1.7000000000000002
-2.9 -3.800000000000008 1.8
-2.9 -3.800000000000008 1.9000000000000001
-2.9 -3.800000000000008 2.0
-2.9 -3.800000000000008 2.1
-2.9 -3.800000000000008 2.2
-2.9 -3.800000000000008 2.3000000000000003
-2.9 -3.800000000000008 2.4000000000000004
-2.9 -3.800000000000008 2.5
-2.9 -3.700000000000008 0.0
-2.9 -3.700000000000008 0.1
-2.9 -3.700000000000008 0.2
-2.9 -3.700000000000008 0.30000000000000004
-2.9 -3.700000000000008 0.4
-2.9 -3.700000000000008 0.5
-2.9 -3.700000000000008 0.6000000000000001
-2.9 -3.700000000000008 0.7000000000000001
-2.9 -3.700000000000008 0.8
-2.9 -3.700000000000008 0.9
-2.9 -3.700000000000008 1.0
-2.9 -3.700000000000008 1.1
-2.9 -3.700000000000008 1.2000000000000002
-2.9 -3.700000000000008 1.3
-2.9 -3.700000000000008 1.4000000000000001
-2.9 -3.700000000000008 1.5
-2.9 -3.700000000000008 1.6
-2.9 -3.700000000000008 1.7000000000000002
-2.9 -3.700000000000008 1.8
-2.9 -3.700000000000008 1.9000000000000001
-2.9 -3.700000000000008 2.0
-2.9 -3.700000000000008 2.1
-2.9 -3.700000000000008 2.2
-2.9 -3.700000000000008 2.3000000000000003
-2.9 -3.700000000000008 2.4000000000000004
-2.9 -3.700000000000008 2.5
-2.9 -3.6000000000000085 0.0
-2.9 -3.6000000000000085 0.1
-2.9 -3.6000000000000085 0.2
-2.9 -3.6000000000000085 0.30000000000000004
-2.9 -3.6000000000000085 0.4
-2.9 -3.6000000000000085 0.5
-2.9 -3.6000000000000085 0.6000000000000001
-2.9 -3.6000000000000085 0.7000000000000001
-2.9 -3.6000000000000085 0.8
-2.9 -3.6000000000000085 0.9
-2.9 -3.6000000000000085 1.0
-2.9 -3.6000000000000085 1.1
-2.9 -3.6000000000000085 1.2000000000000002
-2.9 -3.6000000000000085 1.3
-2.9 -3.6000000000000085 1.4000000000000001
-2.9 -3.6000000000000085 1.5
-2.9 -3.6000000000000085 1.6
-2.9 -3.6000000000000085 1.7000000000000002
-2.9 -3.6000000000000085 1.8
-2.9 -3.6000000000000085 1.9000000000000001
-2.9 -3.6000000000000085 2.0
-2.9 -3.6000000000000085 2.1
-2.9 -3.6000000000000085 2.2
-2.9 -3.6000000000000085 2.3000000000000003
-2.9 -3.6000000000000085 2.4000000000000004
-2.9 -3.6000000000000085 2.5
-2.9 -3.500000000000009 0.0
-2.9 -3.500000000000009 0.1
-2.9 -3.500000000000009 0.2
-2.9 -3.500000000000009 0.30000000000000004
-2.9 -3.500000000000009 0.4
-2.9 -3.500000000000009 0.5
-2.9 -3.500000000000009 0.6000000000000001
-2.9 -3.500000000000009 0.7000000000000001
-2.9 -3.500000000000009 0.8
-2.9 -3.500000000000009 0.9
-2.9 -3.500000000000009 1.0
-2.9 -3.500000000000009 1.1
-2.9 -3.500000000000009 1.2000000000000002
-2.9 -3.500000000000009 1.3
-2.9 -3.500000000000009 1.4000000000000001
-2.9 -3.500000000000009 1.5
-2.9 -3.500000000000009 1.6
-2.9 -3.500000000000009 1.7000000000000002
-2.9 -3.500000000000009 1.8
-2.9 -3.500000000000009 1.9000000000000001
-2.9 -3.500000000000009 2.0
-2.9 -3.500000000000009 2.1
-2.9 -3.500000000000009 2.2
-2.9 -3.500000000000009 2.3000000000000003
-2.9 -3.500000000000009 2.4000000000000004
-2.9 -3.500000000000009 2.5
-2.9 -3.4000000000000092 0.0
-2.9 -3.4000000000000092 0.1
-2.9 -3.4000000000000092 0.2
-2.9 -3.4000000000000092 0.30000000000000004
-2.9 -3.4000000000000092 0.4
-2.9 -3.4000000000000092 0.5
-2.9 -3.4000000000000092 0.6000000000000001
-2.9 -3.4000000000000092 0.7000000000000001
-2.9 -3.4000000000000092 0.8
-2.9 -3.4000000000000092 0.9
-2.9 -3.4000000000000092 1.0
-2.9 -3.4000000000000092 1.1
-2.9 -3.4000000000000092 1.2000000000000002
-2.9 -3.4000000000000092 1.3
-2.9 -3.4000000000000092 1.4000000000000001
-2.9 -3.4000000000000092 1.5
-2.9 -3.4000000000000092 1.6
-2.9 -3.4000000000000092 1.7000000000000002
-2.9 -3.4000000000000092 1.8
-2.9 -3.4000000000000092 1.9000000000000001
-2.9 -3.4000000000000092 2.0
-2.9 -3.4000000000000092 2.1
-2.9 -3.4000000000000092 2.2
-2.9 -3.4000000000000092 2.3000000000000003
-2.9 -3.4000000000000092 2.4000000000000004
-2.9 -3.4000000000000092 2.5
-2.9 -3.3000000000000096 0.0
-2.9 -3.3000000000000096 0.1
-2.9 -3.3000000000000096 0.2
-2.9 -3.3000000000000096 0.30000000000000004
-2.9 -3.3000000000000096 0.4
-2.9 -3.3000000000000096 0.5
-2.9 -3.3000000000000096 0.6000000000000001
-2.9 -3.3000000000000096 0.7000000000000001
-2.9 -3.3000000000000096 0.8
-2.9 -3.3000000000000096 0.9
-2.9 -3.3000000000000096 1.0
-2.9 -3.3000000000000096 1.1
-2.9 -3.3000000000000096 1.2000000000000002
-2.9 -3.3000000000000096 1.3
-2.9 -3.3000000000000096 1.4000000000000001
-2.9 -3.3000000000000096 1.5
-2.9 -3.3000000000000096 1.6
-2.9 -3.3000000000000096 1.7000000000000002
-2.9 -3.3000000000000096 1.8
-2.9 -3.3000000000000096 1.9000000000000001
-2.9 -3.3000000000000096 2.0
-2.9 -3.3000000000000096 2.1
-2.9 -3.3000000000000096 2.2
-2.9 -3.3000000000000096 2.3000000000000003
-2.9 -3.3000000000000096 2.4000000000000004
-2.9 -3.3000000000000096 2.5
-2.9 -3.20000000000001 0.0
-2.9 -3.20000000000001 0.1
-2.9 -3.20000000000001 0.2
-2.9 -3.20000000000001 0.30000000000000004
-2.9 -3.20000000000001 0.4
-2.9 -3.20000000000001 0.5
-2.9 -3.20000000000001 0.6000000000000001
-2.9 -3.20000000000001 0.7000000000000001
-2.9 -3.20000000000001 0.8
-2.9 -3.20000000000001 0.9
-2.9 -3.20000000000001 1.0
-2.9 -3.20000000000001 1.1
-2.9 -3.20000000000001 1.2000000000000002
-2.9 -3.20000000000001 1.3
-2.9 -3.20000000000001 1.4000000000000001
-2.9 -3.20000000000001 1.5
-2.9 -3.20000000000001 1.6
-2.9 -3.20000000000001 1.7000000000000002
-2.9 -3.20000000000001 1.8
-2.9 -3.20000000000001 1.9000000000000001
-2.9 -3.20000000000001 2.0
-2.9 -3.20000000000001 2.1
-2.9 -3.20000000000001 2.2
-2.9 -3.20000000000001 2.3000000000000003
-2.9 -3.20000000000001 2.4000000000000004
-2.9 -3.20000000000001 2.5
-2.9 -3.1000000000000103 0.0
-2.9 -3.1000000000000103 0.1
-2.9 -3.1000000000000103 0.2
-2.9 -3.1000000000000103 0.30000000000000004
-2.9 -3.1000000000000103 0.4
-2.9 -3.1000000000000103 0.5
-2.9 -3.1000000000000103 0.6000000000000001
-2.9 -3.1000000000000103 0.7000000000000001
-2.9 -3.1000000000000103 0.8
-2.9 -3.1000000000000103 0.9
-2.9 -3.1000000000000103 1.0
-2.9 -3.1000000000000103 1.1
-2.9 -3.1000000000000103 1.2000000000000002
-2.9 -3.1000000000000103 1.3
-2.9 -3.1000000000000103 1.4000000000000001
-2.9 -3.1000000000000103 1.5
-2.9 -3.1000000000000103 1.6
-2.9 -3.1000000000000103 1.7000000000000002
-2.9 -3.1000000000000103 1.8
-2.9 -3.1000000000000103 1.9000000000000001
-2.9 -3.1000000000000103 2.0
-2.9 -3.1000000000000103 2.1
-2.9 -3.1000000000000103 2.2
-2.9 -3.1000000000000103 2.3000000000000003
-2.9 -3.1000000000000103 2.4000000000000004
-2.9 -3.1000000000000103 2.5
-2.9 -3.0000000000000107 0.0
-2.9 -3.0000000000000107 0.1
-2.9 -3.0000000000000107 0.2
-2.9 -3.0000000000000107 0.30000000000000004
-2.9 -3.0000000000000107 0.4
-2.9 -3.0000000000000107 0.5
-2.9 -3.0000000000000107 0.6000000000000001
-2.9 -3.0000000000000107 0.7000000000000001
-2.9 -3.0000000000000107 0.8
-2.9 -3.0000000000000107 0.9
-2.9 -3.0000000000000107 1.0
-2.9 -3.0000000000000107 1.1
-2.9 -3.0000000000000107 1.2000000000000002
-2.9 -3.0000000000000107 1.3
-2.9 -3.0000000000000107 1.4000000000000001
-2.9 -3.0000000000000107 1.5
-2.9 -3.0000000000000107 1.6
-2.9 -3.0000000000000107 1.7000000000000002
-2.9 -3.0000000000000107 1.8
-2.9 -3.0000000000000107 1.9000000000000001
-2.9 -3.0000000000000107 2.0
-2.9 -3.0000000000000107 2.1
-2.9 -3.0000000000000107 2.2
-2.9 -3.0000000000000107 2.3000000000000003
-2.9 -3.0000000000000107 2.4000000000000004
-2.9 -3.0000000000000107 2.5
-2.9 -2.900000000000011 0.0
-2.9 -2.900000000000011 0.1
-2.9 -2.900000000000011 0.2
-2.9 -2.900000000000011 0.30000000000000004
-2.9 -2.900000000000011 0.4
-2.9 -2.900000000000011 0.5
-2.9 -2.900000000000011 0.6000000000000001
-2.9 -2.900000000000011 0.7000000000000001
-2.9 -2.900000000000011 0.8
-2.9 -2.900000000000011 0.9
-2.9 -2.900000000000011 1.0
-2.9 -2.900000000000011 1.1
-2.9 -2.900000000000011 1.2000000000000002
-2.9 -2.900000000000011 1.3
-2.9 -2.900000000000011 1.4000000000000001
-2.9 -2.900000000000011 1.5
-2.9 -2.900000000000011 1.6
-2.9 -2.900000000000011 1.7000000000000002
-2.9 -2.900000000000011 1.8
-2.9 -2.900000000000011 1.9000000000000001
-2.9 -2.900000000000011 2.0
-2.9 -2.900000000000011 2.1
-2.9 -2.900000000000011 2.2
-2.9 -2.900000000000011 2.3000000000000003
-2.9 -2.900000000000011 2.4000000000000004
-2.9 -2.900000000000011 2.5
-2.9 -2.8000000000000114 0.0
-2.9 -2.8000000000000114 0.1
-2.9 -2.8000000000000114 0.2
-2.9 -2.8000000000000114 0.30000000000000004
-2.9 -2.8000000000000114 0.4
-2.9 -2.8000000000000114 0.5
-2.9 -2.8000000000000114 0.6000000000000001
-2.9 -2.8000000000000114 0.7000000000000001
-2.9 -2.8000000000000114 0.8
-2.9 -2.8000000000000114 0.9
-2.9 -2.8000000000000114 1.0
-2.9 -2.8000000000000114 1.1
-2.9 -2.8000000000000114 1.2000000000000002
-2.9 -2.8000000000000114 1.3
-2.9 -2.8000000000000114 1.4000000000000001
-2.9 -2.8000000000000114 1.5
-2.9 -2.8000000000000114 1.6
-2.9 -2.8000000000000114 1.7000000000000002
-2.9 -2.8000000000000114 1.8
-2.9 -2.8000000000000114 1.9000000000000001
-2.9 -2.8000000000000114 2.0
-2.9 -2.8000000000000114 2.1
-2.9 -2.8000000000000114 2.2
-2.9 -2.8000000000000114 2.3000000000000003
-2.9 -2.8000000000000114 2.4000000000000004
-2.9 -2.8000000000000114 2.5
-2.9 -2.7000000000000117 0.0
-2.9 -2.7000000000000117 0.1
-2.9 -2.7000000000000117 0.2
-2.9 -2.7000000000000117 0.30000000000000004
-2.9 -2.7000000000000117 0.4
-2.9 -2.7000000000000117 0.5
-2.9 -2.7000000000000117 0.6000000000000001
-2.9 -2.7000000000000117 0.7000000000000001
-2.9 -2.7000000000000117 0.8
-2.9 -2.7000000000000117 0.9
-2.9 -2.7000000000000117 1.0
-2.9 -2.7000000000000117 1.1
-2.9 -2.7000000000000117 1.2000000000000002
-2.9 -2.7000000000000117 1.3
-2.9 -2.7000000000000117 1.4000000000000001
-2.9 -2.7000000000000117 1.5
-2.9 -2.7000000000000117 1.6
-2.9 -2.7000000000000117 1.7000000000000002
-2.9 -2.7000000000000117 1.8
-2.9 -2.7000000000000117 1.9000000000000001
-2.9 -2.7000000000000117 2.0
-2.9 -2.7000000000000117 2.1
-2.9 -2.7000000000000117 2.2
-2.9 -2.7000000000000117 2.3000000000000003
-2.9 -2.7000000000000117 2.4000000000000004
-2.9 -2.7000000000000117 2.5
-2.9 -2.600000000000012 0.0
-2.9 -2.600000000000012 0.1
-2.9 -2.600000000000012 0.2
-2.9 -2.600000000000012 0.30000000000000004
-2.9 -2.600000000000012 0.4
-2.9 -2.600000000000012 0.5
-2.9 -2.600000000000012 0.6000000000000001
-2.9 -2.600000000000012 0.7000000000000001
-2.9 -2.600000000000012 0.8
-2.9 -2.600000000000012 0.9
-2.9 -2.600000000000012 1.0
-2.9 -2.600000000000012 1.1
-2.9 -2.600000000000012 1.2000000000000002
-2.9 -2.600000000000012 1.3
-2.9 -2.600000000000012 1.4000000000000001
-2.9 -2.600000000000012 1.5
-2.9 -2.600000000000012 1.6
-2.9 -2.600000000000012 1.7000000000000002
-2.9 -2.600000000000012 1.8
-2.9 -2.600000000000012 1.9000000000000001
-2.9 -2.600000000000012 2.0
-2.9 -2.600000000000012 2.1
-2.9 -2.600000000000012 2.2
-2.9 -2.600000000000012 2.3000000000000003
-2.9 -2.600000000000012 2.4000000000000004
-2.9 -2.600000000000012 2.5
-2.9 -2.5000000000000124 0.0
-2.9 -2.5000000000000124 0.1
-2.9 -2.5000000000000124 0.2
-2.9 -2.5000000000000124 0.30000000000000004
-2.9 -2.5000000000000124 0.4
-2.9 -2.5000000000000124 0.5
-2.9 -2.5000000000000124 0.6000000000000001
-2.9 -2.5000000000000124 0.7000000000000001
-2.9 -2.5000000000000124 0.8
-2.9 -2.5000000000000124 0.9
-2.9 -2.5000000000000124 1.0
-2.9 -2.5000000000000124 1.1
-2.9 -2.5000000000000124 1.2000000000000002
-2.9 -2.5000000000000124 1.3
-2.9 -2.5000000000000124 1.4000000000000001
-2.9 -2.5000000000000124 1.5
-2.9 -2.5000000000000124 1.6
-2.9 -2.5000000000000124 1.7000000000000002
-2.9 -2.5000000000000124 1.8
-2.9 -2.5000000000000124 1.9000000000000001
-2.9 -2.5000000000000124 2.0
-2.9 -2.5000000000000124 2.1
-2.9 -2.5000000000000124 2.2
-2.9 -2.5000000000000124 2.3000000000000003
-2.9 -2.5000000000000124 2.4000000000000004
-2.9 -2.5000000000000124 2.5
-2.9 -2.400000000000013 0.0
-2.9 -2.400000000000013 0.1
-2.9 -2.400000000000013 0.2
-2.9 -2.400000000000013 0.30000000000000004
-2.9 -2.400000000000013 0.4
-2.9 -2.400000000000013 0.5
-2.9 -2.400000000000013 0.6000000000000001
-2.9 -2.400000000000013 0.7000000000000001
-2.9 -2.400000000000013 0.8
-2.9 -2.400000000000013 0.9
-2.9 -2.400000000000013 1.0
-2.9 -2.400000000000013 1.1
-2.9 -2.400000000000013 1.2000000000000002
-2.9 -2.400000000000013 1.3
-2.9 -2.400000000000013 1.4000000000000001
-2.9 -2.400000000000013 1.5
-2.9 -2.400000000000013 1.6
-2.9 -2.400000000000013 1.7000000000000002
-2.9 -2.400000000000013 1.8
-2.9 -2.400000000000013 1.9000000000000001
-2.9 -2.400000000000013 2.0
-2.9 -2.400000000000013 2.1
-2.9 -2.400000000000013 2.2
-2.9 -2.400000000000013 2.3000000000000003
-2.9 -2.400000000000013 2.4000000000000004
-2.9 -2.400000000000013 2.5
-2.9 -2.300000000000013 0.0
-2.9 -2.300000000000013 0.1
-2.9 -2.300000000000013 0.2
-2.9 -2.300000000000013 0.30000000000000004
-2.9 -2.300000000000013 0.4
-2.9 -2.300000000000013 0.5
-2.9 -2.300000000000013 0.6000000000000001
-2.9 -2.300000000000013 0.7000000000000001
-2.9 -2.300000000000013 0.8
-2.9 -2.300000000000013 0.9
-2.9 -2.300000000000013 1.0
-2.9 -2.300000000000013 1.1
-2.9 -2.300000000000013 1.2000000000000002
-2.9 -2.300000000000013 1.3
-2.9 -2.300000000000013 1.4000000000000001
-2.9 -2.300000000000013 1.5
-2.9 -2.300000000000013 1.6
-2.9 -2.300000000000013 1.7000000000000002
-2.9 -2.300000000000013 1.8
-2.9 -2.300000000000013 1.9000000000000001
-2.9 -2.300000000000013 2.0
-2.9 -2.300000000000013 2.1
-2.9 -2.300000000000013 2.2
-2.9 -2.300000000000013 2.3000000000000003
-2.9 -2.300000000000013 2.4000000000000004
-2.9 -2.300000000000013 2.5
-2.9 -2.2000000000000135 0.0
-2.9 -2.2000000000000135 0.1
-2.9 -2.2000000000000135 0.2
-2.9 -2.2000000000000135 0.30000000000000004
-2.9 -2.2000000000000135 0.4
-2.9 -2.2000000000000135 0.5
-2.9 -2.2000000000000135 0.6000000000000001
-2.9 -2.2000000000000135 0.7000000000000001
-2.9 -2.2000000000000135 0.8
-2.9 -2.2000000000000135 0.9
-2.9 -2.2000000000000135 1.0
-2.9 -2.2000000000000135 1.1
-2.9 -2.2000000000000135 1.2000000000000002
-2.9 -2.2000000000000135 1.3
-2.9 -2.2000000000000135 1.4000000000000001
-2.9 -2.2000000000000135 1.5
-2.9 -2.2000000000000135 1.6
-2.9 -2.2000000000000135 1.7000000000000002
-2.9 -2.2000000000000135 1.8
-2.9 -2.2000000000000135 1.9000000000000001
-2.9 -2.2000000000000135 2.0
-2.9 -2.2000000000000135 2.1
-2.9 -2.2000000000000135 2.2
-2.9 -2.2000000000000135 2.3000000000000003
-2.9 -2.2000000000000135 2.4000000000000004
-2.9 -2.2000000000000135 2.5
-2.9 -2.100000000000014 0.0
-2.9 -2.100000000000014 0.1
-2.9 -2.100000000000014 0.2
-2.9 -2.100000000000014 0.30000000000000004
-2.9 -2.100000000000014 0.4
-2.9 -2.100000000000014 0.5
-2.9 -2.100000000000014 0.6000000000000001
-2.9 -2.100000000000014 0.7000000000000001
-2.9 -2.100000000000014 0.8
-2.9 -2.100000000000014 0.9
-2.9 -2.100000000000014 1.0
-2.9 -2.100000000000014 1.1
-2.9 -2.100000000000014 1.2000000000000002
-2.9 -2.100000000000014 1.3
-2.9 -2.100000000000014 1.4000000000000001
-2.9 -2.100000000000014 1.5
-2.9 -2.100000000000014 1.6
-2.9 -2.100000000000014 1.7000000000000002
-2.9 -2.100000000000014 1.8
-2.9 -2.100000000000014 1.9000000000000001
-2.9 -2.100000000000014 2.0
-2.9 -2.100000000000014 2.1
-2.9 -2.100000000000014 2.2
-2.9 -2.100000000000014 2.3000000000000003
-2.9 -2.100000000000014 2.4000000000000004
-2.9 -2.100000000000014 2.5
-2.9 -2.000000000000014 0.0
-2.9 -2.000000000000014 0.1
-2.9 -2.000000000000014 0.2
-2.9 -2.000000000000014 0.30000000000000004
-2.9 -2.000000000000014 0.4
-2.9 -2.000000000000014 0.5
-2.9 -2.000000000000014 0.6000000000000001
-2.9 -2.000000000000014 0.7000000000000001
-2.9 -2.000000000000014 0.8
-2.9 -2.000000000000014 0.9
-2.9 -2.000000000000014 1.0
-2.9 -2.000000000000014 1.1
-2.9 -2.000000000000014 1.2000000000000002
-2.9 -2.000000000000014 1.3
-2.9 -2.000000000000014 1.4000000000000001
-2.9 -2.000000000000014 1.5
-2.9 -2.000000000000014 1.6
-2.9 -2.000000000000014 1.7000000000000002
-2.9 -2.000000000000014 1.8
-2.9 -2.000000000000014 1.9000000000000001
-2.9 -2.000000000000014 2.0
-2.9 -2.000000000000014 2.1
-2.9 -2.000000000000014 2.2
-2.9 -2.000000000000014 2.3000000000000003
-2.9 -2.000000000000014 2.4000000000000004
-2.9 -2.000000000000014 2.5
-2.9 -1.9000000000000146 0.0
-2.9 -1.9000000000000146 0.1
-2.9 -1.9000000000000146 0.2
-2.9 -1.9000000000000146 0.30000000000000004
-2.9 -1.9000000000000146 0.4
-2.9 -1.9000000000000146 0.5
-2.9 -1.9000000000000146 0.6000000000000001
-2.9 -1.9000000000000146 0.7000000000000001
-2.9 -1.9000000000000146 0.8
-2.9 -1.9000000000000146 0.9
-2.9 -1.9000000000000146 1.0
-2.9 -1.9000000000000146 1.1
-2.9 -1.9000000000000146 1.2000000000000002
-2.9 -1.9000000000000146 1.3
-2.9 -1.9000000000000146 1.4000000000000001
-2.9 -1.9000000000000146 1.5
-2.9 -1.9000000000000146 1.6
-2.9 -1.9000000000000146 1.7000000000000002
-2.9 -1.9000000000000146 1.8
-2.9 -1.9000000000000146 1.9000000000000001
-2.9 -1.9000000000000146 2.0
-2.9 -1.9000000000000146 2.1
-2.9 -1.9000000000000146 2.2
-2.9 -1.9000000000000146 2.3000000000000003
-2.9 -1.9000000000000146 2.4000000000000004
-2.9 -1.9000000000000146 2.5
-2.9 -1.800000000000015 0.0
-2.9 -1.800000000000015 0.1
-2.9 -1.800000000000015 0.2
-2.9 -1.800000000000015 0.30000000000000004
-2.9 -1.800000000000015 0.4
-2.9 -1.800000000000015 0.5
-2.9 -1.800000000000015 0.6000000000000001
-2.9 -1.800000000000015 0.7000000000000001
-2.9 -1.800000000000015 0.8
-2.9 -1.800000000000015 0.9
-2.9 -1.800000000000015 1.0
-2.9 -1.800000000000015 1.1
-2.9 -1.800000000000015 1.2000000000000002
-2.9 -1.800000000000015 1.3
-2.9 -1.800000000000015 1.4000000000000001
-2.9 -1.800000000000015 1.5
-2.9 -1.800000000000015 1.6
-2.9 -1.800000000000015 1.7000000000000002
-2.9 -1.800000000000015 1.8
-2.9 -1.800000000000015 1.9000000000000001
-2.9 -1.800000000000015 2.0
-2.9 -1.800000000000015 2.1
-2.9 -1.800000000000015 2.2
-2.9 -1.800000000000015 2.3000000000000003
-2.9 -1.800000000000015 2.4000000000000004
-2.9 -1.800000000000015 2.5
-2.9 -1.7000000000000153 0.0
-2.9 -1.7000000000000153 0.1
-2.9 -1.7000000000000153 0.2
-2.9 -1.7000000000000153 0.30000000000000004
-2.9 -1.7000000000000153 0.4
-2.9 -1.7000000000000153 0.5
-2.9 -1.7000000000000153 0.6000000000000001
-2.9 -1.7000000000000153 0.7000000000000001
-2.9 -1.7000000000000153 0.8
-2.9 -1.7000000000000153 0.9
-2.9 -1.7000000000000153 1.0
-2.9 -1.7000000000000153 1.1
-2.9 -1.7000000000000153 1.2000000000000002
-2.9 -1.7000000000000153 1.3
-2.9 -1.7000000000000153 1.4000000000000001
-2.9 -1.7000000000000153 1.5
-2.9 -1.7000000000000153 1.6
-2.9 -1.7000000000000153 1.7000000000000002
-2.9 -1.7000000000000153 1.8
-2.9 -1.7000000000000153 1.9000000000000001
-2.9 -1.7000000000000153 2.0
-2.9 -1.7000000000000153 2.1
-2.9 -1.7000000000000153 2.2
-2.9 -1.7000000000000153 2.3000000000000003
-2.9 -1.7000000000000153 2.4000000000000004
-2.9 -1.7000000000000153 2.5
-2.9 -1.6000000000000156 0.0
-2.9 -1.6000000000000156 0.1
-2.9 -1.6000000000000156 0.2
-2.9 -1.6000000000000156 0.30000000000000004
-2.9 -1.6000000000000156 0.4
-2.9 -1.6000000000000156 0.5
-2.9 -1.6000000000000156 0.6000000000000001
-2.9 -1.6000000000000156 0.7000000000000001
-2.9 -1.6000000000000156 0.8
-2.9 -1.6000000000000156 0.9
-2.9 -1.6000000000000156 1.0
-2.9 -1.6000000000000156 1.1
-2.9 -1.6000000000000156 1.2000000000000002
-2.9 -1.6000000000000156 1.3
-2.9 -1.6000000000000156 1.4000000000000001
-2.9 -1.6000000000000156 1.5
-2.9 -1.6000000000000156 1.6
-2.9 -1.6000000000000156 1.7000000000000002
-2.9 -1.6000000000000156 1.8
-2.9 -1.6000000000000156 1.9000000000000001
-2.9 -1.6000000000000156 2.0
-2.9 -1.6000000000000156 2.1
-2.9 -1.6000000000000156 2.2
-2.9 -1.6000000000000156 2.3000000000000003
-2.9 -1.6000000000000156 2.4000000000000004
-2.9 -1.6000000000000156 2.5
-2.9 -1.500000000000016 0.0
-2.9 -1.500000000000016 0.1
-2.9 -1.500000000000016 0.2
-2.9 -1.500000000000016 0.30000000000000004
-2.9 -1.500000000000016 0.4
-2.9 -1.500000000000016 0.5
-2.9 -1.500000000000016 0.6000000000000001
-2.9 -1.500000000000016 0.7000000000000001
-2.9 -1.500000000000016 0.8
-2.9 -1.500000000000016 0.9
-2.9 -1.500000000000016 1.0
-2.9 -1.500000000000016 1.1
-2.9 -1.500000000000016 1.2000000000000002
-2.9 -1.500000000000016 1.3
-2.9 -1.500000000000016 1.4000000000000001
-2.9 -1.500000000000016 1.5
-2.9 -1.500000000000016 1.6
-2.9 -1.500000000000016 1.7000000000000002
-2.9 -1.500000000000016 1.8
-2.9 -1.500000000000016 1.9000000000000001
-2.9 -1.500000000000016 2.0
-2.9 -1.500000000000016 2.1
-2.9 -1.500000000000016 2.2
-2.9 -1.500000000000016 2.3000000000000003
-2.9 -1.500000000000016 2.4000000000000004
-2.9 -1.500000000000016 2.5
-2.9 -1.4000000000000163 0.0
-2.9 -1.4000000000000163 0.1
-2.9 -1.4000000000000163 0.2
-2.9 -1.4000000000000163 0.30000000000000004
-2.9 -1.4000000000000163 0.4
-2.9 -1.4000000000000163 0.5
-2.9 -1.4000000000000163 0.6000000000000001
-2.9 -1.4000000000000163 0.7000000000000001
-2.9 -1.4000000000000163 0.8
-2.9 -1.4000000000000163 0.9
-2.9 -1.4000000000000163 1.0
-2.9 -1.4000000000000163 1.1
-2.9 -1.4000000000000163 1.2000000000000002
-2.9 -1.4000000000000163 1.3
-2.9 -1.4000000000000163 1.4000000000000001
-2.9 -1.4000000000000163 1.5
-2.9 -1.4000000000000163 1.6
-2.9 -1.4000000000000163 1.7000000000000002
-2.9 -1.4000000000000163 1.8
-2.9 -1.4000000000000163 1.9000000000000001
-2.9 -1.4000000000000163 2.0
-2.9 -1.4000000000000163 2.1
-2.9 -1.4000000000000163 2.2
-2.9 -1.4000000000000163 2.3000000000000003
-2.9 -1.4000000000000163 2.4000000000000004
-2.9 -1.4000000000000163 2.5
-2.9 -1.3000000000000167 0.0
-2.9 -1.3000000000000167 0.1
-2.9 -1.3000000000000167 0.2
-2.9 -1.3000000000000167 0.30000000000000004
-2.9 -1.3000000000000167 0.4
-2.9 -1.3000000000000167 0.5
-2.9 -1.3000000000000167 0.6000000000000001
-2.9 -1.3000000000000167 0.7000000000000001
-2.9 -1.3000000000000167 0.8
-2.9 -1.3000000000000167 0.9
-2.9 -1.3000000000000167 1.0
-2.9 -1.3000000000000167 1.1
-2.9 -1.3000000000000167 1.2000000000000002
-2.9 -1.3000000000000167 1.3
-2.9 -1.3000000000000167 1.4000000000000001
-2.9 -1.3000000000000167 1.5
-2.9 -1.3000000000000167 1.6
-2.9 -1.3000000000000167 1.7000000000000002
-2.9 -1.3000000000000167 1.8
-2.9 -1.3000000000000167 1.9000000000000001
-2.9 -1.3000000000000167 2.0
-2.9 -1.3000000000000167 2.1
-2.9 -1.3000000000000167 2.2
-2.9 -1.3000000000000167 2.3000000000000003
-2.9 -1.3000000000000167 2.4000000000000004
-2.9 -1.3000000000000167 2.5
-2.9 -1.200000000000017 0.0
-2.9 -1.200000000000017 0.1
-2.9 -1.200000000000017 0.2
-2.9 -1.200000000000017 0.30000000000000004
-2.9 -1.200000000000017 0.4
-2.9 -1.200000000000017 0.5
-2.9 -1.200000000000017 0.6000000000000001
-2.9 -1.200000000000017 0.7000000000000001
-2.9 -1.200000000000017 0.8
-2.9 -1.200000000000017 0.9
-2.9 -1.200000000000017 1.0
-2.9 -1.200000000000017 1.1
-2.9 -1.200000000000017 1.2000000000000002
-2.9 -1.200000000000017 1.3
-2.9 -1.200000000000017 1.4000000000000001
-2.9 -1.200000000000017 1.5
-2.9 -1.200000000000017 1.6
-2.9 -1.200000000000017 1.7000000000000002
-2.9 -1.200000000000017 1.8
-2.9 -1.200000000000017 1.9000000000000001
-2.9 -1.200000000000017 2.0
-2.9 -1.200000000000017 2.1
-2.9 -1.200000000000017 2.2
-2.9 -1.200000000000017 2.3000000000000003
-2.9 -1.200000000000017 2.4000000000000004
-2.9 -1.200000000000017 2.5
-2.9 -1.1000000000000174 0.0
-2.9 -1.1000000000000174 0.1
-2.9 -1.1000000000000174 0.2
-2.9 -1.1000000000000174 0.30000000000000004
-2.9 -1.1000000000000174 0.4
-2.9 -1.1000000000000174 0.5
-2.9 -1.1000000000000174 0.6000000000000001
-2.9 -1.1000000000000174 0.7000000000000001
-2.9 -1.1000000000000174 0.8
-2.9 -1.1000000000000174 0.9
-2.9 -1.1000000000000174 1.0
-2.9 -1.1000000000000174 1.1
-2.9 -1.1000000000000174 1.2000000000000002
-2.9 -1.1000000000000174 1.3
-2.9 -1.1000000000000174 1.4000000000000001
-2.9 -1.1000000000000174 1.5
-2.9 -1.1000000000000174 1.6
-2.9 -1.1000000000000174 1.7000000000000002
-2.9 -1.1000000000000174 1.8
-2.9 -1.1000000000000174 1.9000000000000001
-2.9 -1.1000000000000174 2.0
-2.9 -1.1000000000000174 2.1
-2.9 -1.1000000000000174 2.2
-2.9 -1.1000000000000174 2.3000000000000003
-2.9 -1.1000000000000174 2.4000000000000004
-2.9 -1.1000000000000174 2.5
-2.9 -1.0000000000000178 0.0
-2.9 -1.0000000000000178 0.1
-2.9 -1.0000000000000178 0.2
-2.9 -1.0000000000000178 0.30000000000000004
-2.9 -1.0000000000000178 0.4
-2.9 -1.0000000000000178 0.5
-2.9 -1.0000000000000178 0.6000000000000001
-2.9 -1.0000000000000178 0.7000000000000001
-2.9 -1.0000000000000178 0.8
-2.9 -1.0000000000000178 0.9
-2.9 -1.0000000000000178 1.0
-2.9 -1.0000000000000178 1.1
-2.9 -1.0000000000000178 1.2000000000000002
-2.9 -1.0000000000000178 1.3
-2.9 -1.0000000000000178 1.4000000000000001
-2.9 -1.0000000000000178 1.5
-2.9 -1.0000000000000178 1.6
-2.9 -1.0000000000000178 1.7000000000000002
-2.9 -1.0000000000000178 1.8
-2.9 -1.0000000000000178 1.9000000000000001
-2.9 -1.0000000000000178 2.0
-2.9 -1.0000000000000178 2.1
-2.9 -1.0000000000000178 2.2
-2.9 -1.0000000000000178 2.3000000000000003
-2.9 -1.0000000000000178 2.4000000000000004
-2.9 -1.0000000000000178 2.5
-2.9 -0.9000000000000181 0.0
-2.9 -0.9000000000000181 0.1
-2.9 -0.9000000000000181 0.2
-2.9 -0.9000000000000181 0.30000000000000004
-2.9 -0.9000000000000181 0.4
-2.9 -0.9000000000000181 0.5
-2.9 -0.9000000000000181 0.6000000000000001
-2.9 -0.9000000000000181 0.7000000000000001
-2.9 -0.9000000000000181 0.8
-2.9 -0.9000000000000181 0.9
-2.9 -0.9000000000000181 1.0
-2.9 -0.9000000000000181 1.1
-2.9 -0.9000000000000181 1.2000000000000002
-2.9 -0.9000000000000181 1.3
-2.9 -0.9000000000000181 1.4000000000000001
-2.9 -0.9000000000000181 1.5
-2.9 -0.9000000000000181 1.6
-2.9 -0.9000000000000181 1.7000000000000002
-2.9 -0.9000000000000181 1.8
-2.9 -0.9000000000000181 1.9000000000000001
-2.9 -0.9000000000000181 2.0
-2.9 -0.9000000000000181 2.1
-2.9 -0.9000000000000181 2.2
-2.9 -0.9000000000000181 2.3000000000000003
-2.9 -0.9000000000000181 2.4000000000000004
-2.9 -0.9000000000000181 2.5
-2.9 -0.8000000000000185 0.0
-2.9 -0.8000000000000185 0.1
-2.9 -0.8000000000000185 0.2
-2.9 -0.8000000000000185 0.30000000000000004
-2.9 -0.8000000000000185 0.4
-2.9 -0.8000000000000185 0.5
-2.9 -0.8000000000000185 0.6000000000000001
-2.9 -0.8000000000000185 0.7000000000000001
-2.9 -0.8000000000000185 0.8
-2.9 -0.8000000000000185 0.9
-2.9 -0.8000000000000185 1.0
-2.9 -0.8000000000000185 1.1
-2.9 -0.8000000000000185 1.2000000000000002
-2.9 -0.8000000000000185 1.3
-2.9 -0.8000000000000185 1.4000000000000001
-2.9 -0.8000000000000185 1.5
-2.9 -0.8000000000000185 1.6
-2.9 -0.8000000000000185 1.7000000000000002
-2.9 -0.8000000000000185 1.8
-2.9 -0.8000000000000185 1.9000000000000001
-2.9 -0.8000000000000185 2.0
-2.9 -0.8000000000000185 2.1
-2.9 -0.8000000000000185 2.2
-2.9 -0.8000000000000185 2.3000000000000003
-2.9 -0.8000000000000185 2.4000000000000004
-2.9 -0.8000000000000185 2.5
-2.9 -0.7000000000000188 0.0
-2.9 -0.7000000000000188 0.1
-2.9 -0.7000000000000188 0.2
-2.9 -0.7000000000000188 0.30000000000000004
-2.9 -0.7000000000000188 0.4
-2.9 -0.7000000000000188 0.5
-2.9 -0.7000000000000188 0.6000000000000001
-2.9 -0.7000000000000188 0.7000000000000001
-2.9 -0.7000000000000188 0.8
-2.9 -0.7000000000000188 0.9
-2.9 -0.7000000000000188 1.0
-2.9 -0.7000000000000188 1.1
-2.9 -0.7000000000000188 1.2000000000000002
-2.9 -0.7000000000000188 1.3
-2.9 -0.7000000000000188 1.4000000000000001
-2.9 -0.7000000000000188 1.5
-2.9 -0.7000000000000188 1.6
-2.9 -0.7000000000000188 1.7000000000000002
-2.9 -0.7000000000000188 1.8
-2.9 -0.7000000000000188 1.9000000000000001
-2.9 -0.7000000000000188 2.0
-2.9 -0.7000000000000188 2.1
-2.9 -0.7000000000000188 2.2
-2.9 -0.7000000000000188 2.3000000000000003
-2.9 -0.7000000000000188 2.4000000000000004
-2.9 -0.7000000000000188 2.5
-2.9 -0.6000000000000192 0.0
-2.9 -0.6000000000000192 0.1
-2.9 -0.6000000000000192 0.2
-2.9 -0.6000000000000192 0.30000000000000004
-2.9 -0.6000000000000192 0.4
-2.9 -0.6000000000000192 0.5
-2.9 -0.6000000000000192 0.6000000000000001
-2.9 -0.6000000000000192 0.7000000000000001
-2.9 -0.6000000000000192 0.8
-2.9 -0.6000000000000192 0.9
-2.9 -0.6000000000000192 1.0
-2.9 -0.6000000000000192 1.1
-2.9 -0.6000000000000192 1.2000000000000002
-2.9 -0.6000000000000192 1.3
-2.9 -0.6000000000000192 1.4000000000000001
-2.9 -0.6000000000000192 1.5
-2.9 -0.6000000000000192 1.6
-2.9 -0.6000000000000192 1.7000000000000002
-2.9 -0.6000000000000192 1.8
-2.9 -0.6000000000000192 1.9000000000000001
-2.9 -0.6000000000000192 2.0
-2.9 -0.6000000000000192 2.1
-2.9 -0.6000000000000192 2.2
-2.9 -0.6000000000000192 2.3000000000000003
-2.9 -0.6000000000000192 2.4000000000000004
-2.9 -0.6000000000000192 2.5
-2.9 -0.5000000000000195 0.0
-2.9 -0.5000000000000195 0.1
-2.9 -0.5000000000000195 0.2
-2.9 -0.5000000000000195 0.30000000000000004
-2.9 -0.5000000000000195 0.4
-2.9 -0.5000000000000195 0.5
-2.9 -0.5000000000000195 0.6000000000000001
-2.9 -0.5000000000000195 0.7000000000000001
-2.9 -0.5000000000000195 0.8
-2.9 -0.5000000000000195 0.9
-2.9 -0.5000000000000195 1.0
-2.9 -0.5000000000000195 1.1
-2.9 -0.5000000000000195 1.2000000000000002
-2.9 -0.5000000000000195 1.3
-2.9 -0.5000000000000195 1.4000000000000001
-2.9 -0.5000000000000195 1.5
-2.9 -0.5000000000000195 1.6
-2.9 -0.5000000000000195 1.7000000000000002
-2.9 -0.5000000000000195 1.8
-2.9 -0.5000000000000195 1.9000000000000001
-2.9 -0.5000000000000195 2.0
-2.9 -0.5000000000000195 2.1
-2.9 -0.5000000000000195 2.2
-2.9 -0.5000000000000195 2.3000000000000003
-2.9 -0.5000000000000195 2.4000000000000004
-2.9 -0.5000000000000195 2.5
-2.9 -0.4000000000000199 0.0
-2.9 -0.4000000000000199 0.1
-2.9 -0.4000000000000199 0.2
-2.9 -0.4000000000000199 0.30000000000000004
-2.9 -0.4000000000000199 0.4
-2.9 -0.4000000000000199 0.5
-2.9 -0.4000000000000199 0.6000000000000001
-2.9 -0.4000000000000199 0.7000000000000001
-2.9 -0.4000000000000199 0.8
-2.9 -0.4000000000000199 0.9
-2.9 -0.4000000000000199 1.0
-2.9 -0.4000000000000199 1.1
-2.9 -0.4000000000000199 1.2000000000000002
-2.9 -0.4000000000000199 1.3
-2.9 -0.4000000000000199 1.4000000000000001
-2.9 -0.4000000000000199 1.5
-2.9 -0.4000000000000199 1.6
-2.9 -0.4000000000000199 1.7000000000000002
-2.9 -0.4000000000000199 1.8
-2.9 -0.4000000000000199 1.9000000000000001
-2.9 -0.4000000000000199 2.0
-2.9 -0.4000000000000199 2.1
-2.9 -0.4000000000000199 2.2
-2.9 -0.4000000000000199 2.3000000000000003
-2.9 -0.4000000000000199 2.4000000000000004
-2.9 -0.4000000000000199 2.5
-2.9 -0.30000000000002025 0.0
-2.9 -0.30000000000002025 0.1
-2.9 -0.30000000000002025 0.2
-2.9 -0.30000000000002025 0.30000000000000004
-2.9 -0.30000000000002025 0.4
-2.9 -0.30000000000002025 0.5
-2.9 -0.30000000000002025 0.6000000000000001
-2.9 -0.30000000000002025 0.7000000000000001
-2.9 -0.30000000000002025 0.8
-2.9 -0.30000000000002025 0.9
-2.9 -0.30000000000002025 1.0
-2.9 -0.30000000000002025 1.1
-2.9 -0.30000000000002025 1.2000000000000002
-2.9 -0.30000000000002025 1.3
-2.9 -0.30000000000002025 1.4000000000000001
-2.9 -0.30000000000002025 1.5
-2.9 -0.30000000000002025 1.6
-2.9 -0.30000000000002025 1.7000000000000002
-2.9 -0.30000000000002025 1.8
-2.9 -0.30000000000002025 1.9000000000000001
-2.9 -0.30000000000002025 2.0
-2.9 -0.30000000000002025 2.1
-2.9 -0.30000000000002025 2.2
-2.9 -0.30000000000002025 2.3000000000000003
-2.9 -0.30000000000002025 2.4000000000000004
-2.9 -0.30000000000002025 2.5
-2.9 -0.2000000000000206 0.0
-2.9 -0.2000000000000206 0.1
-2.9 -0.2000000000000206 0.2
-2.9 -0.2000000000000206 0.30000000000000004
-2.9 -0.2000000000000206 0.4
-2.9 -0.2000000000000206 0.5
-2.9 -0.2000000000000206 0.6000000000000001
-2.9 -0.2000000000000206 0.7000000000000001
-2.9 -0.2000000000000206 0.8
-2.9 -0.2000000000000206 0.9
-2.9 -0.2000000000000206 1.0
-2.9 -0.2000000000000206 1.1
-2.9 -0.2000000000000206 1.2000000000000002
-2.9 -0.2000000000000206 1.3
-2.9 -0.2000000000000206 1.4000000000000001
-2.9 -0.2000000000000206 1.5
-2.9 -0.2000000000000206 1.6
-2.9 -0.2000000000000206 1.7000000000000002
-2.9 -0.2000000000000206 1.8
-2.9 -0.2000000000000206 1.9000000000000001
-2.9 -0.2000000000000206 2.0
-2.9 -0.2000000000000206 2.1
-2.9 -0.2000000000000206 2.2
-2.9 -0.2000000000000206 2.3000000000000003
-2.9 -0.2000000000000206 2.4000000000000004
-2.9 -0.2000000000000206 2.5
-2.9 -0.10000000000002096 0.0
-2.9 -0.10000000000002096 0.1
-2.9 -0.10000000000002096 0.2
-2.9 -0.10000000000002096 0.30000000000000004
-2.9 -0.10000000000002096 0.4
-2.9 -0.10000000000002096 0.5
-2.9 -0.10000000000002096 0.6000000000000001
-2.9 -0.10000000000002096 0.7000000000000001
-2.9 -0.10000000000002096 0.8
-2.9 -0.10000000000002096 0.9
-2.9 -0.10000000000002096 1.0
-2.9 -0.10000000000002096 1.1
-2.9 -0.10000000000002096 1.2000000000000002
-2.9 -0.10000000000002096 1.3
-2.9 -0.10000000000002096 1.4000000000000001
-2.9 -0.10000000000002096 1.5
-2.9 -0.10000000000002096 1.6
-2.9 -0.10000000000002096 1.7000000000000002
-2.9 -0.10000000000002096 1.8
-2.9 -0.10000000000002096 1.9000000000000001
-2.9 -0.10000000000002096 2.0
-2.9 -0.10000000000002096 2.1
-2.9 -0.10000000000002096 2.2
-2.9 -0.10000000000002096 2.3000000000000003
-2.9 -0.10000000000002096 2.4000000000000004
-2.9 -0.10000000000002096 2.5
-2.9 -2.1316282072803006e-14 0.0
-2.9 -2.1316282072803006e-14 0.1
-2.9 -2.1316282072803006e-14 0.2
-2.9 -2.1316282072803006e-14 0.30000000000000004
-2.9 -2.1316282072803006e-14 0.4
-2.9 -2.1316282072803006e-14 0.5
-2.9 -2.1316282072803006e-14 0.6000000000000001
-2.9 -2.1316282072803006e-14 0.7000000000000001
-2.9 -2.1316282072803006e-14 0.8
-2.9 -2.1316282072803006e-14 0.9
-2.9 -2.1316282072803006e-14 1.0
-2.9 -2.1316282072803006e-14 1.1
-2.9 -2.1316282072803006e-14 1.2000000000000002
-2.9 -2.1316282072803006e-14 1.3
-2.9 -2.1316282072803006e-14 1.4000000000000001
-2.9 -2.1316282072803006e-14 1.5
-2.9 -2.1316282072803006e-14 1.6
-2.9 -2.1316282072803006e-14 1.7000000000000002
-2.9 -2.1316282072803006e-14 1.8
-2.9 -2.1316282072803006e-14 1.9000000000000001
-2.9 -2.1316282072803006e-14 2.0
-2.9 -2.1316282072803006e-14 2.1
-2.9 -2.1316282072803006e-14 2.2
-2.9 -2.1316282072803006e-14 2.3000000000000003
-2.9 -2.1316282072803006e-14 2.4000000000000004
-2.9 -2.1316282072803006e-14 2.5
-2.9 0.09999999999997833 0.0
-2.9 0.09999999999997833 0.1
-2.9 0.09999999999997833 0.2
-2.9 0.09999999999997833 0.30000000000000004
-2.9 0.09999999999997833 0.4
-2.9 0.09999999999997833 0.5
-2.9 0.09999999999997833 0.6000000000000001
-2.9 0.09999999999997833 0.7000000000000001
-2.9 0.09999999999997833 0.8
-2.9 0.09999999999997833 0.9
-2.9 0.09999999999997833 1.0
-2.9 0.09999999999997833 1.1
-2.9 0.09999999999997833 1.2000000000000002
-2.9 0.09999999999997833 1.3
-2.9 0.09999999999997833 1.4000000000000001
-2.9 0.09999999999997833 1.5
-2.9 0.09999999999997833 1.6
-2.9 0.09999999999997833 1.7000000000000002
-2.9 0.09999999999997833 1.8
-2.9 0.09999999999997833 1.9000000000000001
-2.9 0.09999999999997833 2.0
-2.9 0.09999999999997833 2.1
-2.9 0.09999999999997833 2.2
-2.9 0.09999999999997833 2.3000000000000003
-2.9 0.09999999999997833 2.4000000000000004
-2.9 0.09999999999997833 2.5
-2.9 0.19999999999997797 0.0
-2.9 0.19999999999997797 0.1
-2.9 0.19999999999997797 0.2
-2.9 0.19999999999997797 0.30000000000000004
-2.9 0.19999999999997797 0.4
-2.9 0.19999999999997797 0.5
-2.9 0.19999999999997797 0.6000000000000001
-2.9 0.19999999999997797 0.7000000000000001
-2.9 0.19999999999997797 0.8
-2.9 0.19999999999997797 0.9
-2.9 0.19999999999997797 1.0
-2.9 0.19999999999997797 1.1
-2.9 0.19999999999997797 1.2000000000000002
-2.9 0.19999999999997797 1.3
-2.9 0.19999999999997797 1.4000000000000001
-2.9 0.19999999999997797 1.5
-2.9 0.19999999999997797 1.6
-2.9 0.19999999999997797 1.7000000000000002
-2.9 0.19999999999997797 1.8
-2.9 0.19999999999997797 1.9000000000000001
-2.9 0.19999999999997797 2.0
-2.9 0.19999999999997797 2.1
-2.9 0.19999999999997797 2.2
-2.9 0.19999999999997797 2.3000000000000003
-2.9 0.19999999999997797 2.4000000000000004
-2.9 0.19999999999997797 2.5
-2.9 0.2999999999999776 0.0
-2.9 0.2999999999999776 0.1
-2.9 0.2999999999999776 0.2
-2.9 0.2999999999999776 0.30000000000000004
-2.9 0.2999999999999776 0.4
-2.9 0.2999999999999776 0.5
-2.9 0.2999999999999776 0.6000000000000001
-2.9 0.2999999999999776 0.7000000000000001
-2.9 0.2999999999999776 0.8
-2.9 0.2999999999999776 0.9
-2.9 0.2999999999999776 1.0
-2.9 0.2999999999999776 1.1
-2.9 0.2999999999999776 1.2000000000000002
-2.9 0.2999999999999776 1.3
-2.9 0.2999999999999776 1.4000000000000001
-2.9 0.2999999999999776 1.5
-2.9 0.2999999999999776 1.6
-2.9 0.2999999999999776 1.7000000000000002
-2.9 0.2999999999999776 1.8
-2.9 0.2999999999999776 1.9000000000000001
-2.9 0.2999999999999776 2.0
-2.9 0.2999999999999776 2.1
-2.9 0.2999999999999776 2.2
-2.9 0.2999999999999776 2.3000000000000003
-2.9 0.2999999999999776 2.4000000000000004
-2.9 0.2999999999999776 2.5
-2.9 0.39999999999997726 0.0
-2.9 0.39999999999997726 0.1
-2.9 0.39999999999997726 0.2
-2.9 0.39999999999997726 0.30000000000000004
-2.9 0.39999999999997726 0.4
-2.9 0.39999999999997726 0.5
-2.9 0.39999999999997726 0.6000000000000001
-2.9 0.39999999999997726 0.7000000000000001
-2.9 0.39999999999997726 0.8
-2.9 0.39999999999997726 0.9
-2.9 0.39999999999997726 1.0
-2.9 0.39999999999997726 1.1
-2.9 0.39999999999997726 1.2000000000000002
-2.9 0.39999999999997726 1.3
-2.9 0.39999999999997726 1.4000000000000001
-2.9 0.39999999999997726 1.5
-2.9 0.39999999999997726 1.6
-2.9 0.39999999999997726 1.7000000000000002
-2.9 0.39999999999997726 1.8
-2.9 0.39999999999997726 1.9000000000000001
-2.9 0.39999999999997726 2.0
-2.9 0.39999999999997726 2.1
-2.9 0.39999999999997726 2.2
-2.9 0.39999999999997726 2.3000000000000003
-2.9 0.39999999999997726 2.4000000000000004
-2.9 0.39999999999997726 2.5
-2.9 0.4999999999999769 0.0
-2.9 0.4999999999999769 0.1
-2.9 0.4999999999999769 0.2
-2.9 0.4999999999999769 0.30000000000000004
-2.9 0.4999999999999769 0.4
-2.9 0.4999999999999769 0.5
-2.9 0.4999999999999769 0.6000000000000001
-2.9 0.4999999999999769 0.7000000000000001
-2.9 0.4999999999999769 0.8
-2.9 0.4999999999999769 0.9
-2.9 0.4999999999999769 1.0
-2.9 0.4999999999999769 1.1
-2.9 0.4999999999999769 1.2000000000000002
-2.9 0.4999999999999769 1.3
-2.9 0.4999999999999769 1.4000000000000001
-2.9 0.4999999999999769 1.5
-2.9 0.4999999999999769 1.6
-2.9 0.4999999999999769 1.7000000000000002
-2.9 0.4999999999999769 1.8
-2.9 0.4999999999999769 1.9000000000000001
-2.9 0.4999999999999769 2.0
-2.9 0.4999999999999769 2.1
-2.9 0.4999999999999769 2.2
-2.9 0.4999999999999769 2.3000000000000003
-2.9 0.4999999999999769 2.4000000000000004
-2.9 0.4999999999999769 2.5
-2.9 0.5999999999999766 0.0
-2.9 0.5999999999999766 0.1
-2.9 0.5999999999999766 0.2
-2.9 0.5999999999999766 0.30000000000000004
-2.9 0.5999999999999766 0.4
-2.9 0.5999999999999766 0.5
-2.9 0.5999999999999766 0.6000000000000001
-2.9 0.5999999999999766 0.7000000000000001
-2.9 0.5999999999999766 0.8
-2.9 0.5999999999999766 0.9
-2.9 0.5999999999999766 1.0
-2.9 0.5999999999999766 1.1
-2.9 0.5999999999999766 1.2000000000000002
-2.9 0.5999999999999766 1.3
-2.9 0.5999999999999766 1.4000000000000001
-2.9 0.5999999999999766 1.5
-2.9 0.5999999999999766 1.6
-2.9 0.5999999999999766 1.7000000000000002
-2.9 0.5999999999999766 1.8
-2.9 0.5999999999999766 1.9000000000000001
-2.9 0.5999999999999766 2.0
-2.9 0.5999999999999766 2.1
-2.9 0.5999999999999766 2.2
-2.9 0.5999999999999766 2.3000000000000003
-2.9 0.5999999999999766 2.4000000000000004
-2.9 0.5999999999999766 2.5
-2.9 0.6999999999999762 0.0
-2.9 0.6999999999999762 0.1
-2.9 0.6999999999999762 0.2
-2.9 0.6999999999999762 0.30000000000000004
-2.9 0.6999999999999762 0.4
-2.9 0.6999999999999762 0.5
-2.9 0.6999999999999762 0.6000000000000001
-2.9 0.6999999999999762 0.7000000000000001
-2.9 0.6999999999999762 0.8
-2.9 0.6999999999999762 0.9
-2.9 0.6999999999999762 1.0
-2.9 0.6999999999999762 1.1
-2.9 0.6999999999999762 1.2000000000000002
-2.9 0.6999999999999762 1.3
-2.9 0.6999999999999762 1.4000000000000001
-2.9 0.6999999999999762 1.5
-2.9 0.6999999999999762 1.6
-2.9 0.6999999999999762 1.7000000000000002
-2.9 0.6999999999999762 1.8
-2.9 0.6999999999999762 1.9000000000000001
-2.9 0.6999999999999762 2.0
-2.9 0.6999999999999762 2.1
-2.9 0.6999999999999762 2.2
-2.9 0.6999999999999762 2.3000000000000003
-2.9 0.6999999999999762 2.4000000000000004
-2.9 0.6999999999999762 2.5
-2.9 0.7999999999999758 0.0
-2.9 0.7999999999999758 0.1
-2.9 0.7999999999999758 0.2
-2.9 0.7999999999999758 0.30000000000000004
-2.9 0.7999999999999758 0.4
-2.9 0.7999999999999758 0.5
-2.9 0.7999999999999758 0.6000000000000001
-2.9 0.7999999999999758 0.7000000000000001
-2.9 0.7999999999999758 0.8
-2.9 0.7999999999999758 0.9
-2.9 0.7999999999999758 1.0
-2.9 0.7999999999999758 1.1
-2.9 0.7999999999999758 1.2000000000000002
-2.9 0.7999999999999758 1.3
-2.9 0.7999999999999758 1.4000000000000001
-2.9 0.7999999999999758 1.5
-2.9 0.7999999999999758 1.6
-2.9 0.7999999999999758 1.7000000000000002
-2.9 0.7999999999999758 1.8
-2.9 0.7999999999999758 1.9000000000000001
-2.9 0.7999999999999758 2.0
-2.9 0.7999999999999758 2.1
-2.9 0.7999999999999758 2.2
-2.9 0.7999999999999758 2.3000000000000003
-2.9 0.7999999999999758 2.4000000000000004
-2.9 0.7999999999999758 2.5
-2.9 0.8999999999999755 0.0
-2.9 0.8999999999999755 0.1
-2.9 0.8999999999999755 0.2
-2.9 0.8999999999999755 0.30000000000000004
-2.9 0.8999999999999755 0.4
-2.9 0.8999999999999755 0.5
-2.9 0.8999999999999755 0.6000000000000001
-2.9 0.8999999999999755 0.7000000000000001
-2.9 0.8999999999999755 0.8
-2.9 0.8999999999999755 0.9
-2.9 0.8999999999999755 1.0
-2.9 0.8999999999999755 1.1
-2.9 0.8999999999999755 1.2000000000000002
-2.9 0.8999999999999755 1.3
-2.9 0.8999999999999755 1.4000000000000001
-2.9 0.8999999999999755 1.5
-2.9 0.8999999999999755 1.6
-2.9 0.8999999999999755 1.7000000000000002
-2.9 0.8999999999999755 1.8
-2.9 0.8999999999999755 1.9000000000000001
-2.9 0.8999999999999755 2.0
-2.9 0.8999999999999755 2.1
-2.9 0.8999999999999755 2.2
-2.9 0.8999999999999755 2.3000000000000003
-2.9 0.8999999999999755 2.4000000000000004
-2.9 0.8999999999999755 2.5
-2.9 0.9999999999999751 0.0
-2.9 0.9999999999999751 0.1
-2.9 0.9999999999999751 0.2
-2.9 0.9999999999999751 0.30000000000000004
-2.9 0.9999999999999751 0.4
-2.9 0.9999999999999751 0.5
-2.9 0.9999999999999751 0.6000000000000001
-2.9 0.9999999999999751 0.7000000000000001
-2.9 0.9999999999999751 0.8
-2.9 0.9999999999999751 0.9
-2.9 0.9999999999999751 1.0
-2.9 0.9999999999999751 1.1
-2.9 0.9999999999999751 1.2000000000000002
-2.9 0.9999999999999751 1.3
-2.9 0.9999999999999751 1.4000000000000001
-2.9 0.9999999999999751 1.5
-2.9 0.9999999999999751 1.6
-2.9 0.9999999999999751 1.7000000000000002
-2.9 0.9999999999999751 1.8
-2.9 0.9999999999999751 1.9000000000000001
-2.9 0.9999999999999751 2.0
-2.9 0.9999999999999751 2.1
-2.9 0.9999999999999751 2.2
-2.9 0.9999999999999751 2.3000000000000003
-2.9 0.9999999999999751 2.4000000000000004
-2.9 0.9999999999999751 2.5
-2.9 1.0999999999999748 0.0
-2.9 1.0999999999999748 0.1
-2.9 1.0999999999999748 0.2
-2.9 1.0999999999999748 0.30000000000000004
-2.9 1.0999999999999748 0.4
-2.9 1.0999999999999748 0.5
-2.9 1.0999999999999748 0.6000000000000001
-2.9 1.0999999999999748 0.7000000000000001
-2.9 1.0999999999999748 0.8
-2.9 1.0999999999999748 0.9
-2.9 1.0999999999999748 1.0
-2.9 1.0999999999999748 1.1
-2.9 1.0999999999999748 1.2000000000000002
-2.9 1.0999999999999748 1.3
-2.9 1.0999999999999748 1.4000000000000001
-2.9 1.0999999999999748 1.5
-2.9 1.0999999999999748 1.6
-2.9 1.0999999999999748 1.7000000000000002
-2.9 1.0999999999999748 1.8
-2.9 1.0999999999999748 1.9000000000000001
-2.9 1.0999999999999748 2.0
-2.9 1.0999999999999748 2.1
-2.9 1.0999999999999748 2.2
-2.9 1.0999999999999748 2.3000000000000003
-2.9 1.0999999999999748 2.4000000000000004
-2.9 1.0999999999999748 2.5
-2.9 1.1999999999999744 0.0
-2.9 1.1999999999999744 0.1
-2.9 1.1999999999999744 0.2
-2.9 1.1999999999999744 0.30000000000000004
-2.9 1.1999999999999744 0.4
-2.9 1.1999999999999744 0.5
-2.9 1.1999999999999744 0.6000000000000001
-2.9 1.1999999999999744 0.7000000000000001
-2.9 1.1999999999999744 0.8
-2.9 1.1999999999999744 0.9
-2.9 1.1999999999999744 1.0
-2.9 1.1999999999999744 1.1
-2.9 1.1999999999999744 1.2000000000000002
-2.9 1.1999999999999744 1.3
-2.9 1.1999999999999744 1.4000000000000001
-2.9 1.1999999999999744 1.5
-2.9 1.1999999999999744 1.6
-2.9 1.1999999999999744 1.7000000000000002
-2.9 1.1999999999999744 1.8
-2.9 1.1999999999999744 1.9000000000000001
-2.9 1.1999999999999744 2.0
-2.9 1.1999999999999744 2.1
-2.9 1.1999999999999744 2.2
-2.9 1.1999999999999744 2.3000000000000003
-2.9 1.1999999999999744 2.4000000000000004
-2.9 1.1999999999999744 2.5
-2.9 1.299999999999974 0.0
-2.9 1.299999999999974 0.1
-2.9 1.299999999999974 0.2
-2.9 1.299999999999974 0.30000000000000004
-2.9 1.299999999999974 0.4
-2.9 1.299999999999974 0.5
-2.9 1.299999999999974 0.6000000000000001
-2.9 1.299999999999974 0.7000000000000001
-2.9 1.299999999999974 0.8
-2.9 1.299999999999974 0.9
-2.9 1.299999999999974 1.0
-2.9 1.299999999999974 1.1
-2.9 1.299999999999974 1.2000000000000002
-2.9 1.299999999999974 1.3
-2.9 1.299999999999974 1.4000000000000001
-2.9 1.299999999999974 1.5
-2.9 1.299999999999974 1.6
-2.9 1.299999999999974 1.7000000000000002
-2.9 1.299999999999974 1.8
-2.9 1.299999999999974 1.9000000000000001
-2.9 1.299999999999974 2.0
-2.9 1.299999999999974 2.1
-2.9 1.299999999999974 2.2
-2.9 1.299999999999974 2.3000000000000003
-2.9 1.299999999999974 2.4000000000000004
-2.9 1.299999999999974 2.5
-2.9 1.3999999999999737 0.0
-2.9 1.3999999999999737 0.1
-2.9 1.3999999999999737 0.2
-2.9 1.3999999999999737 0.30000000000000004
-2.9 1.3999999999999737 0.4
-2.9 1.3999999999999737 0.5
-2.9 1.3999999999999737 0.6000000000000001
-2.9 1.3999999999999737 0.7000000000000001
-2.9 1.3999999999999737 0.8
-2.9 1.3999999999999737 0.9
-2.9 1.3999999999999737 1.0
-2.9 1.3999999999999737 1.1
-2.9 1.3999999999999737 1.2000000000000002
-2.9 1.3999999999999737 1.3
-2.9 1.3999999999999737 1.4000000000000001
-2.9 1.3999999999999737 1.5
-2.9 1.3999999999999737 1.6
-2.9 1.3999999999999737 1.7000000000000002
-2.9 1.3999999999999737 1.8
-2.9 1.3999999999999737 1.9000000000000001
-2.9 1.3999999999999737 2.0
-2.9 1.3999999999999737 2.1
-2.9 1.3999999999999737 2.2
-2.9 1.3999999999999737 2.3000000000000003
-2.9 1.3999999999999737 2.4000000000000004
-2.9 1.3999999999999737 2.5
-2.9 1.4999999999999734 0.0
-2.9 1.4999999999999734 0.1
-2.9 1.4999999999999734 0.2
-2.9 1.4999999999999734 0.30000000000000004
-2.9 1.4999999999999734 0.4
-2.9 1.4999999999999734 0.5
-2.9 1.4999999999999734 0.6000000000000001
-2.9 1.4999999999999734 0.7000000000000001
-2.9 1.4999999999999734 0.8
-2.9 1.4999999999999734 0.9
-2.9 1.4999999999999734 1.0
-2.9 1.4999999999999734 1.1
-2.9 1.4999999999999734 1.2000000000000002
-2.9 1.4999999999999734 1.3
-2.9 1.4999999999999734 1.4000000000000001
-2.9 1.4999999999999734 1.5
-2.9 1.4999999999999734 1.6
-2.9 1.4999999999999734 1.7000000000000002
-2.9 1.4999999999999734 1.8
-2.9 1.4999999999999734 1.9000000000000001
-2.9 1.4999999999999734 2.0
-2.9 1.4999999999999734 2.1
-2.9 1.4999999999999734 2.2
-2.9 1.4999999999999734 2.3000000000000003
-2.9 1.4999999999999734 2.4000000000000004
-2.9 1.4999999999999734 2.5
-2.9 1.599999999999973 0.0
-2.9 1.599999999999973 0.1
-2.9 1.599999999999973 0.2
-2.9 1.599999999999973 0.30000000000000004
-2.9 1.599999999999973 0.4
-2.9 1.599999999999973 0.5
-2.9 1.599999999999973 0.6000000000000001
-2.9 1.599999999999973 0.7000000000000001
-2.9 1.599999999999973 0.8
-2.9 1.599999999999973 0.9
-2.9 1.599999999999973 1.0
-2.9 1.599999999999973 1.1
-2.9 1.599999999999973 1.2000000000000002
-2.9 1.599999999999973 1.3
-2.9 1.599999999999973 1.4000000000000001
-2.9 1.599999999999973 1.5
-2.9 1.599999999999973 1.6
-2.9 1.599999999999973 1.7000000000000002
-2.9 1.599999999999973 1.8
-2.9 1.599999999999973 1.9000000000000001
-2.9 1.599999999999973 2.0
-2.9 1.599999999999973 2.1
-2.9 1.599999999999973 2.2
-2.9 1.599999999999973 2.3000000000000003
-2.9 1.599999999999973 2.4000000000000004
-2.9 1.599999999999973 2.5
-2.9 1.6999999999999726 0.0
-2.9 1.6999999999999726 0.1
-2.9 1.6999999999999726 0.2
-2.9 1.6999999999999726 0.30000000000000004
-2.9 1.6999999999999726 0.4
-2.9 1.6999999999999726 0.5
-2.9 1.6999999999999726 0.6000000000000001
-2.9 1.6999999999999726 0.7000000000000001
-2.9 1.6999999999999726 0.8
-2.9 1.6999999999999726 0.9
-2.9 1.6999999999999726 1.0
-2.9 1.6999999999999726 1.1
-2.9 1.6999999999999726 1.2000000000000002
-2.9 1.6999999999999726 1.3
-2.9 1.6999999999999726 1.4000000000000001
-2.9 1.6999999999999726 1.5
-2.9 1.6999999999999726 1.6
-2.9 1.6999999999999726 1.7000000000000002
-2.9 1.6999999999999726 1.8
-2.9 1.6999999999999726 1.9000000000000001
-2.9 1.6999999999999726 2.0
-2.9 1.6999999999999726 2.1
-2.9 1.6999999999999726 2.2
-2.9 1.6999999999999726 2.3000000000000003
-2.9 1.6999999999999726 2.4000000000000004
-2.9 1.6999999999999726 2.5
-2.9 1.7999999999999723 0.0
-2.9 1.7999999999999723 0.1
-2.9 1.7999999999999723 0.2
-2.9 1.7999999999999723 0.30000000000000004
-2.9 1.7999999999999723 0.4
-2.9 1.7999999999999723 0.5
-2.9 1.7999999999999723 0.6000000000000001
-2.9 1.7999999999999723 0.7000000000000001
-2.9 1.7999999999999723 0.8
-2.9 1.7999999999999723 0.9
-2.9 1.7999999999999723 1.0
-2.9 1.7999999999999723 1.1
-2.9 1.7999999999999723 1.2000000000000002
-2.9 1.7999999999999723 1.3
-2.9 1.7999999999999723 1.4000000000000001
-2.9 1.7999999999999723 1.5
-2.9 1.7999999999999723 1.6
-2.9 1.7999999999999723 1.7000000000000002
-2.9 1.7999999999999723 1.8
-2.9 1.7999999999999723 1.9000000000000001
-2.9 1.7999999999999723 2.0
-2.9 1.7999999999999723 2.1
-2.9 1.7999999999999723 2.2
-2.9 1.7999999999999723 2.3000000000000003
-2.9 1.7999999999999723 2.4000000000000004
-2.9 1.7999999999999723 2.5
-2.9 1.899999999999972 0.0
-2.9 1.899999999999972 0.1
-2.9 1.899999999999972 0.2
-2.9 1.899999999999972 0.30000000000000004
-2.9 1.899999999999972 0.4
-2.9 1.899999999999972 0.5
-2.9 1.899999999999972 0.6000000000000001
-2.9 1.899999999999972 0.7000000000000001
-2.9 1.899999999999972 0.8
-2.9 1.899999999999972 0.9
-2.9 1.899999999999972 1.0
-2.9 1.899999999999972 1.1
-2.9 1.899999999999972 1.2000000000000002
-2.9 1.899999999999972 1.3
-2.9 1.899999999999972 1.4000000000000001
-2.9 1.899999999999972 1.5
-2.9 1.899999999999972 1.6
-2.9 1.899999999999972 1.7000000000000002
-2.9 1.899999999999972 1.8
-2.9 1.899999999999972 1.9000000000000001
-2.9 1.899999999999972 2.0
-2.9 1.899999999999972 2.1
-2.9 1.899999999999972 2.2
-2.9 1.899999999999972 2.3000000000000003
-2.9 1.899999999999972 2.4000000000000004
-2.9 1.899999999999972 2.5
-2.9 1.9999999999999716 0.0
-2.9 1.9999999999999716 0.1
-2.9 1.9999999999999716 0.2
-2.9 1.9999999999999716 0.30000000000000004
-2.9 1.9999999999999716 0.4
-2.9 1.9999999999999716 0.5
-2.9 1.9999999999999716 0.6000000000000001
-2.9 1.9999999999999716 0.7000000000000001
-2.9 1.9999999999999716 0.8
-2.9 1.9999999999999716 0.9
-2.9 1.9999999999999716 1.0
-2.9 1.9999999999999716 1.1
-2.9 1.9999999999999716 1.2000000000000002
-2.9 1.9999999999999716 1.3
-2.9 1.9999999999999716 1.4000000000000001
-2.9 1.9999999999999716 1.5
-2.9 1.9999999999999716 1.6
-2.9 1.9999999999999716 1.7000000000000002
-2.9 1.9999999999999716 1.8
-2.9 1.9999999999999716 1.9000000000000001
-2.9 1.9999999999999716 2.0
-2.9 1.9999999999999716 2.1
-2.9 1.9999999999999716 2.2
-2.9 1.9999999999999716 2.3000000000000003
-2.9 1.9999999999999716 2.4000000000000004
-2.9 1.9999999999999716 2.5
-2.9 2.0999999999999712 0.0
-2.9 2.0999999999999712 0.1
-2.9 2.0999999999999712 0.2
-2.9 2.0999999999999712 0.30000000000000004
-2.9 2.0999999999999712 0.4
-2.9 2.0999999999999712 0.5
-2.9 2.0999999999999712 0.6000000000000001
-2.9 2.0999999999999712 0.7000000000000001
-2.9 2.0999999999999712 0.8
-2.9 2.0999999999999712 0.9
-2.9 2.0999999999999712 1.0
-2.9 2.0999999999999712 1.1
-2.9 2.0999999999999712 1.2000000000000002
-2.9 2.0999999999999712 1.3
-2.9 2.0999999999999712 1.4000000000000001
-2.9 2.0999999999999712 1.5
-2.9 2.0999999999999712 1.6
-2.9 2.0999999999999712 1.7000000000000002
-2.9 2.0999999999999712 1.8
-2.9 2.0999999999999712 1.9000000000000001
-2.9 2.0999999999999712 2.0
-2.9 2.0999999999999712 2.1
-2.9 2.0999999999999712 2.2
-2.9 2.0999999999999712 2.3000000000000003
-2.9 2.0999999999999712 2.4000000000000004
-2.9 2.0999999999999712 2.5
-2.9 2.199999999999971 0.0
-2.9 2.199999999999971 0.1
-2.9 2.199999999999971 0.2
-2.9 2.199999999999971 0.30000000000000004
-2.9 2.199999999999971 0.4
-2.9 2.199999999999971 0.5
-2.9 2.199999999999971 0.6000000000000001
-2.9 2.199999999999971 0.7000000000000001
-2.9 2.199999999999971 0.8
-2.9 2.199999999999971 0.9
-2.9 2.199999999999971 1.0
-2.9 2.199999999999971 1.1
-2.9 2.199999999999971 1.2000000000000002
-2.9 2.199999999999971 1.3
-2.9 2.199999999999971 1.4000000000000001
-2.9 2.199999999999971 1.5
-2.9 2.199999999999971 1.6
-2.9 2.199999999999971 1.7000000000000002
-2.9 2.199999999999971 1.8
-2.9 2.199999999999971 1.9000000000000001
-2.9 2.199999999999971 2.0
-2.9 2.199999999999971 2.1
-2.9 2.199999999999971 2.2
-2.9 2.199999999999971 2.3000000000000003
-2.9 2.199999999999971 2.4000000000000004
-2.9 2.199999999999971 2.5
-2.9 2.2999999999999705 0.0
-2.9 2.2999999999999705 0.1
-2.9 2.2999999999999705 0.2
-2.9 2.2999999999999705 0.30000000000000004
-2.9 2.2999999999999705 0.4
-2.9 2.2999999999999705 0.5
-2.9 2.2999999999999705 0.6000000000000001
-2.9 2.2999999999999705 0.7000000000000001
-2.9 2.2999999999999705 0.8
-2.9 2.2999999999999705 0.9
-2.9 2.2999999999999705 1.0
-2.9 2.2999999999999705 1.1
-2.9 2.2999999999999705 1.2000000000000002
-2.9 2.2999999999999705 1.3
-2.9 2.2999999999999705 1.4000000000000001
-2.9 2.2999999999999705 1.5
-2.9 2.2999999999999705 1.6
-2.9 2.2999999999999705 1.7000000000000002
-2.9 2.2999999999999705 1.8
-2.9 2.2999999999999705 1.9000000000000001
-2.9 2.2999999999999705 2.0
-2.9 2.2999999999999705 2.1
-2.9 2.2999999999999705 2.2
-2.9 2.2999999999999705 2.3000000000000003
-2.9 2.2999999999999705 2.4000000000000004
-2.9 2.2999999999999705 2.5
-2.9 2.39999999999997 0.0
-2.9 2.39999999999997 0.1
-2.9 2.39999999999997 0.2
-2.9 2.39999999999997 0.30000000000000004
-2.9 2.39999999999997 0.4
-2.9 2.39999999999997 0.5
-2.9 2.39999999999997 0.6000000000000001
-2.9 2.39999999999997 0.7000000000000001
-2.9 2.39999999999997 0.8
-2.9 2.39999999999997 0.9
-2.9 2.39999999999997 1.0
-2.9 2.39999999999997 1.1
-2.9 2.39999999999997 1.2000000000000002
-2.9 2.39999999999997 1.3
-2.9 2.39999999999997 1.4000000000000001
-2.9 2.39999999999997 1.5
-2.9 2.39999999999997 1.6
-2.9 2.39999999999997 1.7000000000000002
-2.9 2.39999999999997 1.8
-2.9 2.39999999999997 1.9000000000000001
-2.9 2.39999999999997 2.0
-2.9 2.39999999999997 2.1
-2.9 2.39999999999997 2.2
-2.9 2.39999999999997 2.3000000000000003
-2.9 2.39999999999997 2.4000000000000004
-2.9 2.39999999999997 2.5
-2.9 2.49999999999997 0.0
-2.9 2.49999999999997 0.1
-2.9 2.49999999999997 0.2
-2.9 2.49999999999997 0.30000000000000004
-2.9 2.49999999999997 0.4
-2.9 2.49999999999997 0.5
-2.9 2.49999999999997 0.6000000000000001
-2.9 2.49999999999997 0.7000000000000001
-2.9 2.49999999999997 0.8
-2.9 2.49999999999997 0.9
-2.9 2.49999999999997 1.0
-2.9 2.49999999999997 1.1
-2.9 2.49999999999997 1.2000000000000002
-2.9 2.49999999999997 1.3
-2.9 2.49999999999997 1.4000000000000001
-2.9 2.49999999999997 1.5
-2.9 2.49999999999997 1.6
-2.9 2.49999999999997 1.7000000000000002
-2.9 2.49999999999997 1.8
-2.9 2.49999999999997 1.9000000000000001
-2.9 2.49999999999997 2.0
-2.9 2.49999999999997 2.1
-2.9 2.49999999999997 2.2
-2.9 2.49999999999997 2.3000000000000003
-2.9 2.49999999999997 2.4000000000000004
-2.9 2.49999999999997 2.5
-2.9 2.5999999999999694 0.0
-2.9 2.5999999999999694 0.1
-2.9 2.5999999999999694 0.2
-2.9 2.5999999999999694 0.30000000000000004
-2.9 2.5999999999999694 0.4
-2.9 2.5999999999999694 0.5
-2.9 2.5999999999999694 0.6000000000000001
-2.9 2.5999999999999694 0.7000000000000001
-2.9 2.5999999999999694 0.8
-2.9 2.5999999999999694 0.9
-2.9 2.5999999999999694 1.0
-2.9 2.5999999999999694 1.1
-2.9 2.5999999999999694 1.2000000000000002
-2.9 2.5999999999999694 1.3
-2.9 2.5999999999999694 1.4000000000000001
-2.9 2.5999999999999694 1.5
-2.9 2.5999999999999694 1.6
-2.9 2.5999999999999694 1.7000000000000002
-2.9 2.5999999999999694 1.8
-2.9 2.5999999999999694 1.9000000000000001
-2.9 2.5999999999999694 2.0
-2.9 2.5999999999999694 2.1
-2.9 2.5999999999999694 2.2
-2.9 2.5999999999999694 2.3000000000000003
-2.9 2.5999999999999694 2.4000000000000004
-2.9 2.5999999999999694 2.5
-2.9 2.699999999999969 0.0
-2.9 2.699999999999969 0.1
-2.9 2.699999999999969 0.2
-2.9 2.699999999999969 0.30000000000000004
-2.9 2.699999999999969 0.4
-2.9 2.699999999999969 0.5
-2.9 2.699999999999969 0.6000000000000001
-2.9 2.699999999999969 0.7000000000000001
-2.9 2.699999999999969 0.8
-2.9 2.699999999999969 0.9
-2.9 2.699999999999969 1.0
-2.9 2.699999999999969 1.1
-2.9 2.699999999999969 1.2000000000000002
-2.9 2.699999999999969 1.3
-2.9 2.699999999999969 1.4000000000000001
-2.9 2.699999999999969 1.5
-2.9 2.699999999999969 1.6
-2.9 2.699999999999969 1.7000000000000002
-2.9 2.699999999999969 1.8
-2.9 2.699999999999969 1.9000000000000001
-2.9 2.699999999999969 2.0
-2.9 2.699999999999969 2.1
-2.9 2.699999999999969 2.2
-2.9 2.699999999999969 2.3000000000000003
-2.9 2.699999999999969 2.4000000000000004
-2.9 2.699999999999969 2.5
-2.9 2.7999999999999687 0.0
-2.9 2.7999999999999687 0.1
-2.9 2.7999999999999687 0.2
-2.9 2.7999999999999687 0.30000000000000004
-2.9 2.7999999999999687 0.4
-2.9 2.7999999999999687 0.5
-2.9 2.7999999999999687 0.6000000000000001
-2.9 2.7999999999999687 0.7000000000000001
-2.9 2.7999999999999687 0.8
-2.9 2.7999999999999687 0.9
-2.9 2.7999999999999687 1.0
-2.9 2.7999999999999687 1.1
-2.9 2.7999999999999687 1.2000000000000002
-2.9 2.7999999999999687 1.3
-2.9 2.7999999999999687 1.4000000000000001
-2.9 2.7999999999999687 1.5
-2.9 2.7999999999999687 1.6
-2.9 2.7999999999999687 1.7000000000000002
-2.9 2.7999999999999687 1.8
-2.9 2.7999999999999687 1.9000000000000001
-2.9 2.7999999999999687 2.0
-2.9 2.7999999999999687 2.1
-2.9 2.7999999999999687 2.2
-2.9 2.7999999999999687 2.3000000000000003
-2.9 2.7999999999999687 2.4000000000000004
-2.9 2.7999999999999687 2.5
-2.9 2.8999999999999684 0.0
-2.9 2.8999999999999684 0.1
-2.9 2.8999999999999684 0.2
-2.9 2.8999999999999684 0.30000000000000004
-2.9 2.8999999999999684 0.4
-2.9 2.8999999999999684 0.5
-2.9 2.8999999999999684 0.6000000000000001
-2.9 2.8999999999999684 0.7000000000000001
-2.9 2.8999999999999684 0.8
-2.9 2.8999999999999684 0.9
-2.9 2.8999999999999684 1.0
-2.9 2.8999999999999684 1.1
-2.9 2.8999999999999684 1.2000000000000002
-2.9 2.8999999999999684 1.3
-2.9 2.8999999999999684 1.4000000000000001
-2.9 2.8999999999999684 1.5
-2.9 2.8999999999999684 1.6
-2.9 2.8999999999999684 1.7000000000000002
-2.9 2.8999999999999684 1.8
-2.9 2.8999999999999684 1.9000000000000001
-2.9 2.8999999999999684 2.0
-2.9 2.8999999999999684 2.1
-2.9 2.8999999999999684 2.2
-2.9 2.8999999999999684 2.3000000000000003
-2.9 2.8999999999999684 2.4000000000000004
-2.9 2.8999999999999684 2.5
-2.9 2.999999999999968 0.0
-2.9 2.999999999999968 0.1
-2.9 2.999999999999968 0.2
-2.9 2.999999999999968 0.30000000000000004
-2.9 2.999999999999968 0.4
-2.9 2.999999999999968 0.5
-2.9 2.999999999999968 0.6000000000000001
-2.9 2.999999999999968 0.7000000000000001
-2.9 2.999999999999968 0.8
-2.9 2.999999999999968 0.9
-2.9 2.999999999999968 1.0
-2.9 2.999999999999968 1.1
-2.9 2.999999999999968 1.2000000000000002
-2.9 2.999999999999968 1.3
-2.9 2.999999999999968 1.4000000000000001
-2.9 2.999999999999968 1.5
-2.9 2.999999999999968 1.6
-2.9 2.999999999999968 1.7000000000000002
-2.9 2.999999999999968 1.8
-2.9 2.999999999999968 1.9000000000000001
-2.9 2.999999999999968 2.0
-2.9 2.999999999999968 2.1
-2.9 2.999999999999968 2.2
-2.9 2.999999999999968 2.3000000000000003
-2.9 2.999999999999968 2.4000000000000004
-2.9 2.999999999999968 2.5
-2.9 3.0999999999999677 0.0
-2.9 3.0999999999999677 0.1
-2.9 3.0999999999999677 0.2
-2.9 3.0999999999999677 0.30000000000000004
-2.9 3.0999999999999677 0.4
-2.9 3.0999999999999677 0.5
-2.9 3.0999999999999677 0.6000000000000001
-2.9 3.0999999999999677 0.7000000000000001
-2.9 3.0999999999999677 0.8
-2.9 3.0999999999999677 0.9
-2.9 3.0999999999999677 1.0
-2.9 3.0999999999999677 1.1
-2.9 3.0999999999999677 1.2000000000000002
-2.9 3.0999999999999677 1.3
-2.9 3.0999999999999677 1.4000000000000001
-2.9 3.0999999999999677 1.5
-2.9 3.0999999999999677 1.6
-2.9 3.0999999999999677 1.7000000000000002
-2.9 3.0999999999999677 1.8
-2.9 3.0999999999999677 1.9000000000000001
-2.9 3.0999999999999677 2.0
-2.9 3.0999999999999677 2.1
-2.9 3.0999999999999677 2.2
-2.9 3.0999999999999677 2.3000000000000003
-2.9 3.0999999999999677 2.4000000000000004
-2.9 3.0999999999999677 2.5
-2.9 3.1999999999999673 0.0
-2.9 3.1999999999999673 0.1
-2.9 3.1999999999999673 0.2
-2.9 3.1999999999999673 0.30000000000000004
-2.9 3.1999999999999673 0.4
-2.9 3.1999999999999673 0.5
-2.9 3.1999999999999673 0.6000000000000001
-2.9 3.1999999999999673 0.7000000000000001
-2.9 3.1999999999999673 0.8
-2.9 3.1999999999999673 0.9
-2.9 3.1999999999999673 1.0
-2.9 3.1999999999999673 1.1
-2.9 3.1999999999999673 1.2000000000000002
-2.9 3.1999999999999673 1.3
-2.9 3.1999999999999673 1.4000000000000001
-2.9 3.1999999999999673 1.5
-2.9 3.1999999999999673 1.6
-2.9 3.1999999999999673 1.7000000000000002
-2.9 3.1999999999999673 1.8
-2.9 3.1999999999999673 1.9000000000000001
-2.9 3.1999999999999673 2.0
-2.9 3.1999999999999673 2.1
-2.9 3.1999999999999673 2.2
-2.9 3.1999999999999673 2.3000000000000003
-2.9 3.1999999999999673 2.4000000000000004
-2.9 3.1999999999999673 2.5
-2.9 3.299999999999967 0.0
-2.9 3.299999999999967 0.1
-2.9 3.299999999999967 0.2
-2.9 3.299999999999967 0.30000000000000004
-2.9 3.299999999999967 0.4
-2.9 3.299999999999967 0.5
-2.9 3.299999999999967 0.6000000000000001
-2.9 3.299999999999967 0.7000000000000001
-2.9 3.299999999999967 0.8
-2.9 3.299999999999967 0.9
-2.9 3.299999999999967 1.0
-2.9 3.299999999999967 1.1
-2.9 3.299999999999967 1.2000000000000002
-2.9 3.299999999999967 1.3
-2.9 3.299999999999967 1.4000000000000001
-2.9 3.299999999999967 1.5
-2.9 3.299999999999967 1.6
-2.9 3.299999999999967 1.7000000000000002
-2.9 3.299999999999967 1.8
-2.9 3.299999999999967 1.9000000000000001
-2.9 3.299999999999967 2.0
-2.9 3.299999999999967 2.1
-2.9 3.299999999999967 2.2
-2.9 3.299999999999967 2.3000000000000003
-2.9 3.299999999999967 2.4000000000000004
-2.9 3.299999999999967 2.5
-2.9 3.3999999999999666 0.0
-2.9 3.3999999999999666 0.1
-2.9 3.3999999999999666 0.2
-2.9 3.3999999999999666 0.30000000000000004
-2.9 3.3999999999999666 0.4
-2.9 3.3999999999999666 0.5
-2.9 3.3999999999999666 0.6000000000000001
-2.9 3.3999999999999666 0.7000000000000001
-2.9 3.3999999999999666 0.8
-2.9 3.3999999999999666 0.9
-2.9 3.3999999999999666 1.0
-2.9 3.3999999999999666 1.1
-2.9 3.3999999999999666 1.2000000000000002
-2.9 3.3999999999999666 1.3
-2.9 3.3999999999999666 1.4000000000000001
-2.9 3.3999999999999666 1.5
-2.9 3.3999999999999666 1.6
-2.9 3.3999999999999666 1.7000000000000002
-2.9 3.3999999999999666 1.8
-2.9 3.3999999999999666 1.9000000000000001
-2.9 3.3999999999999666 2.0
-2.9 3.3999999999999666 2.1
-2.9 3.3999999999999666 2.2
-2.9 3.3999999999999666 2.3000000000000003
-2.9 3.3999999999999666 2.4000000000000004
-2.9 3.3999999999999666 2.5
-2.9 3.4999999999999662 0.0
-2.9 3.4999999999999662 0.1
-2.9 3.4999999999999662 0.2
-2.9 3.4999999999999662 0.30000000000000004
-2.9 3.4999999999999662 0.4
-2.9 3.4999999999999662 0.5
-2.9 3.4999999999999662 0.6000000000000001
-2.9 3.4999999999999662 0.7000000000000001
-2.9 3.4999999999999662 0.8
-2.9 3.4999999999999662 0.9
-2.9 3.4999999999999662 1.0
-2.9 3.4999999999999662 1.1
-2.9 3.4999999999999662 1.2000000000000002
-2.9 3.4999999999999662 1.3
-2.9 3.4999999999999662 1.4000000000000001
-2.9 3.4999999999999662 1.5
-2.9 3.4999999999999662 1.6
-2.9 3.4999999999999662 1.7000000000000002
-2.9 3.4999999999999662 1.8
-2.9 3.4999999999999662 1.9000000000000001
-2.9 3.4999999999999662 2.0
-2.9 3.4999999999999662 2.1
-2.9 3.4999999999999662 2.2
-2.9 3.4999999999999662 2.3000000000000003
-2.9 3.4999999999999662 2.4000000000000004
-2.9 3.4999999999999662 2.5
-2.9 3.599999999999966 0.0
-2.9 3.599999999999966 0.1
-2.9 3.599999999999966 0.2
-2.9 3.599999999999966 0.30000000000000004
-2.9 3.599999999999966 0.4
-2.9 3.599999999999966 0.5
-2.9 3.599999999999966 0.6000000000000001
-2.9 3.599999999999966 0.7000000000000001
-2.9 3.599999999999966 0.8
-2.9 3.599999999999966 0.9
-2.9 3.599999999999966 1.0
-2.9 3.599999999999966 1.1
-2.9 3.599999999999966 1.2000000000000002
-2.9 3.599999999999966 1.3
-2.9 3.599999999999966 1.4000000000000001
-2.9 3.599999999999966 1.5
-2.9 3.599999999999966 1.6
-2.9 3.599999999999966 1.7000000000000002
-2.9 3.599999999999966 1.8
-2.9 3.599999999999966 1.9000000000000001
-2.9 3.599999999999966 2.0
-2.9 3.599999999999966 2.1
-2.9 3.599999999999966 2.2
-2.9 3.599999999999966 2.3000000000000003
-2.9 3.599999999999966 2.4000000000000004
-2.9 3.599999999999966 2.5
-2.9 3.6999999999999655 0.0
-2.9 3.6999999999999655 0.1
-2.9 3.6999999999999655 0.2
-2.9 3.6999999999999655 0.30000000000000004
-2.9 3.6999999999999655 0.4
-2.9 3.6999999999999655 0.5
-2.9 3.6999999999999655 0.6000000000000001
-2.9 3.6999999999999655 0.7000000000000001
-2.9 3.6999999999999655 0.8
-2.9 3.6999999999999655 0.9
-2.9 3.6999999999999655 1.0
-2.9 3.6999999999999655 1.1
-2.9 3.6999999999999655 1.2000000000000002
-2.9 3.6999999999999655 1.3
-2.9 3.6999999999999655 1.4000000000000001
-2.9 3.6999999999999655 1.5
-2.9 3.6999999999999655 1.6
-2.9 3.6999999999999655 1.7000000000000002
-2.9 3.6999999999999655 1.8
-2.9 3.6999999999999655 1.9000000000000001
-2.9 3.6999999999999655 2.0
-2.9 3.6999999999999655 2.1
-2.9 3.6999999999999655 2.2
-2.9 3.6999999999999655 2.3000000000000003
-2.9 3.6999999999999655 2.4000000000000004
-2.9 3.6999999999999655 2.5
-2.9 3.799999999999965 0.0
-2.9 3.799999999999965 0.1
-2.9 3.799999999999965 0.2
-2.9 3.799999999999965 0.30000000000000004
-2.9 3.799999999999965 0.4
-2.9 3.799999999999965 0.5
-2.9 3.799999999999965 0.6000000000000001
-2.9 3.799999999999965 0.7000000000000001
-2.9 3.799999999999965 0.8
-2.9 3.799999999999965 0.9
-2.9 3.799999999999965 1.0
-2.9 3.799999999999965 1.1
-2.9 3.799999999999965 1.2000000000000002
-2.9 3.799999999999965 1.3
-2.9 3.799999999999965 1.4000000000000001
-2.9 3.799999999999965 1.5
-2.9 3.799999999999965 1.6
-2.9 3.799999999999965 1.7000000000000002
-2.9 3.799999999999965 1.8
-2.9 3.799999999999965 1.9000000000000001
-2.9 3.799999999999965 2.0
-2.9 3.799999999999965 2.1
-2.9 3.799999999999965 2.2
-2.9 3.799999999999965 2.3000000000000003
-2.9 3.799999999999965 2.4000000000000004
-2.9 3.799999999999965 2.5
-2.9 3.899999999999965 0.0
-2.9 3.899999999999965 0.1
-2.9 3.899999999999965 0.2
-2.9 3.899999999999965 0.30000000000000004
-2.9 3.899999999999965 0.4
-2.9 3.899999999999965 0.5
-2.9 3.899999999999965 0.6000000000000001
-2.9 3.899999999999965 0.7000000000000001
-2.9 3.899999999999965 0.8
-2.9 3.899999999999965 0.9
-2.9 3.899999999999965 1.0
-2.9 3.899999999999965 1.1
-2.9 3.899999999999965 1.2000000000000002
-2.9 3.899999999999965 1.3
-2.9 3.899999999999965 1.4000000000000001
-2.9 3.899999999999965 1.5
-2.9 3.899999999999965 1.6
-2.9 3.899999999999965 1.7000000000000002
-2.9 3.899999999999965 1.8
-2.9 3.899999999999965 1.9000000000000001
-2.9 3.899999999999965 2.0
-2.9 3.899999999999965 2.1
-2.9 3.899999999999965 2.2
-2.9 3.899999999999965 2.3000000000000003
-2.9 3.899999999999965 2.4000000000000004
-2.9 3.899999999999965 2.5
-2.9 3.9999999999999645 0.0
-2.9 3.9999999999999645 0.1
-2.9 3.9999999999999645 0.2
-2.9 3.9999999999999645 0.30000000000000004
-2.9 3.9999999999999645 0.4
-2.9 3.9999999999999645 0.5
-2.9 3.9999999999999645 0.6000000000000001
-2.9 3.9999999999999645 0.7000000000000001
-2.9 3.9999999999999645 0.8
-2.9 3.9999999999999645 0.9
-2.9 3.9999999999999645 1.0
-2.9 3.9999999999999645 1.1
-2.9 3.9999999999999645 1.2000000000000002
-2.9 3.9999999999999645 1.3
-2.9 3.9999999999999645 1.4000000000000001
-2.9 3.9999999999999645 1.5
-2.9 3.9999999999999645 1.6
-2.9 3.9999999999999645 1.7000000000000002
-2.9 3.9999999999999645 1.8
-2.9 3.9999999999999645 1.9000000000000001
-2.9 3.9999999999999645 2.0
-2.9 3.9999999999999645 2.1
-2.9 3.9999999999999645 2.2
-2.9 3.9999999999999645 2.3000000000000003
-2.9 3.9999999999999645 2.4000000000000004
-2.9 3.9999999999999645 2.5
-2.9 4.099999999999964 0.0
-2.9 4.099999999999964 0.1
-2.9 4.099999999999964 0.2
-2.9 4.099999999999964 0.30000000000000004
-2.9 4.099999999999964 0.4
-2.9 4.099999999999964 0.5
-2.9 4.099999999999964 0.6000000000000001
-2.9 4.099999999999964 0.7000000000000001
-2.9 4.099999999999964 0.8
-2.9 4.099999999999964 0.9
-2.9 4.099999999999964 1.0
-2.9 4.099999999999964 1.1
-2.9 4.099999999999964 1.2000000000000002
-2.9 4.099999999999964 1.3
-2.9 4.099999999999964 1.4000000000000001
-2.9 4.099999999999964 1.5
-2.9 4.099999999999964 1.6
-2.9 4.099999999999964 1.7000000000000002
-2.9 4.099999999999964 1.8
-2.9 4.099999999999964 1.9000000000000001
-2.9 4.099999999999964 2.0
-2.9 4.099999999999964 2.1
-2.9 4.099999999999964 2.2
-2.9 4.099999999999964 2.3000000000000003
-2.9 4.099999999999964 2.4000000000000004
-2.9 4.099999999999964 2.5
-2.9 4.199999999999964 0.0
-2.9 4.199999999999964 0.1
-2.9 4.199999999999964 0.2
-2.9 4.199999999999964 0.30000000000000004
-2.9 4.199999999999964 0.4
-2.9 4.199999999999964 0.5
-2.9 4.199999999999964 0.6000000000000001
-2.9 4.199999999999964 0.7000000000000001
-2.9 4.199999999999964 0.8
-2.9 4.199999999999964 0.9
-2.9 4.199999999999964 1.0
-2.9 4.199999999999964 1.1
-2.9 4.199999999999964 1.2000000000000002
-2.9 4.199999999999964 1.3
-2.9 4.199999999999964 1.4000000000000001
-2.9 4.199999999999964 1.5
-2.9 4.199999999999964 1.6
-2.9 4.199999999999964 1.7000000000000002
-2.9 4.199999999999964 1.8
-2.9 4.199999999999964 1.9000000000000001
-2.9 4.199999999999964 2.0
-2.9 4.199999999999964 2.1
-2.9 4.199999999999964 2.2
-2.9 4.199999999999964 2.3000000000000003
-2.9 4.199999999999964 2.4000000000000004
-2.9 4.199999999999964 2.5
-2.9 4.299999999999963 0.0
-2.9 4.299999999999963 0.1
-2.9 4.299999999999963 0.2
-2.9 4.299999999999963 0.30000000000000004
-2.9 4.299999999999963 0.4
-2.9 4.299999999999963 0.5
-2.9 4.299999999999963 0.6000000000000001
-2.9 4.299999999999963 0.7000000000000001
-2.9 4.299999999999963 0.8
-2.9 4.299999999999963 0.9
-2.9 4.299999999999963 1.0
-2.9 4.299999999999963 1.1
-2.9 4.299999999999963 1.2000000000000002
-2.9 4.299999999999963 1.3
-2.9 4.299999999999963 1.4000000000000001
-2.9 4.299999999999963 1.5
-2.9 4.299999999999963 1.6
-2.9 4.299999999999963 1.7000000000000002
-2.9 4.299999999999963 1.8
-2.9 4.299999999999963 1.9000000000000001
-2.9 4.299999999999963 2.0
-2.9 4.299999999999963 2.1
-2.9 4.299999999999963 2.2
-2.9 4.299999999999963 2.3000000000000003
-2.9 4.299999999999963 2.4000000000000004
-2.9 4.299999999999963 2.5
-2.9 4.399999999999963 0.0
-2.9 4.399999999999963 0.1
-2.9 4.399999999999963 0.2
-2.9 4.399999999999963 0.30000000000000004
-2.9 4.399999999999963 0.4
-2.9 4.399999999999963 0.5
-2.9 4.399999999999963 0.6000000000000001
-2.9 4.399999999999963 0.7000000000000001
-2.9 4.399999999999963 0.8
-2.9 4.399999999999963 0.9
-2.9 4.399999999999963 1.0
-2.9 4.399999999999963 1.1
-2.9 4.399999999999963 1.2000000000000002
-2.9 4.399999999999963 1.3
-2.9 4.399999999999963 1.4000000000000001
-2.9 4.399999999999963 1.5
-2.9 4.399999999999963 1.6
-2.9 4.399999999999963 1.7000000000000002
-2.9 4.399999999999963 1.8
-2.9 4.399999999999963 1.9000000000000001
-2.9 4.399999999999963 2.0
-2.9 4.399999999999963 2.1
-2.9 4.399999999999963 2.2
-2.9 4.399999999999963 2.3000000000000003
-2.9 4.399999999999963 2.4000000000000004
-2.9 4.399999999999963 2.5
-2.9 4.499999999999963 0.0
-2.9 4.499999999999963 0.1
-2.9 4.499999999999963 0.2
-2.9 4.499999999999963 0.30000000000000004
-2.9 4.499999999999963 0.4
-2.9 4.499999999999963 0.5
-2.9 4.499999999999963 0.6000000000000001
-2.9 4.499999999999963 0.7000000000000001
-2.9 4.499999999999963 0.8
-2.9 4.499999999999963 0.9
-2.9 4.499999999999963 1.0
-2.9 4.499999999999963 1.1
-2.9 4.499999999999963 1.2000000000000002
-2.9 4.499999999999963 1.3
-2.9 4.499999999999963 1.4000000000000001
-2.9 4.499999999999963 1.5
-2.9 4.499999999999963 1.6
-2.9 4.499999999999963 1.7000000000000002
-2.9 4.499999999999963 1.8
-2.9 4.499999999999963 1.9000000000000001
-2.9 4.499999999999963 2.0
-2.9 4.499999999999963 2.1
-2.9 4.499999999999963 2.2
-2.9 4.499999999999963 2.3000000000000003
-2.9 4.499999999999963 2.4000000000000004
-2.9 4.499999999999963 2.5
-2.9 4.599999999999962 0.0
-2.9 4.599999999999962 0.1
-2.9 4.599999999999962 0.2
-2.9 4.599999999999962 0.30000000000000004
-2.9 4.599999999999962 0.4
-2.9 4.599999999999962 0.5
-2.9 4.599999999999962 0.6000000000000001
-2.9 4.599999999999962 0.7000000000000001
-2.9 4.599999999999962 0.8
-2.9 4.599999999999962 0.9
-2.9 4.599999999999962 1.0
-2.9 4.599999999999962 1.1
-2.9 4.599999999999962 1.2000000000000002
-2.9 4.599999999999962 1.3
-2.9 4.599999999999962 1.4000000000000001
-2.9 4.599999999999962 1.5
-2.9 4.599999999999962 1.6
-2.9 4.599999999999962 1.7000000000000002
-2.9 4.599999999999962 1.8
-2.9 4.599999999999962 1.9000000000000001
-2.9 4.599999999999962 2.0
-2.9 4.599999999999962 2.1
-2.9 4.599999999999962 2.2
-2.9 4.599999999999962 2.3000000000000003
-2.9 4.599999999999962 2.4000000000000004
-2.9 4.599999999999962 2.5
-2.9 4.699999999999962 0.0
-2.9 4.699999999999962 0.1
-2.9 4.699999999999962 0.2
-2.9 4.699999999999962 0.30000000000000004
-2.9 4.699999999999962 0.4
-2.9 4.699999999999962 0.5
-2.9 4.699999999999962 0.6000000000000001
-2.9 4.699999999999962 0.7000000000000001
-2.9 4.699999999999962 0.8
-2.9 4.699999999999962 0.9
-2.9 4.699999999999962 1.0
-2.9 4.699999999999962 1.1
-2.9 4.699999999999962 1.2000000000000002
-2.9 4.699999999999962 1.3
-2.9 4.699999999999962 1.4000000000000001
-2.9 4.699999999999962 1.5
-2.9 4.699999999999962 1.6
-2.9 4.699999999999962 1.7000000000000002
-2.9 4.699999999999962 1.8
-2.9 4.699999999999962 1.9000000000000001
-2.9 4.699999999999962 2.0
-2.9 4.699999999999962 2.1
-2.9 4.699999999999962 2.2
-2.9 4.699999999999962 2.3000000000000003
-2.9 4.699999999999962 2.4000000000000004
-2.9 4.699999999999962 2.5
-2.9 4.799999999999962 0.0
-2.9 4.799999999999962 0.1
-2.9 4.799999999999962 0.2
-2.9 4.799999999999962 0.30000000000000004
-2.9 4.799999999999962 0.4
-2.9 4.799999999999962 0.5
-2.9 4.799999999999962 0.6000000000000001
-2.9 4.799999999999962 0.7000000000000001
-2.9 4.799999999999962 0.8
-2.9 4.799999999999962 0.9
-2.9 4.799999999999962 1.0
-2.9 4.799999999999962 1.1
-2.9 4.799999999999962 1.2000000000000002
-2.9 4.799999999999962 1.3
-2.9 4.799999999999962 1.4000000000000001
-2.9 4.799999999999962 1.5
-2.9 4.799999999999962 1.6
-2.9 4.799999999999962 1.7000000000000002
-2.9 4.799999999999962 1.8
-2.9 4.799999999999962 1.9000000000000001
-2.9 4.799999999999962 2.0
-2.9 4.799999999999962 2.1
-2.9 4.799999999999962 2.2
-2.9 4.799999999999962 2.3000000000000003
-2.9 4.799999999999962 2.4000000000000004
-2.9 4.799999999999962 2.5
-2.9 4.899999999999961 0.0
-2.9 4.899999999999961 0.1
-2.9 4.899999999999961 0.2
-2.9 4.899999999999961 0.30000000000000004
-2.9 4.899999999999961 0.4
-2.9 4.899999999999961 0.5
-2.9 4.899999999999961 0.6000000000000001
-2.9 4.899999999999961 0.7000000000000001
-2.9 4.899999999999961 0.8
-2.9 4.899999999999961 0.9
-2.9 4.899999999999961 1.0
-2.9 4.899999999999961 1.1
-2.9 4.899999999999961 1.2000000000000002
-2.9 4.899999999999961 1.3
-2.9 4.899999999999961 1.4000000000000001
-2.9 4.899999999999961 1.5
-2.9 4.899999999999961 1.6
-2.9 4.899999999999961 1.7000000000000002
-2.9 4.899999999999961 1.8
-2.9 4.899999999999961 1.9000000000000001
-2.9 4.899999999999961 2.0
-2.9 4.899999999999961 2.1
-2.9 4.899999999999961 2.2
-2.9 4.899999999999961 2.3000000000000003
-2.9 4.899999999999961 2.4000000000000004
-2.9 4.899999999999961 2.5
-2.9 4.999999999999961 0.0
-2.9 4.999999999999961 0.1
-2.9 4.999999999999961 0.2
-2.9 4.999999999999961 0.30000000000000004
-2.9 4.999999999999961 0.4
-2.9 4.999999999999961 0.5
-2.9 4.999999999999961 0.6000000000000001
-2.9 4.999999999999961 0.7000000000000001
-2.9 4.999999999999961 0.8
-2.9 4.999999999999961 0.9
-2.9 4.999999999999961 1.0
-2.9 4.999999999999961 1.1
-2.9 4.999999999999961 1.2000000000000002
-2.9 4.999999999999961 1.3
-2.9 4.999999999999961 1.4000000000000001
-2.9 4.999999999999961 1.5
-2.9 4.999999999999961 1.6
-2.9 4.999999999999961 1.7000000000000002
-2.9 4.999999999999961 1.8
-2.9 4.999999999999961 1.9000000000000001
-2.9 4.999999999999961 2.0
-2.9 4.999999999999961 2.1
-2.9 4.999999999999961 2.2
-2.9 4.999999999999961 2.3000000000000003
-2.9 4.999999999999961 2.4000000000000004
-2.9 4.999999999999961 2.5
-2.9 5.099999999999961 0.0
-2.9 5.099999999999961 0.1
-2.9 5.099999999999961 0.2
-2.9 5.099999999999961 0.30000000000000004
-2.9 5.099999999999961 0.4
-2.9 5.099999999999961 0.5
-2.9 5.099999999999961 0.6000000000000001
-2.9 5.099999999999961 0.7000000000000001
-2.9 5.099999999999961 0.8
-2.9 5.099999999999961 0.9
-2.9 5.099999999999961 1.0
-2.9 5.099999999999961 1.1
-2.9 5.099999999999961 1.2000000000000002
-2.9 5.099999999999961 1.3
-2.9 5.099999999999961 1.4000000000000001
-2.9 5.099999999999961 1.5
-2.9 5.099999999999961 1.6
-2.9 5.099999999999961 1.7000000000000002
-2.9 5.099999999999961 1.8
-2.9 5.099999999999961 1.9000000000000001
-2.9 5.099999999999961 2.0
-2.9 5.099999999999961 2.1
-2.9 5.099999999999961 2.2
-2.9 5.099999999999961 2.3000000000000003
-2.9 5.099999999999961 2.4000000000000004
-2.9 5.099999999999961 2.5
-2.9 5.19999999999996 0.0
-2.9 5.19999999999996 0.1
-2.9 5.19999999999996 0.2
-2.9 5.19999999999996 0.30000000000000004
-2.9 5.19999999999996 0.4
-2.9 5.19999999999996 0.5
-2.9 5.19999999999996 0.6000000000000001
-2.9 5.19999999999996 0.7000000000000001
-2.9 5.19999999999996 0.8
-2.9 5.19999999999996 0.9
-2.9 5.19999999999996 1.0
-2.9 5.19999999999996 1.1
-2.9 5.19999999999996 1.2000000000000002
-2.9 5.19999999999996 1.3
-2.9 5.19999999999996 1.4000000000000001
-2.9 5.19999999999996 1.5
-2.9 5.19999999999996 1.6
-2.9 5.19999999999996 1.7000000000000002
-2.9 5.19999999999996 1.8
-2.9 5.19999999999996 1.9000000000000001
-2.9 5.19999999999996 2.0
-2.9 5.19999999999996 2.1
-2.9 5.19999999999996 2.2
-2.9 5.19999999999996 2.3000000000000003
-2.9 5.19999999999996 2.4000000000000004
-2.9 5.19999999999996 2.5
-2.9 5.29999999999996 0.0
-2.9 5.29999999999996 0.1
-2.9 5.29999999999996 0.2
-2.9 5.29999999999996 0.30000000000000004
-2.9 5.29999999999996 0.4
-2.9 5.29999999999996 0.5
-2.9 5.29999999999996 0.6000000000000001
-2.9 5.29999999999996 0.7000000000000001
-2.9 5.29999999999996 0.8
-2.9 5.29999999999996 0.9
-2.9 5.29999999999996 1.0
-2.9 5.29999999999996 1.1
-2.9 5.29999999999996 1.2000000000000002
-2.9 5.29999999999996 1.3
-2.9 5.29999999999996 1.4000000000000001
-2.9 5.29999999999996 1.5
-2.9 5.29999999999996 1.6
-2.9 5.29999999999996 1.7000000000000002
-2.9 5.29999999999996 1.8
-2.9 5.29999999999996 1.9000000000000001
-2.9 5.29999999999996 2.0
-2.9 5.29999999999996 2.1
-2.9 5.29999999999996 2.2
-2.9 5.29999999999996 2.3000000000000003
-2.9 5.29999999999996 2.4000000000000004
-2.9 5.29999999999996 2.5
-2.9 5.3999999999999595 0.0
-2.9 5.3999999999999595 0.1
-2.9 5.3999999999999595 0.2
-2.9 5.3999999999999595 0.30000000000000004
-2.9 5.3999999999999595 0.4
-2.9 5.3999999999999595 0.5
-2.9 5.3999999999999595 0.6000000000000001
-2.9 5.3999999999999595 0.7000000000000001
-2.9 5.3999999999999595 0.8
-2.9 5.3999999999999595 0.9
-2.9 5.3999999999999595 1.0
-2.9 5.3999999999999595 1.1
-2.9 5.3999999999999595 1.2000000000000002
-2.9 5.3999999999999595 1.3
-2.9 5.3999999999999595 1.4000000000000001
-2.9 5.3999999999999595 1.5
-2.9 5.3999999999999595 1.6
-2.9 5.3999999999999595 1.7000000000000002
-2.9 5.3999999999999595 1.8
-2.9 5.3999999999999595 1.9000000000000001
-2.9 5.3999999999999595 2.0
-2.9 5.3999999999999595 2.1
-2.9 5.3999999999999595 2.2
-2.9 5.3999999999999595 2.3000000000000003
-2.9 5.3999999999999595 2.4000000000000004
-2.9 5.3999999999999595 2.5
-2.9 5.499999999999959 0.0
-2.9 5.499999999999959 0.1
-2.9 5.499999999999959 0.2
-2.9 5.499999999999959 0.30000000000000004
-2.9 5.499999999999959 0.4
-2.9 5.499999999999959 0.5
-2.9 5.499999999999959 0.6000000000000001
-2.9 5.499999999999959 0.7000000000000001
-2.9 5.499999999999959 0.8
-2.9 5.499999999999959 0.9
-2.9 5.499999999999959 1.0
-2.9 5.499999999999959 1.1
-2.9 5.499999999999959 1.2000000000000002
-2.9 5.499999999999959 1.3
-2.9 5.499999999999959 1.4000000000000001
-2.9 5.499999999999959 1.5
-2.9 5.499999999999959 1.6
-2.9 5.499999999999959 1.7000000000000002
-2.9 5.499999999999959 1.8
-2.9 5.499999999999959 1.9000000000000001
-2.9 5.499999999999959 2.0
-2.9 5.499999999999959 2.1
-2.9 5.499999999999959 2.2
-2.9 5.499999999999959 2.3000000000000003
-2.9 5.499999999999959 2.4000000000000004
-2.9 5.499999999999959 2.5
-2.9 5.599999999999959 0.0
-2.9 5.599999999999959 0.1
-2.9 5.599999999999959 0.2
-2.9 5.599999999999959 0.30000000000000004
-2.9 5.599999999999959 0.4
-2.9 5.599999999999959 0.5
-2.9 5.599999999999959 0.6000000000000001
-2.9 5.599999999999959 0.7000000000000001
-2.9 5.599999999999959 0.8
-2.9 5.599999999999959 0.9
-2.9 5.599999999999959 1.0
-2.9 5.599999999999959 1.1
-2.9 5.599999999999959 1.2000000000000002
-2.9 5.599999999999959 1.3
-2.9 5.599999999999959 1.4000000000000001
-2.9 5.599999999999959 1.5
-2.9 5.599999999999959 1.6
-2.9 5.599999999999959 1.7000000000000002
-2.9 5.599999999999959 1.8
-2.9 5.599999999999959 1.9000000000000001
-2.9 5.599999999999959 2.0
-2.9 5.599999999999959 2.1
-2.9 5.599999999999959 2.2
-2.9 5.599999999999959 2.3000000000000003
-2.9 5.599999999999959 2.4000000000000004
-2.9 5.599999999999959 2.5
-2.9 5.699999999999958 0.0
-2.9 5.699999999999958 0.1
-2.9 5.699999999999958 0.2
-2.9 5.699999999999958 0.30000000000000004
-2.9 5.699999999999958 0.4
-2.9 5.699999999999958 0.5
-2.9 5.699999999999958 0.6000000000000001
-2.9 5.699999999999958 0.7000000000000001
-2.9 5.699999999999958 0.8
-2.9 5.699999999999958 0.9
-2.9 5.699999999999958 1.0
-2.9 5.699999999999958 1.1
-2.9 5.699999999999958 1.2000000000000002
-2.9 5.699999999999958 1.3
-2.9 5.699999999999958 1.4000000000000001
-2.9 5.699999999999958 1.5
-2.9 5.699999999999958 1.6
-2.9 5.699999999999958 1.7000000000000002
-2.9 5.699999999999958 1.8
-2.9 5.699999999999958 1.9000000000000001
-2.9 5.699999999999958 2.0
-2.9 5.699999999999958 2.1
-2.9 5.699999999999958 2.2
-2.9 5.699999999999958 2.3000000000000003
-2.9 5.699999999999958 2.4000000000000004
-2.9 5.699999999999958 2.5
-2.9 5.799999999999958 0.0
-2.9 5.799999999999958 0.1
-2.9 5.799999999999958 0.2
-2.9 5.799999999999958 0.30000000000000004
-2.9 5.799999999999958 0.4
-2.9 5.799999999999958 0.5
-2.9 5.799999999999958 0.6000000000000001
-2.9 5.799999999999958 0.7000000000000001
-2.9 5.799999999999958 0.8
-2.9 5.799999999999958 0.9
-2.9 5.799999999999958 1.0
-2.9 5.799999999999958 1.1
-2.9 5.799999999999958 1.2000000000000002
-2.9 5.799999999999958 1.3
-2.9 5.799999999999958 1.4000000000000001
-2.9 5.799999999999958 1.5
-2.9 5.799999999999958 1.6
-2.9 5.799999999999958 1.7000000000000002
-2.9 5.799999999999958 1.8
-2.9 5.799999999999958 1.9000000000000001
-2.9 5.799999999999958 2.0
-2.9 5.799999999999958 2.1
-2.9 5.799999999999958 2.2
-2.9 5.799999999999958 2.3000000000000003
-2.9 5.799999999999958 2.4000000000000004
-2.9 5.799999999999958 2.5
-2.9 5.899999999999958 0.0
-2.9 5.899999999999958 0.1
-2.9 5.899999999999958 0.2
-2.9 5.899999999999958 0.30000000000000004
-2.9 5.899999999999958 0.4
-2.9 5.899999999999958 0.5
-2.9 5.899999999999958 0.6000000000000001
-2.9 5.899999999999958 0.7000000000000001
-2.9 5.899999999999958 0.8
-2.9 5.899999999999958 0.9
-2.9 5.899999999999958 1.0
-2.9 5.899999999999958 1.1
-2.9 5.899999999999958 1.2000000000000002
-2.9 5.899999999999958 1.3
-2.9 5.899999999999958 1.4000000000000001
-2.9 5.899999999999958 1.5
-2.9 5.899999999999958 1.6
-2.9 5.899999999999958 1.7000000000000002
-2.9 5.899999999999958 1.8
-2.9 5.899999999999958 1.9000000000000001
-2.9 5.899999999999958 2.0
-2.9 5.899999999999958 2.1
-2.9 5.899999999999958 2.2
-2.9 5.899999999999958 2.3000000000000003
-2.9 5.899999999999958 2.4000000000000004
-2.9 5.899999999999958 2.5
-2.9 5.999999999999957 0.0
-2.9 5.999999999999957 0.1
-2.9 5.999999999999957 0.2
-2.9 5.999999999999957 0.30000000000000004
-2.9 5.999999999999957 0.4
-2.9 5.999999999999957 0.5
-2.9 5.999999999999957 0.6000000000000001
-2.9 5.999999999999957 0.7000000000000001
-2.9 5.999999999999957 0.8
-2.9 5.999999999999957 0.9
-2.9 5.999999999999957 1.0
-2.9 5.999999999999957 1.1
-2.9 5.999999999999957 1.2000000000000002
-2.9 5.999999999999957 1.3
-2.9 5.999999999999957 1.4000000000000001
-2.9 5.999999999999957 1.5
-2.9 5.999999999999957 1.6
-2.9 5.999999999999957 1.7000000000000002
-2.9 5.999999999999957 1.8
-2.9 5.999999999999957 1.9000000000000001
-2.9 5.999999999999957 2.0
-2.9 5.999999999999957 2.1
-2.9 5.999999999999957 2.2
-2.9 5.999999999999957 2.3000000000000003
-2.9 5.999999999999957 2.4000000000000004
-2.9 5.999999999999957 2.5
-2.8 -6.0 0.0
-2.8 -6.0 0.1
-2.8 -6.0 0.2
-2.8 -6.0 0.30000000000000004
-2.8 -6.0 0.4
-2.8 -6.0 0.5
-2.8 -6.0 0.6000000000000001
-2.8 -6.0 0.7000000000000001
-2.8 -6.0 0.8
-2.8 -6.0 0.9
-2.8 -6.0 1.0
-2.8 -6.0 1.1
-2.8 -6.0 1.2000000000000002
-2.8 -6.0 1.3
-2.8 -6.0 1.4000000000000001
-2.8 -6.0 1.5
-2.8 -6.0 1.6
-2.8 -6.0 1.7000000000000002
-2.8 -6.0 1.8
-2.8 -6.0 1.9000000000000001
-2.8 -6.0 2.0
-2.8 -6.0 2.1
-2.8 -6.0 2.2
-2.8 -6.0 2.3000000000000003
-2.8 -6.0 2.4000000000000004
-2.8 -6.0 2.5
-2.8 -5.9 0.0
-2.8 -5.9 0.1
-2.8 -5.9 0.2
-2.8 -5.9 0.30000000000000004
-2.8 -5.9 0.4
-2.8 -5.9 0.5
-2.8 -5.9 0.6000000000000001
-2.8 -5.9 0.7000000000000001
-2.8 -5.9 0.8
-2.8 -5.9 0.9
-2.8 -5.9 1.0
-2.8 -5.9 1.1
-2.8 -5.9 1.2000000000000002
-2.8 -5.9 1.3
-2.8 -5.9 1.4000000000000001
-2.8 -5.9 1.5
-2.8 -5.9 1.6
-2.8 -5.9 1.7000000000000002
-2.8 -5.9 1.8
-2.8 -5.9 1.9000000000000001
-2.8 -5.9 2.0
-2.8 -5.9 2.1
-2.8 -5.9 2.2
-2.8 -5.9 2.3000000000000003
-2.8 -5.9 2.4000000000000004
-2.8 -5.9 2.5
-2.8 -5.800000000000001 0.0
-2.8 -5.800000000000001 0.1
-2.8 -5.800000000000001 0.2
-2.8 -5.800000000000001 0.30000000000000004
-2.8 -5.800000000000001 0.4
-2.8 -5.800000000000001 0.5
-2.8 -5.800000000000001 0.6000000000000001
-2.8 -5.800000000000001 0.7000000000000001
-2.8 -5.800000000000001 0.8
-2.8 -5.800000000000001 0.9
-2.8 -5.800000000000001 1.0
-2.8 -5.800000000000001 1.1
-2.8 -5.800000000000001 1.2000000000000002
-2.8 -5.800000000000001 1.3
-2.8 -5.800000000000001 1.4000000000000001
-2.8 -5.800000000000001 1.5
-2.8 -5.800000000000001 1.6
-2.8 -5.800000000000001 1.7000000000000002
-2.8 -5.800000000000001 1.8
-2.8 -5.800000000000001 1.9000000000000001
-2.8 -5.800000000000001 2.0
-2.8 -5.800000000000001 2.1
-2.8 -5.800000000000001 2.2
-2.8 -5.800000000000001 2.3000000000000003
-2.8 -5.800000000000001 2.4000000000000004
-2.8 -5.800000000000001 2.5
-2.8 -5.700000000000001 0.0
-2.8 -5.700000000000001 0.1
-2.8 -5.700000000000001 0.2
-2.8 -5.700000000000001 0.30000000000000004
-2.8 -5.700000000000001 0.4
-2.8 -5.700000000000001 0.5
-2.8 -5.700000000000001 0.6000000000000001
-2.8 -5.700000000000001 0.7000000000000001
-2.8 -5.700000000000001 0.8
-2.8 -5.700000000000001 0.9
-2.8 -5.700000000000001 1.0
-2.8 -5.700000000000001 1.1
-2.8 -5.700000000000001 1.2000000000000002
-2.8 -5.700000000000001 1.3
-2.8 -5.700000000000001 1.4000000000000001
-2.8 -5.700000000000001 1.5
-2.8 -5.700000000000001 1.6
-2.8 -5.700000000000001 1.7000000000000002
-2.8 -5.700000000000001 1.8
-2.8 -5.700000000000001 1.9000000000000001
-2.8 -5.700000000000001 2.0
-2.8 -5.700000000000001 2.1
-2.8 -5.700000000000001 2.2
-2.8 -5.700000000000001 2.3000000000000003
-2.8 -5.700000000000001 2.4000000000000004
-2.8 -5.700000000000001 2.5
-2.8 -5.600000000000001 0.0
-2.8 -5.600000000000001 0.1
-2.8 -5.600000000000001 0.2
-2.8 -5.600000000000001 0.30000000000000004
-2.8 -5.600000000000001 0.4
-2.8 -5.600000000000001 0.5
-2.8 -5.600000000000001 0.6000000000000001
-2.8 -5.600000000000001 0.7000000000000001
-2.8 -5.600000000000001 0.8
-2.8 -5.600000000000001 0.9
-2.8 -5.600000000000001 1.0
-2.8 -5.600000000000001 1.1
-2.8 -5.600000000000001 1.2000000000000002
-2.8 -5.600000000000001 1.3
-2.8 -5.600000000000001 1.4000000000000001
-2.8 -5.600000000000001 1.5
-2.8 -5.600000000000001 1.6
-2.8 -5.600000000000001 1.7000000000000002
-2.8 -5.600000000000001 1.8
-2.8 -5.600000000000001 1.9000000000000001
-2.8 -5.600000000000001 2.0
-2.8 -5.600000000000001 2.1
-2.8 -5.600000000000001 2.2
-2.8 -5.600000000000001 2.3000000000000003
-2.8 -5.600000000000001 2.4000000000000004
-2.8 -5.600000000000001 2.5
-2.8 -5.500000000000002 0.0
-2.8 -5.500000000000002 0.1
-2.8 -5.500000000000002 0.2
-2.8 -5.500000000000002 0.30000000000000004
-2.8 -5.500000000000002 0.4
-2.8 -5.500000000000002 0.5
-2.8 -5.500000000000002 0.6000000000000001
-2.8 -5.500000000000002 0.7000000000000001
-2.8 -5.500000000000002 0.8
-2.8 -5.500000000000002 0.9
-2.8 -5.500000000000002 1.0
-2.8 -5.500000000000002 1.1
-2.8 -5.500000000000002 1.2000000000000002
-2.8 -5.500000000000002 1.3
-2.8 -5.500000000000002 1.4000000000000001
-2.8 -5.500000000000002 1.5
-2.8 -5.500000000000002 1.6
-2.8 -5.500000000000002 1.7000000000000002
-2.8 -5.500000000000002 1.8
-2.8 -5.500000000000002 1.9000000000000001
-2.8 -5.500000000000002 2.0
-2.8 -5.500000000000002 2.1
-2.8 -5.500000000000002 2.2
-2.8 -5.500000000000002 2.3000000000000003
-2.8 -5.500000000000002 2.4000000000000004
-2.8 -5.500000000000002 2.5
-2.8 -5.400000000000002 0.0
-2.8 -5.400000000000002 0.1
-2.8 -5.400000000000002 0.2
-2.8 -5.400000000000002 0.30000000000000004
-2.8 -5.400000000000002 0.4
-2.8 -5.400000000000002 0.5
-2.8 -5.400000000000002 0.6000000000000001
-2.8 -5.400000000000002 0.7000000000000001
-2.8 -5.400000000000002 0.8
-2.8 -5.400000000000002 0.9
-2.8 -5.400000000000002 1.0
-2.8 -5.400000000000002 1.1
-2.8 -5.400000000000002 1.2000000000000002
-2.8 -5.400000000000002 1.3
-2.8 -5.400000000000002 1.4000000000000001
-2.8 -5.400000000000002 1.5
-2.8 -5.400000000000002 1.6
-2.8 -5.400000000000002 1.7000000000000002
-2.8 -5.400000000000002 1.8
-2.8 -5.400000000000002 1.9000000000000001
-2.8 -5.400000000000002 2.0
-2.8 -5.400000000000002 2.1
-2.8 -5.400000000000002 2.2
-2.8 -5.400000000000002 2.3000000000000003
-2.8 -5.400000000000002 2.4000000000000004
-2.8 -5.400000000000002 2.5
-2.8 -5.3000000000000025 0.0
-2.8 -5.3000000000000025 0.1
-2.8 -5.3000000000000025 0.2
-2.8 -5.3000000000000025 0.30000000000000004
-2.8 -5.3000000000000025 0.4
-2.8 -5.3000000000000025 0.5
-2.8 -5.3000000000000025 0.6000000000000001
-2.8 -5.3000000000000025 0.7000000000000001
-2.8 -5.3000000000000025 0.8
-2.8 -5.3000000000000025 0.9
-2.8 -5.3000000000000025 1.0
-2.8 -5.3000000000000025 1.1
-2.8 -5.3000000000000025 1.2000000000000002
-2.8 -5.3000000000000025 1.3
-2.8 -5.3000000000000025 1.4000000000000001
-2.8 -5.3000000000000025 1.5
-2.8 -5.3000000000000025 1.6
-2.8 -5.3000000000000025 1.7000000000000002
-2.8 -5.3000000000000025 1.8
-2.8 -5.3000000000000025 1.9000000000000001
-2.8 -5.3000000000000025 2.0
-2.8 -5.3000000000000025 2.1
-2.8 -5.3000000000000025 2.2
-2.8 -5.3000000000000025 2.3000000000000003
-2.8 -5.3000000000000025 2.4000000000000004
-2.8 -5.3000000000000025 2.5
-2.8 -5.200000000000003 0.0
-2.8 -5.200000000000003 0.1
-2.8 -5.200000000000003 0.2
-2.8 -5.200000000000003 0.30000000000000004
-2.8 -5.200000000000003 0.4
-2.8 -5.200000000000003 0.5
-2.8 -5.200000000000003 0.6000000000000001
-2.8 -5.200000000000003 0.7000000000000001
-2.8 -5.200000000000003 0.8
-2.8 -5.200000000000003 0.9
-2.8 -5.200000000000003 1.0
-2.8 -5.200000000000003 1.1
-2.8 -5.200000000000003 1.2000000000000002
-2.8 -5.200000000000003 1.3
-2.8 -5.200000000000003 1.4000000000000001
-2.8 -5.200000000000003 1.5
-2.8 -5.200000000000003 1.6
-2.8 -5.200000000000003 1.7000000000000002
-2.8 -5.200000000000003 1.8
-2.8 -5.200000000000003 1.9000000000000001
-2.8 -5.200000000000003 2.0
-2.8 -5.200000000000003 2.1
-2.8 -5.200000000000003 2.2
-2.8 -5.200000000000003 2.3000000000000003
-2.8 -5.200000000000003 2.4000000000000004
-2.8 -5.200000000000003 2.5
-2.8 -5.100000000000003 0.0
-2.8 -5.100000000000003 0.1
-2.8 -5.100000000000003 0.2
-2.8 -5.100000000000003 0.30000000000000004
-2.8 -5.100000000000003 0.4
-2.8 -5.100000000000003 0.5
-2.8 -5.100000000000003 0.6000000000000001
-2.8 -5.100000000000003 0.7000000000000001
-2.8 -5.100000000000003 0.8
-2.8 -5.100000000000003 0.9
-2.8 -5.100000000000003 1.0
-2.8 -5.100000000000003 1.1
-2.8 -5.100000000000003 1.2000000000000002
-2.8 -5.100000000000003 1.3
-2.8 -5.100000000000003 1.4000000000000001
-2.8 -5.100000000000003 1.5
-2.8 -5.100000000000003 1.6
-2.8 -5.100000000000003 1.7000000000000002
-2.8 -5.100000000000003 1.8
-2.8 -5.100000000000003 1.9000000000000001
-2.8 -5.100000000000003 2.0
-2.8 -5.100000000000003 2.1
-2.8 -5.100000000000003 2.2
-2.8 -5.100000000000003 2.3000000000000003
-2.8 -5.100000000000003 2.4000000000000004
-2.8 -5.100000000000003 2.5
-2.8 -5.0000000000000036 0.0
-2.8 -5.0000000000000036 0.1
-2.8 -5.0000000000000036 0.2
-2.8 -5.0000000000000036 0.30000000000000004
-2.8 -5.0000000000000036 0.4
-2.8 -5.0000000000000036 0.5
-2.8 -5.0000000000000036 0.6000000000000001
-2.8 -5.0000000000000036 0.7000000000000001
-2.8 -5.0000000000000036 0.8
-2.8 -5.0000000000000036 0.9
-2.8 -5.0000000000000036 1.0
-2.8 -5.0000000000000036 1.1
-2.8 -5.0000000000000036 1.2000000000000002
-2.8 -5.0000000000000036 1.3
-2.8 -5.0000000000000036 1.4000000000000001
-2.8 -5.0000000000000036 1.5
-2.8 -5.0000000000000036 1.6
-2.8 -5.0000000000000036 1.7000000000000002
-2.8 -5.0000000000000036 1.8
-2.8 -5.0000000000000036 1.9000000000000001
-2.8 -5.0000000000000036 2.0
-2.8 -5.0000000000000036 2.1
-2.8 -5.0000000000000036 2.2
-2.8 -5.0000000000000036 2.3000000000000003
-2.8 -5.0000000000000036 2.4000000000000004
-2.8 -5.0000000000000036 2.5
-2.8 -4.900000000000004 0.0
-2.8 -4.900000000000004 0.1
-2.8 -4.900000000000004 0.2
-2.8 -4.900000000000004 0.30000000000000004
-2.8 -4.900000000000004 0.4
-2.8 -4.900000000000004 0.5
-2.8 -4.900000000000004 0.6000000000000001
-2.8 -4.900000000000004 0.7000000000000001
-2.8 -4.900000000000004 0.8
-2.8 -4.900000000000004 0.9
-2.8 -4.900000000000004 1.0
-2.8 -4.900000000000004 1.1
-2.8 -4.900000000000004 1.2000000000000002
-2.8 -4.900000000000004 1.3
-2.8 -4.900000000000004 1.4000000000000001
-2.8 -4.900000000000004 1.5
-2.8 -4.900000000000004 1.6
-2.8 -4.900000000000004 1.7000000000000002
-2.8 -4.900000000000004 1.8
-2.8 -4.900000000000004 1.9000000000000001
-2.8 -4.900000000000004 2.0
-2.8 -4.900000000000004 2.1
-2.8 -4.900000000000004 2.2
-2.8 -4.900000000000004 2.3000000000000003
-2.8 -4.900000000000004 2.4000000000000004
-2.8 -4.900000000000004 2.5
-2.8 -4.800000000000004 0.0
-2.8 -4.800000000000004 0.1
-2.8 -4.800000000000004 0.2
-2.8 -4.800000000000004 0.30000000000000004
-2.8 -4.800000000000004 0.4
-2.8 -4.800000000000004 0.5
-2.8 -4.800000000000004 0.6000000000000001
-2.8 -4.800000000000004 0.7000000000000001
-2.8 -4.800000000000004 0.8
-2.8 -4.800000000000004 0.9
-2.8 -4.800000000000004 1.0
-2.8 -4.800000000000004 1.1
-2.8 -4.800000000000004 1.2000000000000002
-2.8 -4.800000000000004 1.3
-2.8 -4.800000000000004 1.4000000000000001
-2.8 -4.800000000000004 1.5
-2.8 -4.800000000000004 1.6
-2.8 -4.800000000000004 1.7000000000000002
-2.8 -4.800000000000004 1.8
-2.8 -4.800000000000004 1.9000000000000001
-2.8 -4.800000000000004 2.0
-2.8 -4.800000000000004 2.1
-2.8 -4.800000000000004 2.2
-2.8 -4.800000000000004 2.3000000000000003
-2.8 -4.800000000000004 2.4000000000000004
-2.8 -4.800000000000004 2.5
-2.8 -4.700000000000005 0.0
-2.8 -4.700000000000005 0.1
-2.8 -4.700000000000005 0.2
-2.8 -4.700000000000005 0.30000000000000004
-2.8 -4.700000000000005 0.4
-2.8 -4.700000000000005 0.5
-2.8 -4.700000000000005 0.6000000000000001
-2.8 -4.700000000000005 0.7000000000000001
-2.8 -4.700000000000005 0.8
-2.8 -4.700000000000005 0.9
-2.8 -4.700000000000005 1.0
-2.8 -4.700000000000005 1.1
-2.8 -4.700000000000005 1.2000000000000002
-2.8 -4.700000000000005 1.3
-2.8 -4.700000000000005 1.4000000000000001
-2.8 -4.700000000000005 1.5
-2.8 -4.700000000000005 1.6
-2.8 -4.700000000000005 1.7000000000000002
-2.8 -4.700000000000005 1.8
-2.8 -4.700000000000005 1.9000000000000001
-2.8 -4.700000000000005 2.0
-2.8 -4.700000000000005 2.1
-2.8 -4.700000000000005 2.2
-2.8 -4.700000000000005 2.3000000000000003
-2.8 -4.700000000000005 2.4000000000000004
-2.8 -4.700000000000005 2.5
-2.8 -4.600000000000005 0.0
-2.8 -4.600000000000005 0.1
-2.8 -4.600000000000005 0.2
-2.8 -4.600000000000005 0.30000000000000004
-2.8 -4.600000000000005 0.4
-2.8 -4.600000000000005 0.5
-2.8 -4.600000000000005 0.6000000000000001
-2.8 -4.600000000000005 0.7000000000000001
-2.8 -4.600000000000005 0.8
-2.8 -4.600000000000005 0.9
-2.8 -4.600000000000005 1.0
-2.8 -4.600000000000005 1.1
-2.8 -4.600000000000005 1.2000000000000002
-2.8 -4.600000000000005 1.3
-2.8 -4.600000000000005 1.4000000000000001
-2.8 -4.600000000000005 1.5
-2.8 -4.600000000000005 1.6
-2.8 -4.600000000000005 1.7000000000000002
-2.8 -4.600000000000005 1.8
-2.8 -4.600000000000005 1.9000000000000001
-2.8 -4.600000000000005 2.0
-2.8 -4.600000000000005 2.1
-2.8 -4.600000000000005 2.2
-2.8 -4.600000000000005 2.3000000000000003
-2.8 -4.600000000000005 2.4000000000000004
-2.8 -4.600000000000005 2.5
-2.8 -4.500000000000005 0.0
-2.8 -4.500000000000005 0.1
-2.8 -4.500000000000005 0.2
-2.8 -4.500000000000005 0.30000000000000004
-2.8 -4.500000000000005 0.4
-2.8 -4.500000000000005 0.5
-2.8 -4.500000000000005 0.6000000000000001
-2.8 -4.500000000000005 0.7000000000000001
-2.8 -4.500000000000005 0.8
-2.8 -4.500000000000005 0.9
-2.8 -4.500000000000005 1.0
-2.8 -4.500000000000005 1.1
-2.8 -4.500000000000005 1.2000000000000002
-2.8 -4.500000000000005 1.3
-2.8 -4.500000000000005 1.4000000000000001
-2.8 -4.500000000000005 1.5
-2.8 -4.500000000000005 1.6
-2.8 -4.500000000000005 1.7000000000000002
-2.8 -4.500000000000005 1.8
-2.8 -4.500000000000005 1.9000000000000001
-2.8 -4.500000000000005 2.0
-2.8 -4.500000000000005 2.1
-2.8 -4.500000000000005 2.2
-2.8 -4.500000000000005 2.3000000000000003
-2.8 -4.500000000000005 2.4000000000000004
-2.8 -4.500000000000005 2.5
-2.8 -4.400000000000006 0.0
-2.8 -4.400000000000006 0.1
-2.8 -4.400000000000006 0.2
-2.8 -4.400000000000006 0.30000000000000004
-2.8 -4.400000000000006 0.4
-2.8 -4.400000000000006 0.5
-2.8 -4.400000000000006 0.6000000000000001
-2.8 -4.400000000000006 0.7000000000000001
-2.8 -4.400000000000006 0.8
-2.8 -4.400000000000006 0.9
-2.8 -4.400000000000006 1.0
-2.8 -4.400000000000006 1.1
-2.8 -4.400000000000006 1.2000000000000002
-2.8 -4.400000000000006 1.3
-2.8 -4.400000000000006 1.4000000000000001
-2.8 -4.400000000000006 1.5
-2.8 -4.400000000000006 1.6
-2.8 -4.400000000000006 1.7000000000000002
-2.8 -4.400000000000006 1.8
-2.8 -4.400000000000006 1.9000000000000001
-2.8 -4.400000000000006 2.0
-2.8 -4.400000000000006 2.1
-2.8 -4.400000000000006 2.2
-2.8 -4.400000000000006 2.3000000000000003
-2.8 -4.400000000000006 2.4000000000000004
-2.8 -4.400000000000006 2.5
-2.8 -4.300000000000006 0.0
-2.8 -4.300000000000006 0.1
-2.8 -4.300000000000006 0.2
-2.8 -4.300000000000006 0.30000000000000004
-2.8 -4.300000000000006 0.4
-2.8 -4.300000000000006 0.5
-2.8 -4.300000000000006 0.6000000000000001
-2.8 -4.300000000000006 0.7000000000000001
-2.8 -4.300000000000006 0.8
-2.8 -4.300000000000006 0.9
-2.8 -4.300000000000006 1.0
-2.8 -4.300000000000006 1.1
-2.8 -4.300000000000006 1.2000000000000002
-2.8 -4.300000000000006 1.3
-2.8 -4.300000000000006 1.4000000000000001
-2.8 -4.300000000000006 1.5
-2.8 -4.300000000000006 1.6
-2.8 -4.300000000000006 1.7000000000000002
-2.8 -4.300000000000006 1.8
-2.8 -4.300000000000006 1.9000000000000001
-2.8 -4.300000000000006 2.0
-2.8 -4.300000000000006 2.1
-2.8 -4.300000000000006 2.2
-2.8 -4.300000000000006 2.3000000000000003
-2.8 -4.300000000000006 2.4000000000000004
-2.8 -4.300000000000006 2.5
-2.8 -4.200000000000006 0.0
-2.8 -4.200000000000006 0.1
-2.8 -4.200000000000006 0.2
-2.8 -4.200000000000006 0.30000000000000004
-2.8 -4.200000000000006 0.4
-2.8 -4.200000000000006 0.5
-2.8 -4.200000000000006 0.6000000000000001
-2.8 -4.200000000000006 0.7000000000000001
-2.8 -4.200000000000006 0.8
-2.8 -4.200000000000006 0.9
-2.8 -4.200000000000006 1.0
-2.8 -4.200000000000006 1.1
-2.8 -4.200000000000006 1.2000000000000002
-2.8 -4.200000000000006 1.3
-2.8 -4.200000000000006 1.4000000000000001
-2.8 -4.200000000000006 1.5
-2.8 -4.200000000000006 1.6
-2.8 -4.200000000000006 1.7000000000000002
-2.8 -4.200000000000006 1.8
-2.8 -4.200000000000006 1.9000000000000001
-2.8 -4.200000000000006 2.0
-2.8 -4.200000000000006 2.1
-2.8 -4.200000000000006 2.2
-2.8 -4.200000000000006 2.3000000000000003
-2.8 -4.200000000000006 2.4000000000000004
-2.8 -4.200000000000006 2.5
-2.8 -4.100000000000007 0.0
-2.8 -4.100000000000007 0.1
-2.8 -4.100000000000007 0.2
-2.8 -4.100000000000007 0.30000000000000004
-2.8 -4.100000000000007 0.4
-2.8 -4.100000000000007 0.5
-2.8 -4.100000000000007 0.6000000000000001
-2.8 -4.100000000000007 0.7000000000000001
-2.8 -4.100000000000007 0.8
-2.8 -4.100000000000007 0.9
-2.8 -4.100000000000007 1.0
-2.8 -4.100000000000007 1.1
-2.8 -4.100000000000007 1.2000000000000002
-2.8 -4.100000000000007 1.3
-2.8 -4.100000000000007 1.4000000000000001
-2.8 -4.100000000000007 1.5
-2.8 -4.100000000000007 1.6
-2.8 -4.100000000000007 1.7000000000000002
-2.8 -4.100000000000007 1.8
-2.8 -4.100000000000007 1.9000000000000001
-2.8 -4.100000000000007 2.0
-2.8 -4.100000000000007 2.1
-2.8 -4.100000000000007 2.2
-2.8 -4.100000000000007 2.3000000000000003
-2.8 -4.100000000000007 2.4000000000000004
-2.8 -4.100000000000007 2.5
-2.8 -4.000000000000007 0.0
-2.8 -4.000000000000007 0.1
-2.8 -4.000000000000007 0.2
-2.8 -4.000000000000007 0.30000000000000004
-2.8 -4.000000000000007 0.4
-2.8 -4.000000000000007 0.5
-2.8 -4.000000000000007 0.6000000000000001
-2.8 -4.000000000000007 0.7000000000000001
-2.8 -4.000000000000007 0.8
-2.8 -4.000000000000007 0.9
-2.8 -4.000000000000007 1.0
-2.8 -4.000000000000007 1.1
-2.8 -4.000000000000007 1.2000000000000002
-2.8 -4.000000000000007 1.3
-2.8 -4.000000000000007 1.4000000000000001
-2.8 -4.000000000000007 1.5
-2.8 -4.000000000000007 1.6
-2.8 -4.000000000000007 1.7000000000000002
-2.8 -4.000000000000007 1.8
-2.8 -4.000000000000007 1.9000000000000001
-2.8 -4.000000000000007 2.0
-2.8 -4.000000000000007 2.1
-2.8 -4.000000000000007 2.2
-2.8 -4.000000000000007 2.3000000000000003
-2.8 -4.000000000000007 2.4000000000000004
-2.8 -4.000000000000007 2.5
-2.8 -3.9000000000000075 0.0
-2.8 -3.9000000000000075 0.1
-2.8 -3.9000000000000075 0.2
-2.8 -3.9000000000000075 0.30000000000000004
-2.8 -3.9000000000000075 0.4
-2.8 -3.9000000000000075 0.5
-2.8 -3.9000000000000075 0.6000000000000001
-2.8 -3.9000000000000075 0.7000000000000001
-2.8 -3.9000000000000075 0.8
-2.8 -3.9000000000000075 0.9
-2.8 -3.9000000000000075 1.0
-2.8 -3.9000000000000075 1.1
-2.8 -3.9000000000000075 1.2000000000000002
-2.8 -3.9000000000000075 1.3
-2.8 -3.9000000000000075 1.4000000000000001
-2.8 -3.9000000000000075 1.5
-2.8 -3.9000000000000075 1.6
-2.8 -3.9000000000000075 1.7000000000000002
-2.8 -3.9000000000000075 1.8
-2.8 -3.9000000000000075 1.9000000000000001
-2.8 -3.9000000000000075 2.0
-2.8 -3.9000000000000075 2.1
-2.8 -3.9000000000000075 2.2
-2.8 -3.9000000000000075 2.3000000000000003
-2.8 -3.9000000000000075 2.4000000000000004
-2.8 -3.9000000000000075 2.5
-2.8 -3.800000000000008 0.0
-2.8 -3.800000000000008 0.1
-2.8 -3.800000000000008 0.2
-2.8 -3.800000000000008 0.30000000000000004
-2.8 -3.800000000000008 0.4
-2.8 -3.800000000000008 0.5
-2.8 -3.800000000000008 0.6000000000000001
-2.8 -3.800000000000008 0.7000000000000001
-2.8 -3.800000000000008 0.8
-2.8 -3.800000000000008 0.9
-2.8 -3.800000000000008 1.0
-2.8 -3.800000000000008 1.1
-2.8 -3.800000000000008 1.2000000000000002
-2.8 -3.800000000000008 1.3
-2.8 -3.800000000000008 1.4000000000000001
-2.8 -3.800000000000008 1.5
-2.8 -3.800000000000008 1.6
-2.8 -3.800000000000008 1.7000000000000002
-2.8 -3.800000000000008 1.8
-2.8 -3.800000000000008 1.9000000000000001
-2.8 -3.800000000000008 2.0
-2.8 -3.800000000000008 2.1
-2.8 -3.800000000000008 2.2
-2.8 -3.800000000000008 2.3000000000000003
-2.8 -3.800000000000008 2.4000000000000004
-2.8 -3.800000000000008 2.5
-2.8 -3.700000000000008 0.0
-2.8 -3.700000000000008 0.1
-2.8 -3.700000000000008 0.2
-2.8 -3.700000000000008 0.30000000000000004
-2.8 -3.700000000000008 0.4
-2.8 -3.700000000000008 0.5
-2.8 -3.700000000000008 0.6000000000000001
-2.8 -3.700000000000008 0.7000000000000001
-2.8 -3.700000000000008 0.8
-2.8 -3.700000000000008 0.9
-2.8 -3.700000000000008 1.0
-2.8 -3.700000000000008 1.1
-2.8 -3.700000000000008 1.2000000000000002
-2.8 -3.700000000000008 1.3
-2.8 -3.700000000000008 1.4000000000000001
-2.8 -3.700000000000008 1.5
-2.8 -3.700000000000008 1.6
-2.8 -3.700000000000008 1.7000000000000002
-2.8 -3.700000000000008 1.8
-2.8 -3.700000000000008 1.9000000000000001
-2.8 -3.700000000000008 2.0
-2.8 -3.700000000000008 2.1
-2.8 -3.700000000000008 2.2
-2.8 -3.700000000000008 2.3000000000000003
-2.8 -3.700000000000008 2.4000000000000004
-2.8 -3.700000000000008 2.5
-2.8 -3.6000000000000085 0.0
-2.8 -3.6000000000000085 0.1
-2.8 -3.6000000000000085 0.2
-2.8 -3.6000000000000085 0.30000000000000004
-2.8 -3.6000000000000085 0.4
-2.8 -3.6000000000000085 0.5
-2.8 -3.6000000000000085 0.6000000000000001
-2.8 -3.6000000000000085 0.7000000000000001
-2.8 -3.6000000000000085 0.8
-2.8 -3.6000000000000085 0.9
-2.8 -3.6000000000000085 1.0
-2.8 -3.6000000000000085 1.1
-2.8 -3.6000000000000085 1.2000000000000002
-2.8 -3.6000000000000085 1.3
-2.8 -3.6000000000000085 1.4000000000000001
-2.8 -3.6000000000000085 1.5
-2.8 -3.6000000000000085 1.6
-2.8 -3.6000000000000085 1.7000000000000002
-2.8 -3.6000000000000085 1.8
-2.8 -3.6000000000000085 1.9000000000000001
-2.8 -3.6000000000000085 2.0
-2.8 -3.6000000000000085 2.1
-2.8 -3.6000000000000085 2.2
-2.8 -3.6000000000000085 2.3000000000000003
-2.8 -3.6000000000000085 2.4000000000000004
-2.8 -3.6000000000000085 2.5
-2.8 -3.500000000000009 0.0
-2.8 -3.500000000000009 0.1
-2.8 -3.500000000000009 0.2
-2.8 -3.500000000000009 0.30000000000000004
-2.8 -3.500000000000009 0.4
-2.8 -3.500000000000009 0.5
-2.8 -3.500000000000009 0.6000000000000001
-2.8 -3.500000000000009 0.7000000000000001
-2.8 -3.500000000000009 0.8
-2.8 -3.500000000000009 0.9
-2.8 -3.500000000000009 1.0
-2.8 -3.500000000000009 1.1
-2.8 -3.500000000000009 1.2000000000000002
-2.8 -3.500000000000009 1.3
-2.8 -3.500000000000009 1.4000000000000001
-2.8 -3.500000000000009 1.5
-2.8 -3.500000000000009 1.6
-2.8 -3.500000000000009 1.7000000000000002
-2.8 -3.500000000000009 1.8
-2.8 -3.500000000000009 1.9000000000000001
-2.8 -3.500000000000009 2.0
-2.8 -3.500000000000009 2.1
-2.8 -3.500000000000009 2.2
-2.8 -3.500000000000009 2.3000000000000003
-2.8 -3.500000000000009 2.4000000000000004
-2.8 -3.500000000000009 2.5
-2.8 -3.4000000000000092 0.0
-2.8 -3.4000000000000092 0.1
-2.8 -3.4000000000000092 0.2
-2.8 -3.4000000000000092 0.30000000000000004
-2.8 -3.4000000000000092 0.4
-2.8 -3.4000000000000092 0.5
-2.8 -3.4000000000000092 0.6000000000000001
-2.8 -3.4000000000000092 0.7000000000000001
-2.8 -3.4000000000000092 0.8
-2.8 -3.4000000000000092 0.9
-2.8 -3.4000000000000092 1.0
-2.8 -3.4000000000000092 1.1
-2.8 -3.4000000000000092 1.2000000000000002
-2.8 -3.4000000000000092 1.3
-2.8 -3.4000000000000092 1.4000000000000001
-2.8 -3.4000000000000092 1.5
-2.8 -3.4000000000000092 1.6
-2.8 -3.4000000000000092 1.7000000000000002
-2.8 -3.4000000000000092 1.8
-2.8 -3.4000000000000092 1.9000000000000001
-2.8 -3.4000000000000092 2.0
-2.8 -3.4000000000000092 2.1
-2.8 -3.4000000000000092 2.2
-2.8 -3.4000000000000092 2.3000000000000003
-2.8 -3.4000000000000092 2.4000000000000004
-2.8 -3.4000000000000092 2.5
-2.8 -3.3000000000000096 0.0
-2.8 -3.3000000000000096 0.1
-2.8 -3.3000000000000096 0.2
-2.8 -3.3000000000000096 0.30000000000000004
-2.8 -3.3000000000000096 0.4
-2.8 -3.3000000000000096 0.5
-2.8 -3.3000000000000096 0.6000000000000001
-2.8 -3.3000000000000096 0.7000000000000001
-2.8 -3.3000000000000096 0.8
-2.8 -3.3000000000000096 0.9
-2.8 -3.3000000000000096 1.0
-2.8 -3.3000000000000096 1.1
-2.8 -3.3000000000000096 1.2000000000000002
-2.8 -3.3000000000000096 1.3
-2.8 -3.3000000000000096 1.4000000000000001
-2.8 -3.3000000000000096 1.5
-2.8 -3.3000000000000096 1.6
-2.8 -3.3000000000000096 1.7000000000000002
-2.8 -3.3000000000000096 1.8
-2.8 -3.3000000000000096 1.9000000000000001
-2.8 -3.3000000000000096 2.0
-2.8 -3.3000000000000096 2.1
-2.8 -3.3000000000000096 2.2
-2.8 -3.3000000000000096 2.3000000000000003
-2.8 -3.3000000000000096 2.4000000000000004
-2.8 -3.3000000000000096 2.5
-2.8 -3.20000000000001 0.0
-2.8 -3.20000000000001 0.1
-2.8 -3.20000000000001 0.2
-2.8 -3.20000000000001 0.30000000000000004
-2.8 -3.20000000000001 0.4
-2.8 -3.20000000000001 0.5
-2.8 -3.20000000000001 0.6000000000000001
-2.8 -3.20000000000001 0.7000000000000001
-2.8 -3.20000000000001 0.8
-2.8 -3.20000000000001 0.9
-2.8 -3.20000000000001 1.0
-2.8 -3.20000000000001 1.1
-2.8 -3.20000000000001 1.2000000000000002
-2.8 -3.20000000000001 1.3
-2.8 -3.20000000000001 1.4000000000000001
-2.8 -3.20000000000001 1.5
-2.8 -3.20000000000001 1.6
-2.8 -3.20000000000001 1.7000000000000002
-2.8 -3.20000000000001 1.8
-2.8 -3.20000000000001 1.9000000000000001
-2.8 -3.20000000000001 2.0
-2.8 -3.20000000000001 2.1
-2.8 -3.20000000000001 2.2
-2.8 -3.20000000000001 2.3000000000000003
-2.8 -3.20000000000001 2.4000000000000004
-2.8 -3.20000000000001 2.5
-2.8 -3.1000000000000103 0.0
-2.8 -3.1000000000000103 0.1
-2.8 -3.1000000000000103 0.2
-2.8 -3.1000000000000103 0.30000000000000004
-2.8 -3.1000000000000103 0.4
-2.8 -3.1000000000000103 0.5
-2.8 -3.1000000000000103 0.6000000000000001
-2.8 -3.1000000000000103 0.7000000000000001
-2.8 -3.1000000000000103 0.8
-2.8 -3.1000000000000103 0.9
-2.8 -3.1000000000000103 1.0
-2.8 -3.1000000000000103 1.1
-2.8 -3.1000000000000103 1.2000000000000002
-2.8 -3.1000000000000103 1.3
-2.8 -3.1000000000000103 1.4000000000000001
-2.8 -3.1000000000000103 1.5
-2.8 -3.1000000000000103 1.6
-2.8 -3.1000000000000103 1.7000000000000002
-2.8 -3.1000000000000103 1.8
-2.8 -3.1000000000000103 1.9000000000000001
-2.8 -3.1000000000000103 2.0
-2.8 -3.1000000000000103 2.1
-2.8 -3.1000000000000103 2.2
-2.8 -3.1000000000000103 2.3000000000000003
-2.8 -3.1000000000000103 2.4000000000000004
-2.8 -3.1000000000000103 2.5
-2.8 -3.0000000000000107 0.0
-2.8 -3.0000000000000107 0.1
-2.8 -3.0000000000000107 0.2
-2.8 -3.0000000000000107 0.30000000000000004
-2.8 -3.0000000000000107 0.4
-2.8 -3.0000000000000107 0.5
-2.8 -3.0000000000000107 0.6000000000000001
-2.8 -3.0000000000000107 0.7000000000000001
-2.8 -3.0000000000000107 0.8
-2.8 -3.0000000000000107 0.9
-2.8 -3.0000000000000107 1.0
-2.8 -3.0000000000000107 1.1
-2.8 -3.0000000000000107 1.2000000000000002
-2.8 -3.0000000000000107 1.3
-2.8 -3.0000000000000107 1.4000000000000001
-2.8 -3.0000000000000107 1.5
-2.8 -3.0000000000000107 1.6
-2.8 -3.0000000000000107 1.7000000000000002
-2.8 -3.0000000000000107 1.8
-2.8 -3.0000000000000107 1.9000000000000001
-2.8 -3.0000000000000107 2.0
-2.8 -3.0000000000000107 2.1
-2.8 -3.0000000000000107 2.2
-2.8 -3.0000000000000107 2.3000000000000003
-2.8 -3.0000000000000107 2.4000000000000004
-2.8 -3.0000000000000107 2.5
-2.8 -2.900000000000011 0.0
-2.8 -2.900000000000011 0.1
-2.8 -2.900000000000011 0.2
-2.8 -2.900000000000011 0.30000000000000004
-2.8 -2.900000000000011 0.4
-2.8 -2.900000000000011 0.5
-2.8 -2.900000000000011 0.6000000000000001
-2.8 -2.900000000000011 0.7000000000000001
-2.8 -2.900000000000011 0.8
-2.8 -2.900000000000011 0.9
-2.8 -2.900000000000011 1.0
-2.8 -2.900000000000011 1.1
-2.8 -2.900000000000011 1.2000000000000002
-2.8 -2.900000000000011 1.3
-2.8 -2.900000000000011 1.4000000000000001
-2.8 -2.900000000000011 1.5
-2.8 -2.900000000000011 1.6
-2.8 -2.900000000000011 1.7000000000000002
-2.8 -2.900000000000011 1.8
-2.8 -2.900000000000011 1.9000000000000001
-2.8 -2.900000000000011 2.0
-2.8 -2.900000000000011 2.1
-2.8 -2.900000000000011 2.2
-2.8 -2.900000000000011 2.3000000000000003
-2.8 -2.900000000000011 2.4000000000000004
-2.8 -2.900000000000011 2.5
-2.8 -2.8000000000000114 0.0
-2.8 -2.8000000000000114 0.1
-2.8 -2.8000000000000114 0.2
-2.8 -2.8000000000000114 0.30000000000000004
-2.8 -2.8000000000000114 0.4
-2.8 -2.8000000000000114 0.5
-2.8 -2.8000000000000114 0.6000000000000001
-2.8 -2.8000000000000114 0.7000000000000001
-2.8 -2.8000000000000114 0.8
-2.8 -2.8000000000000114 0.9
-2.8 -2.8000000000000114 1.0
-2.8 -2.8000000000000114 1.1
-2.8 -2.8000000000000114 1.2000000000000002
-2.8 -2.8000000000000114 1.3
-2.8 -2.8000000000000114 1.4000000000000001
-2.8 -2.8000000000000114 1.5
-2.8 -2.8000000000000114 1.6
-2.8 -2.8000000000000114 1.7000000000000002
-2.8 -2.8000000000000114 1.8
-2.8 -2.8000000000000114 1.9000000000000001
-2.8 -2.8000000000000114 2.0
-2.8 -2.8000000000000114 2.1
-2.8 -2.8000000000000114 2.2
-2.8 -2.8000000000000114 2.3000000000000003
-2.8 -2.8000000000000114 2.4000000000000004
-2.8 -2.8000000000000114 2.5
-2.8 -2.7000000000000117 0.0
-2.8 -2.7000000000000117 0.1
-2.8 -2.7000000000000117 0.2
-2.8 -2.7000000000000117 0.30000000000000004
-2.8 -2.7000000000000117 0.4
-2.8 -2.7000000000000117 0.5
-2.8 -2.7000000000000117 0.6000000000000001
-2.8 -2.7000000000000117 0.7000000000000001
-2.8 -2.7000000000000117 0.8
-2.8 -2.7000000000000117 0.9
-2.8 -2.7000000000000117 1.0
-2.8 -2.7000000000000117 1.1
-2.8 -2.7000000000000117 1.2000000000000002
-2.8 -2.7000000000000117 1.3
-2.8 -2.7000000000000117 1.4000000000000001
-2.8 -2.7000000000000117 1.5
-2.8 -2.7000000000000117 1.6
-2.8 -2.7000000000000117 1.7000000000000002
-2.8 -2.7000000000000117 1.8
-2.8 -2.7000000000000117 1.9000000000000001
-2.8 -2.7000000000000117 2.0
-2.8 -2.7000000000000117 2.1
-2.8 -2.7000000000000117 2.2
-2.8 -2.7000000000000117 2.3000000000000003
-2.8 -2.7000000000000117 2.4000000000000004
-2.8 -2.7000000000000117 2.5
-2.8 -2.600000000000012 0.0
-2.8 -2.600000000000012 0.1
-2.8 -2.600000000000012 0.2
-2.8 -2.600000000000012 0.30000000000000004
-2.8 -2.600000000000012 0.4
-2.8 -2.600000000000012 0.5
-2.8 -2.600000000000012 0.6000000000000001
-2.8 -2.600000000000012 0.7000000000000001
-2.8 -2.600000000000012 0.8
-2.8 -2.600000000000012 0.9
-2.8 -2.600000000000012 1.0
-2.8 -2.600000000000012 1.1
-2.8 -2.600000000000012 1.2000000000000002
-2.8 -2.600000000000012 1.3
-2.8 -2.600000000000012 1.4000000000000001
-2.8 -2.600000000000012 1.5
-2.8 -2.600000000000012 1.6
-2.8 -2.600000000000012 1.7000000000000002
-2.8 -2.600000000000012 1.8
-2.8 -2.600000000000012 1.9000000000000001
-2.8 -2.600000000000012 2.0
-2.8 -2.600000000000012 2.1
-2.8 -2.600000000000012 2.2
-2.8 -2.600000000000012 2.3000000000000003
-2.8 -2.600000000000012 2.4000000000000004
-2.8 -2.600000000000012 2.5
-2.8 -2.5000000000000124 0.0
-2.8 -2.5000000000000124 0.1
-2.8 -2.5000000000000124 0.2
-2.8 -2.5000000000000124 0.30000000000000004
-2.8 -2.5000000000000124 0.4
-2.8 -2.5000000000000124 0.5
-2.8 -2.5000000000000124 0.6000000000000001
-2.8 -2.5000000000000124 0.7000000000000001
-2.8 -2.5000000000000124 0.8
-2.8 -2.5000000000000124 0.9
-2.8 -2.5000000000000124 1.0
-2.8 -2.5000000000000124 1.1
-2.8 -2.5000000000000124 1.2000000000000002
-2.8 -2.5000000000000124 1.3
-2.8 -2.5000000000000124 1.4000000000000001
-2.8 -2.5000000000000124 1.5
-2.8 -2.5000000000000124 1.6
-2.8 -2.5000000000000124 1.7000000000000002
-2.8 -2.5000000000000124 1.8
-2.8 -2.5000000000000124 1.9000000000000001
-2.8 -2.5000000000000124 2.0
-2.8 -2.5000000000000124 2.1
-2.8 -2.5000000000000124 2.2
-2.8 -2.5000000000000124 2.3000000000000003
-2.8 -2.5000000000000124 2.4000000000000004
-2.8 -2.5000000000000124 2.5
-2.8 -2.400000000000013 0.0
-2.8 -2.400000000000013 0.1
-2.8 -2.400000000000013 0.2
-2.8 -2.400000000000013 0.30000000000000004
-2.8 -2.400000000000013 0.4
-2.8 -2.400000000000013 0.5
-2.8 -2.400000000000013 0.6000000000000001
-2.8 -2.400000000000013 0.7000000000000001
-2.8 -2.400000000000013 0.8
-2.8 -2.400000000000013 0.9
-2.8 -2.400000000000013 1.0
-2.8 -2.400000000000013 1.1
-2.8 -2.400000000000013 1.2000000000000002
-2.8 -2.400000000000013 1.3
-2.8 -2.400000000000013 1.4000000000000001
-2.8 -2.400000000000013 1.5
-2.8 -2.400000000000013 1.6
-2.8 -2.400000000000013 1.7000000000000002
-2.8 -2.400000000000013 1.8
-2.8 -2.400000000000013 1.9000000000000001
-2.8 -2.400000000000013 2.0
-2.8 -2.400000000000013 2.1
-2.8 -2.400000000000013 2.2
-2.8 -2.400000000000013 2.3000000000000003
-2.8 -2.400000000000013 2.4000000000000004
-2.8 -2.400000000000013 2.5
-2.8 -2.300000000000013 0.0
-2.8 -2.300000000000013 0.1
-2.8 -2.300000000000013 0.2
-2.8 -2.300000000000013 0.30000000000000004
-2.8 -2.300000000000013 0.4
-2.8 -2.300000000000013 0.5
-2.8 -2.300000000000013 0.6000000000000001
-2.8 -2.300000000000013 0.7000000000000001
-2.8 -2.300000000000013 0.8
-2.8 -2.300000000000013 0.9
-2.8 -2.300000000000013 1.0
-2.8 -2.300000000000013 1.1
-2.8 -2.300000000000013 1.2000000000000002
-2.8 -2.300000000000013 1.3
-2.8 -2.300000000000013 1.4000000000000001
-2.8 -2.300000000000013 1.5
-2.8 -2.300000000000013 1.6
-2.8 -2.300000000000013 1.7000000000000002
-2.8 -2.300000000000013 1.8
-2.8 -2.300000000000013 1.9000000000000001
-2.8 -2.300000000000013 2.0
-2.8 -2.300000000000013 2.1
-2.8 -2.300000000000013 2.2
-2.8 -2.300000000000013 2.3000000000000003
-2.8 -2.300000000000013 2.4000000000000004
-2.8 -2.300000000000013 2.5
-2.8 -2.2000000000000135 0.0
-2.8 -2.2000000000000135 0.1
-2.8 -2.2000000000000135 0.2
-2.8 -2.2000000000000135 0.30000000000000004
-2.8 -2.2000000000000135 0.4
-2.8 -2.2000000000000135 0.5
-2.8 -2.2000000000000135 0.6000000000000001
-2.8 -2.2000000000000135 0.7000000000000001
-2.8 -2.2000000000000135 0.8
-2.8 -2.2000000000000135 0.9
-2.8 -2.2000000000000135 1.0
-2.8 -2.2000000000000135 1.1
-2.8 -2.2000000000000135 1.2000000000000002
-2.8 -2.2000000000000135 1.3
-2.8 -2.2000000000000135 1.4000000000000001
-2.8 -2.2000000000000135 1.5
-2.8 -2.2000000000000135 1.6
-2.8 -2.2000000000000135 1.7000000000000002
-2.8 -2.2000000000000135 1.8
-2.8 -2.2000000000000135 1.9000000000000001
-2.8 -2.2000000000000135 2.0
-2.8 -2.2000000000000135 2.1
-2.8 -2.2000000000000135 2.2
-2.8 -2.2000000000000135 2.3000000000000003
-2.8 -2.2000000000000135 2.4000000000000004
-2.8 -2.2000000000000135 2.5
-2.8 -2.100000000000014 0.0
-2.8 -2.100000000000014 0.1
-2.8 -2.100000000000014 0.2
-2.8 -2.100000000000014 0.30000000000000004
-2.8 -2.100000000000014 0.4
-2.8 -2.100000000000014 0.5
-2.8 -2.100000000000014 0.6000000000000001
-2.8 -2.100000000000014 0.7000000000000001
-2.8 -2.100000000000014 0.8
-2.8 -2.100000000000014 0.9
-2.8 -2.100000000000014 1.0
-2.8 -2.100000000000014 1.1
-2.8 -2.100000000000014 1.2000000000000002
-2.8 -2.100000000000014 1.3
-2.8 -2.100000000000014 1.4000000000000001
-2.8 -2.100000000000014 1.5
-2.8 -2.100000000000014 1.6
-2.8 -2.100000000000014 1.7000000000000002
-2.8 -2.100000000000014 1.8
-2.8 -2.100000000000014 1.9000000000000001
-2.8 -2.100000000000014 2.0
-2.8 -2.100000000000014 2.1
-2.8 -2.100000000000014 2.2
-2.8 -2.100000000000014 2.3000000000000003
-2.8 -2.100000000000014 2.4000000000000004
-2.8 -2.100000000000014 2.5
-2.8 -2.000000000000014 0.0
-2.8 -2.000000000000014 0.1
-2.8 -2.000000000000014 0.2
-2.8 -2.000000000000014 0.30000000000000004
-2.8 -2.000000000000014 0.4
-2.8 -2.000000000000014 0.5
-2.8 -2.000000000000014 0.6000000000000001
-2.8 -2.000000000000014 0.7000000000000001
-2.8 -2.000000000000014 0.8
-2.8 -2.000000000000014 0.9
-2.8 -2.000000000000014 1.0
-2.8 -2.000000000000014 1.1
-2.8 -2.000000000000014 1.2000000000000002
-2.8 -2.000000000000014 1.3
-2.8 -2.000000000000014 1.4000000000000001
-2.8 -2.000000000000014 1.5
-2.8 -2.000000000000014 1.6
-2.8 -2.000000000000014 1.7000000000000002
-2.8 -2.000000000000014 1.8
-2.8 -2.000000000000014 1.9000000000000001
-2.8 -2.000000000000014 2.0
-2.8 -2.000000000000014 2.1
-2.8 -2.000000000000014 2.2
-2.8 -2.000000000000014 2.3000000000000003
-2.8 -2.000000000000014 2.4000000000000004
-2.8 -2.000000000000014 2.5
-2.8 -1.9000000000000146 0.0
-2.8 -1.9000000000000146 0.1
-2.8 -1.9000000000000146 0.2
-2.8 -1.9000000000000146 0.30000000000000004
-2.8 -1.9000000000000146 0.4
-2.8 -1.9000000000000146 0.5
-2.8 -1.9000000000000146 0.6000000000000001
-2.8 -1.9000000000000146 0.7000000000000001
-2.8 -1.9000000000000146 0.8
-2.8 -1.9000000000000146 0.9
-2.8 -1.9000000000000146 1.0
-2.8 -1.9000000000000146 1.1
-2.8 -1.9000000000000146 1.2000000000000002
-2.8 -1.9000000000000146 1.3
-2.8 -1.9000000000000146 1.4000000000000001
-2.8 -1.9000000000000146 1.5
-2.8 -1.9000000000000146 1.6
-2.8 -1.9000000000000146 1.7000000000000002
-2.8 -1.9000000000000146 1.8
-2.8 -1.9000000000000146 1.9000000000000001
-2.8 -1.9000000000000146 2.0
-2.8 -1.9000000000000146 2.1
-2.8 -1.9000000000000146 2.2
-2.8 -1.9000000000000146 2.3000000000000003
-2.8 -1.9000000000000146 2.4000000000000004
-2.8 -1.9000000000000146 2.5
-2.8 -1.800000000000015 0.0
-2.8 -1.800000000000015 0.1
-2.8 -1.800000000000015 0.2
-2.8 -1.800000000000015 0.30000000000000004
-2.8 -1.800000000000015 0.4
-2.8 -1.800000000000015 0.5
-2.8 -1.800000000000015 0.6000000000000001
-2.8 -1.800000000000015 0.7000000000000001
-2.8 -1.800000000000015 0.8
-2.8 -1.800000000000015 0.9
-2.8 -1.800000000000015 1.0
-2.8 -1.800000000000015 1.1
-2.8 -1.800000000000015 1.2000000000000002
-2.8 -1.800000000000015 1.3
-2.8 -1.800000000000015 1.4000000000000001
-2.8 -1.800000000000015 1.5
-2.8 -1.800000000000015 1.6
-2.8 -1.800000000000015 1.7000000000000002
-2.8 -1.800000000000015 1.8
-2.8 -1.800000000000015 1.9000000000000001
-2.8 -1.800000000000015 2.0
-2.8 -1.800000000000015 2.1
-2.8 -1.800000000000015 2.2
-2.8 -1.800000000000015 2.3000000000000003
-2.8 -1.800000000000015 2.4000000000000004
-2.8 -1.800000000000015 2.5
-2.8 -1.7000000000000153 0.0
-2.8 -1.7000000000000153 0.1
-2.8 -1.7000000000000153 0.2
-2.8 -1.7000000000000153 0.30000000000000004
-2.8 -1.7000000000000153 0.4
-2.8 -1.7000000000000153 0.5
-2.8 -1.7000000000000153 0.6000000000000001
-2.8 -1.7000000000000153 0.7000000000000001
-2.8 -1.7000000000000153 0.8
-2.8 -1.7000000000000153 0.9
-2.8 -1.7000000000000153 1.0
-2.8 -1.7000000000000153 1.1
-2.8 -1.7000000000000153 1.2000000000000002
-2.8 -1.7000000000000153 1.3
-2.8 -1.7000000000000153 1.4000000000000001
-2.8 -1.7000000000000153 1.5
-2.8 -1.7000000000000153 1.6
-2.8 -1.7000000000000153 1.7000000000000002
-2.8 -1.7000000000000153 1.8
-2.8 -1.7000000000000153 1.9000000000000001
-2.8 -1.7000000000000153 2.0
-2.8 -1.7000000000000153 2.1
-2.8 -1.7000000000000153 2.2
-2.8 -1.7000000000000153 2.3000000000000003
-2.8 -1.7000000000000153 2.4000000000000004
-2.8 -1.7000000000000153 2.5
-2.8 -1.6000000000000156 0.0
-2.8 -1.6000000000000156 0.1
-2.8 -1.6000000000000156 0.2
-2.8 -1.6000000000000156 0.30000000000000004
-2.8 -1.6000000000000156 0.4
-2.8 -1.6000000000000156 0.5
-2.8 -1.6000000000000156 0.6000000000000001
-2.8 -1.6000000000000156 0.7000000000000001
-2.8 -1.6000000000000156 0.8
-2.8 -1.6000000000000156 0.9
-2.8 -1.6000000000000156 1.0
-2.8 -1.6000000000000156 1.1
-2.8 -1.6000000000000156 1.2000000000000002
-2.8 -1.6000000000000156 1.3
-2.8 -1.6000000000000156 1.4000000000000001
-2.8 -1.6000000000000156 1.5
-2.8 -1.6000000000000156 1.6
-2.8 -1.6000000000000156 1.7000000000000002
-2.8 -1.6000000000000156 1.8
-2.8 -1.6000000000000156 1.9000000000000001
-2.8 -1.6000000000000156 2.0
-2.8 -1.6000000000000156 2.1
-2.8 -1.6000000000000156 2.2
-2.8 -1.6000000000000156 2.3000000000000003
-2.8 -1.6000000000000156 2.4000000000000004
-2.8 -1.6000000000000156 2.5
-2.8 -1.500000000000016 0.0
-2.8 -1.500000000000016 0.1
-2.8 -1.500000000000016 0.2
-2.8 -1.500000000000016 0.30000000000000004
-2.8 -1.500000000000016 0.4
-2.8 -1.500000000000016 0.5
-2.8 -1.500000000000016 0.6000000000000001
-2.8 -1.500000000000016 0.7000000000000001
-2.8 -1.500000000000016 0.8
-2.8 -1.500000000000016 0.9
-2.8 -1.500000000000016 1.0
-2.8 -1.500000000000016 1.1
-2.8 -1.500000000000016 1.2000000000000002
-2.8 -1.500000000000016 1.3
-2.8 -1.500000000000016 1.4000000000000001
-2.8 -1.500000000000016 1.5
-2.8 -1.500000000000016 1.6
-2.8 -1.500000000000016 1.7000000000000002
-2.8 -1.500000000000016 1.8
-2.8 -1.500000000000016 1.9000000000000001
-2.8 -1.500000000000016 2.0
-2.8 -1.500000000000016 2.1
-2.8 -1.500000000000016 2.2
-2.8 -1.500000000000016 2.3000000000000003
-2.8 -1.500000000000016 2.4000000000000004
-2.8 -1.500000000000016 2.5
-2.8 -1.4000000000000163 0.0
-2.8 -1.4000000000000163 0.1
-2.8 -1.4000000000000163 0.2
-2.8 -1.4000000000000163 0.30000000000000004
-2.8 -1.4000000000000163 0.4
-2.8 -1.4000000000000163 0.5
-2.8 -1.4000000000000163 0.6000000000000001
-2.8 -1.4000000000000163 0.7000000000000001
-2.8 -1.4000000000000163 0.8
-2.8 -1.4000000000000163 0.9
-2.8 -1.4000000000000163 1.0
-2.8 -1.4000000000000163 1.1
-2.8 -1.4000000000000163 1.2000000000000002
-2.8 -1.4000000000000163 1.3
-2.8 -1.4000000000000163 1.4000000000000001
-2.8 -1.4000000000000163 1.5
-2.8 -1.4000000000000163 1.6
-2.8 -1.4000000000000163 1.7000000000000002
-2.8 -1.4000000000000163 1.8
-2.8 -1.4000000000000163 1.9000000000000001
-2.8 -1.4000000000000163 2.0
-2.8 -1.4000000000000163 2.1
-2.8 -1.4000000000000163 2.2
-2.8 -1.4000000000000163 2.3000000000000003
-2.8 -1.4000000000000163 2.4000000000000004
-2.8 -1.4000000000000163 2.5
-2.8 -1.3000000000000167 0.0
-2.8 -1.3000000000000167 0.1
-2.8 -1.3000000000000167 0.2
-2.8 -1.3000000000000167 0.30000000000000004
-2.8 -1.3000000000000167 0.4
-2.8 -1.3000000000000167 0.5
-2.8 -1.3000000000000167 0.6000000000000001
-2.8 -1.3000000000000167 0.7000000000000001
-2.8 -1.3000000000000167 0.8
-2.8 -1.3000000000000167 0.9
-2.8 -1.3000000000000167 1.0
-2.8 -1.3000000000000167 1.1
-2.8 -1.3000000000000167 1.2000000000000002
-2.8 -1.3000000000000167 1.3
-2.8 -1.3000000000000167 1.4000000000000001
-2.8 -1.3000000000000167 1.5
-2.8 -1.3000000000000167 1.6
-2.8 -1.3000000000000167 1.7000000000000002
-2.8 -1.3000000000000167 1.8
-2.8 -1.3000000000000167 1.9000000000000001
-2.8 -1.3000000000000167 2.0
-2.8 -1.3000000000000167 2.1
-2.8 -1.3000000000000167 2.2
-2.8 -1.3000000000000167 2.3000000000000003
-2.8 -1.3000000000000167 2.4000000000000004
-2.8 -1.3000000000000167 2.5
-2.8 -1.200000000000017 0.0
-2.8 -1.200000000000017 0.1
-2.8 -1.200000000000017 0.2
-2.8 -1.200000000000017 0.30000000000000004
-2.8 -1.200000000000017 0.4
-2.8 -1.200000000000017 0.5
-2.8 -1.200000000000017 0.6000000000000001
-2.8 -1.200000000000017 0.7000000000000001
-2.8 -1.200000000000017 0.8
-2.8 -1.200000000000017 0.9
-2.8 -1.200000000000017 1.0
-2.8 -1.200000000000017 1.1
-2.8 -1.200000000000017 1.2000000000000002
-2.8 -1.200000000000017 1.3
-2.8 -1.200000000000017 1.4000000000000001
-2.8 -1.200000000000017 1.5
-2.8 -1.200000000000017 1.6
-2.8 -1.200000000000017 1.7000000000000002
-2.8 -1.200000000000017 1.8
-2.8 -1.200000000000017 1.9000000000000001
-2.8 -1.200000000000017 2.0
-2.8 -1.200000000000017 2.1
-2.8 -1.200000000000017 2.2
-2.8 -1.200000000000017 2.3000000000000003
-2.8 -1.200000000000017 2.4000000000000004
-2.8 -1.200000000000017 2.5
-2.8 -1.1000000000000174 0.0
-2.8 -1.1000000000000174 0.1
-2.8 -1.1000000000000174 0.2
-2.8 -1.1000000000000174 0.30000000000000004
-2.8 -1.1000000000000174 0.4
-2.8 -1.1000000000000174 0.5
-2.8 -1.1000000000000174 0.6000000000000001
-2.8 -1.1000000000000174 0.7000000000000001
-2.8 -1.1000000000000174 0.8
-2.8 -1.1000000000000174 0.9
-2.8 -1.1000000000000174 1.0
-2.8 -1.1000000000000174 1.1
-2.8 -1.1000000000000174 1.2000000000000002
-2.8 -1.1000000000000174 1.3
-2.8 -1.1000000000000174 1.4000000000000001
-2.8 -1.1000000000000174 1.5
-2.8 -1.1000000000000174 1.6
-2.8 -1.1000000000000174 1.7000000000000002
-2.8 -1.1000000000000174 1.8
-2.8 -1.1000000000000174 1.9000000000000001
-2.8 -1.1000000000000174 2.0
-2.8 -1.1000000000000174 2.1
-2.8 -1.1000000000000174 2.2
-2.8 -1.1000000000000174 2.3000000000000003
-2.8 -1.1000000000000174 2.4000000000000004
-2.8 -1.1000000000000174 2.5
-2.8 -1.0000000000000178 0.0
-2.8 -1.0000000000000178 0.1
-2.8 -1.0000000000000178 0.2
-2.8 -1.0000000000000178 0.30000000000000004
-2.8 -1.0000000000000178 0.4
-2.8 -1.0000000000000178 0.5
-2.8 -1.0000000000000178 0.6000000000000001
-2.8 -1.0000000000000178 0.7000000000000001
-2.8 -1.0000000000000178 0.8
-2.8 -1.0000000000000178 0.9
-2.8 -1.0000000000000178 1.0
-2.8 -1.0000000000000178 1.1
-2.8 -1.0000000000000178 1.2000000000000002
-2.8 -1.0000000000000178 1.3
-2.8 -1.0000000000000178 1.4000000000000001
-2.8 -1.0000000000000178 1.5
-2.8 -1.0000000000000178 1.6
-2.8 -1.0000000000000178 1.7000000000000002
-2.8 -1.0000000000000178 1.8
-2.8 -1.0000000000000178 1.9000000000000001
-2.8 -1.0000000000000178 2.0
-2.8 -1.0000000000000178 2.1
-2.8 -1.0000000000000178 2.2
-2.8 -1.0000000000000178 2.3000000000000003
-2.8 -1.0000000000000178 2.4000000000000004
-2.8 -1.0000000000000178 2.5
-2.8 -0.9000000000000181 0.0
-2.8 -0.9000000000000181 0.1
-2.8 -0.9000000000000181 0.2
-2.8 -0.9000000000000181 0.30000000000000004
-2.8 -0.9000000000000181 0.4
-2.8 -0.9000000000000181 0.5
-2.8 -0.9000000000000181 0.6000000000000001
-2.8 -0.9000000000000181 0.7000000000000001
-2.8 -0.9000000000000181 0.8
-2.8 -0.9000000000000181 0.9
-2.8 -0.9000000000000181 1.0
-2.8 -0.9000000000000181 1.1
-2.8 -0.9000000000000181 1.2000000000000002
-2.8 -0.9000000000000181 1.3
-2.8 -0.9000000000000181 1.4000000000000001
-2.8 -0.9000000000000181 1.5
-2.8 -0.9000000000000181 1.6
-2.8 -0.9000000000000181 1.7000000000000002
-2.8 -0.9000000000000181 1.8
-2.8 -0.9000000000000181 1.9000000000000001
-2.8 -0.9000000000000181 2.0
-2.8 -0.9000000000000181 2.1
-2.8 -0.9000000000000181 2.2
-2.8 -0.9000000000000181 2.3000000000000003
-2.8 -0.9000000000000181 2.4000000000000004
-2.8 -0.9000000000000181 2.5
-2.8 -0.8000000000000185 0.0
-2.8 -0.8000000000000185 0.1
-2.8 -0.8000000000000185 0.2
-2.8 -0.8000000000000185 0.30000000000000004
-2.8 -0.8000000000000185 0.4
-2.8 -0.8000000000000185 0.5
-2.8 -0.8000000000000185 0.6000000000000001
-2.8 -0.8000000000000185 0.7000000000000001
-2.8 -0.8000000000000185 0.8
-2.8 -0.8000000000000185 0.9
-2.8 -0.8000000000000185 1.0
-2.8 -0.8000000000000185 1.1
-2.8 -0.8000000000000185 1.2000000000000002
-2.8 -0.8000000000000185 1.3
-2.8 -0.8000000000000185 1.4000000000000001
-2.8 -0.8000000000000185 1.5
-2.8 -0.8000000000000185 1.6
-2.8 -0.8000000000000185 1.7000000000000002
-2.8 -0.8000000000000185 1.8
-2.8 -0.8000000000000185 1.9000000000000001
-2.8 -0.8000000000000185 2.0
-2.8 -0.8000000000000185 2.1
-2.8 -0.8000000000000185 2.2
-2.8 -0.8000000000000185 2.3000000000000003
-2.8 -0.8000000000000185 2.4000000000000004
-2.8 -0.8000000000000185 2.5
-2.8 -0.7000000000000188 0.0
-2.8 -0.7000000000000188 0.1
-2.8 -0.7000000000000188 0.2
-2.8 -0.7000000000000188 0.30000000000000004
-2.8 -0.7000000000000188 0.4
-2.8 -0.7000000000000188 0.5
-2.8 -0.7000000000000188 0.6000000000000001
-2.8 -0.7000000000000188 0.7000000000000001
-2.8 -0.7000000000000188 0.8
-2.8 -0.7000000000000188 0.9
-2.8 -0.7000000000000188 1.0
-2.8 -0.7000000000000188 1.1
-2.8 -0.7000000000000188 1.2000000000000002
-2.8 -0.7000000000000188 1.3
-2.8 -0.7000000000000188 1.4000000000000001
-2.8 -0.7000000000000188 1.5
-2.8 -0.7000000000000188 1.6
-2.8 -0.7000000000000188 1.7000000000000002
-2.8 -0.7000000000000188 1.8
-2.8 -0.7000000000000188 1.9000000000000001
-2.8 -0.7000000000000188 2.0
-2.8 -0.7000000000000188 2.1
-2.8 -0.7000000000000188 2.2
-2.8 -0.7000000000000188 2.3000000000000003
-2.8 -0.7000000000000188 2.4000000000000004
-2.8 -0.7000000000000188 2.5
-2.8 -0.6000000000000192 0.0
-2.8 -0.6000000000000192 0.1
-2.8 -0.6000000000000192 0.2
-2.8 -0.6000000000000192 0.30000000000000004
-2.8 -0.6000000000000192 0.4
-2.8 -0.6000000000000192 0.5
-2.8 -0.6000000000000192 0.6000000000000001
-2.8 -0.6000000000000192 0.7000000000000001
-2.8 -0.6000000000000192 0.8
-2.8 -0.6000000000000192 0.9
-2.8 -0.6000000000000192 1.0
-2.8 -0.6000000000000192 1.1
-2.8 -0.6000000000000192 1.2000000000000002
-2.8 -0.6000000000000192 1.3
-2.8 -0.6000000000000192 1.4000000000000001
-2.8 -0.6000000000000192 1.5
-2.8 -0.6000000000000192 1.6
-2.8 -0.6000000000000192 1.7000000000000002
-2.8 -0.6000000000000192 1.8
-2.8 -0.6000000000000192 1.9000000000000001
-2.8 -0.6000000000000192 2.0
-2.8 -0.6000000000000192 2.1
-2.8 -0.6000000000000192 2.2
-2.8 -0.6000000000000192 2.3000000000000003
-2.8 -0.6000000000000192 2.4000000000000004
-2.8 -0.6000000000000192 2.5
-2.8 -0.5000000000000195 0.0
-2.8 -0.5000000000000195 0.1
-2.8 -0.5000000000000195 0.2
-2.8 -0.5000000000000195 0.30000000000000004
-2.8 -0.5000000000000195 0.4
-2.8 -0.5000000000000195 0.5
-2.8 -0.5000000000000195 0.6000000000000001
-2.8 -0.5000000000000195 0.7000000000000001
-2.8 -0.5000000000000195 0.8
-2.8 -0.5000000000000195 0.9
-2.8 -0.5000000000000195 1.0
-2.8 -0.5000000000000195 1.1
-2.8 -0.5000000000000195 1.2000000000000002
-2.8 -0.5000000000000195 1.3
-2.8 -0.5000000000000195 1.4000000000000001
-2.8 -0.5000000000000195 1.5
-2.8 -0.5000000000000195 1.6
-2.8 -0.5000000000000195 1.7000000000000002
-2.8 -0.5000000000000195 1.8
-2.8 -0.5000000000000195 1.9000000000000001
-2.8 -0.5000000000000195 2.0
-2.8 -0.5000000000000195 2.1
-2.8 -0.5000000000000195 2.2
-2.8 -0.5000000000000195 2.3000000000000003
-2.8 -0.5000000000000195 2.4000000000000004
-2.8 -0.5000000000000195 2.5
-2.8 -0.4000000000000199 0.0
-2.8 -0.4000000000000199 0.1
-2.8 -0.4000000000000199 0.2
-2.8 -0.4000000000000199 0.30000000000000004
-2.8 -0.4000000000000199 0.4
-2.8 -0.4000000000000199 0.5
-2.8 -0.4000000000000199 0.6000000000000001
-2.8 -0.4000000000000199 0.7000000000000001
-2.8 -0.4000000000000199 0.8
-2.8 -0.4000000000000199 0.9
-2.8 -0.4000000000000199 1.0
-2.8 -0.4000000000000199 1.1
-2.8 -0.4000000000000199 1.2000000000000002
-2.8 -0.4000000000000199 1.3
-2.8 -0.4000000000000199 1.4000000000000001
-2.8 -0.4000000000000199 1.5
-2.8 -0.4000000000000199 1.6
-2.8 -0.4000000000000199 1.7000000000000002
-2.8 -0.4000000000000199 1.8
-2.8 -0.4000000000000199 1.9000000000000001
-2.8 -0.4000000000000199 2.0
-2.8 -0.4000000000000199 2.1
-2.8 -0.4000000000000199 2.2
-2.8 -0.4000000000000199 2.3000000000000003
-2.8 -0.4000000000000199 2.4000000000000004
-2.8 -0.4000000000000199 2.5
-2.8 -0.30000000000002025 0.0
-2.8 -0.30000000000002025 0.1
-2.8 -0.30000000000002025 0.2
-2.8 -0.30000000000002025 0.30000000000000004
-2.8 -0.30000000000002025 0.4
-2.8 -0.30000000000002025 0.5
-2.8 -0.30000000000002025 0.6000000000000001
-2.8 -0.30000000000002025 0.7000000000000001
-2.8 -0.30000000000002025 0.8
-2.8 -0.30000000000002025 0.9
-2.8 -0.30000000000002025 1.0
-2.8 -0.30000000000002025 1.1
-2.8 -0.30000000000002025 1.2000000000000002
-2.8 -0.30000000000002025 1.3
-2.8 -0.30000000000002025 1.4000000000000001
-2.8 -0.30000000000002025 1.5
-2.8 -0.30000000000002025 1.6
-2.8 -0.30000000000002025 1.7000000000000002
-2.8 -0.30000000000002025 1.8
-2.8 -0.30000000000002025 1.9000000000000001
-2.8 -0.30000000000002025 2.0
-2.8 -0.30000000000002025 2.1
-2.8 -0.30000000000002025 2.2
-2.8 -0.30000000000002025 2.3000000000000003
-2.8 -0.30000000000002025 2.4000000000000004
-2.8 -0.30000000000002025 2.5
-2.8 -0.2000000000000206 0.0
-2.8 -0.2000000000000206 0.1
-2.8 -0.2000000000000206 0.2
-2.8 -0.2000000000000206 0.30000000000000004
-2.8 -0.2000000000000206 0.4
-2.8 -0.2000000000000206 0.5
-2.8 -0.2000000000000206 0.6000000000000001
-2.8 -0.2000000000000206 0.7000000000000001
-2.8 -0.2000000000000206 0.8
-2.8 -0.2000000000000206 0.9
-2.8 -0.2000000000000206 1.0
-2.8 -0.2000000000000206 1.1
-2.8 -0.2000000000000206 1.2000000000000002
-2.8 -0.2000000000000206 1.3
-2.8 -0.2000000000000206 1.4000000000000001
-2.8 -0.2000000000000206 1.5
-2.8 -0.2000000000000206 1.6
-2.8 -0.2000000000000206 1.7000000000000002
-2.8 -0.2000000000000206 1.8
-2.8 -0.2000000000000206 1.9000000000000001
-2.8 -0.2000000000000206 2.0
-2.8 -0.2000000000000206 2.1
-2.8 -0.2000000000000206 2.2
-2.8 -0.2000000000000206 2.3000000000000003
-2.8 -0.2000000000000206 2.4000000000000004
-2.8 -0.2000000000000206 2.5
-2.8 -0.10000000000002096 0.0
-2.8 -0.10000000000002096 0.1
-2.8 -0.10000000000002096 0.2
-2.8 -0.10000000000002096 0.30000000000000004
-2.8 -0.10000000000002096 0.4
-2.8 -0.10000000000002096 0.5
-2.8 -0.10000000000002096 0.6000000000000001
-2.8 -0.10000000000002096 0.7000000000000001
-2.8 -0.10000000000002096 0.8
-2.8 -0.10000000000002096 0.9
-2.8 -0.10000000000002096 1.0
-2.8 -0.10000000000002096 1.1
-2.8 -0.10000000000002096 1.2000000000000002
-2.8 -0.10000000000002096 1.3
-2.8 -0.10000000000002096 1.4000000000000001
-2.8 -0.10000000000002096 1.5
-2.8 -0.10000000000002096 1.6
-2.8 -0.10000000000002096 1.7000000000000002
-2.8 -0.10000000000002096 1.8
-2.8 -0.10000000000002096 1.9000000000000001
-2.8 -0.10000000000002096 2.0
-2.8 -0.10000000000002096 2.1
-2.8 -0.10000000000002096 2.2
-2.8 -0.10000000000002096 2.3000000000000003
-2.8 -0.10000000000002096 2.4000000000000004
-2.8 -0.10000000000002096 2.5
-2.8 -2.1316282072803006e-14 0.0
-2.8 -2.1316282072803006e-14 0.1
-2.8 -2.1316282072803006e-14 0.2
-2.8 -2.1316282072803006e-14 0.30000000000000004
-2.8 -2.1316282072803006e-14 0.4
-2.8 -2.1316282072803006e-14 0.5
-2.8 -2.1316282072803006e-14 0.6000000000000001
-2.8 -2.1316282072803006e-14 0.7000000000000001
-2.8 -2.1316282072803006e-14 0.8
-2.8 -2.1316282072803006e-14 0.9
-2.8 -2.1316282072803006e-14 1.0
-2.8 -2.1316282072803006e-14 1.1
-2.8 -2.1316282072803006e-14 1.2000000000000002
-2.8 -2.1316282072803006e-14 1.3
-2.8 -2.1316282072803006e-14 1.4000000000000001
-2.8 -2.1316282072803006e-14 1.5
-2.8 -2.1316282072803006e-14 1.6
-2.8 -2.1316282072803006e-14 1.7000000000000002
-2.8 -2.1316282072803006e-14 1.8
-2.8 -2.1316282072803006e-14 1.9000000000000001
-2.8 -2.1316282072803006e-14 2.0
-2.8 -2.1316282072803006e-14 2.1
-2.8 -2.1316282072803006e-14 2.2
-2.8 -2.1316282072803006e-14 2.3000000000000003
-2.8 -2.1316282072803006e-14 2.4000000000000004
-2.8 -2.1316282072803006e-14 2.5
-2.8 0.09999999999997833 0.0
-2.8 0.09999999999997833 0.1
-2.8 0.09999999999997833 0.2
-2.8 0.09999999999997833 0.30000000000000004
-2.8 0.09999999999997833 0.4
-2.8 0.09999999999997833 0.5
-2.8 0.09999999999997833 0.6000000000000001
-2.8 0.09999999999997833 0.7000000000000001
-2.8 0.09999999999997833 0.8
-2.8 0.09999999999997833 0.9
-2.8 0.09999999999997833 1.0
-2.8 0.09999999999997833 1.1
-2.8 0.09999999999997833 1.2000000000000002
-2.8 0.09999999999997833 1.3
-2.8 0.09999999999997833 1.4000000000000001
-2.8 0.09999999999997833 1.5
-2.8 0.09999999999997833 1.6
-2.8 0.09999999999997833 1.7000000000000002
-2.8 0.09999999999997833 1.8
-2.8 0.09999999999997833 1.9000000000000001
-2.8 0.09999999999997833 2.0
-2.8 0.09999999999997833 2.1
-2.8 0.09999999999997833 2.2
-2.8 0.09999999999997833 2.3000000000000003
-2.8 0.09999999999997833 2.4000000000000004
-2.8 0.09999999999997833 2.5
-2.8 0.19999999999997797 0.0
-2.8 0.19999999999997797 0.1
-2.8 0.19999999999997797 0.2
-2.8 0.19999999999997797 0.30000000000000004
-2.8 0.19999999999997797 0.4
-2.8 0.19999999999997797 0.5
-2.8 0.19999999999997797 0.6000000000000001
-2.8 0.19999999999997797 0.7000000000000001
-2.8 0.19999999999997797 0.8
-2.8 0.19999999999997797 0.9
-2.8 0.19999999999997797 1.0
-2.8 0.19999999999997797 1.1
-2.8 0.19999999999997797 1.2000000000000002
-2.8 0.19999999999997797 1.3
-2.8 0.19999999999997797 1.4000000000000001
-2.8 0.19999999999997797 1.5
-2.8 0.19999999999997797 1.6
-2.8 0.19999999999997797 1.7000000000000002
-2.8 0.19999999999997797 1.8
-2.8 0.19999999999997797 1.9000000000000001
-2.8 0.19999999999997797 2.0
-2.8 0.19999999999997797 2.1
-2.8 0.19999999999997797 2.2
-2.8 0.19999999999997797 2.3000000000000003
-2.8 0.19999999999997797 2.4000000000000004
-2.8 0.19999999999997797 2.5
-2.8 0.2999999999999776 0.0
-2.8 0.2999999999999776 0.1
-2.8 0.2999999999999776 0.2
-2.8 0.2999999999999776 0.30000000000000004
-2.8 0.2999999999999776 0.4
-2.8 0.2999999999999776 0.5
-2.8 0.2999999999999776 0.6000000000000001
-2.8 0.2999999999999776 0.7000000000000001
-2.8 0.2999999999999776 0.8
-2.8 0.2999999999999776 0.9
-2.8 0.2999999999999776 1.0
-2.8 0.2999999999999776 1.1
-2.8 0.2999999999999776 1.2000000000000002
-2.8 0.2999999999999776 1.3
-2.8 0.2999999999999776 1.4000000000000001
-2.8 0.2999999999999776 1.5
-2.8 0.2999999999999776 1.6
-2.8 0.2999999999999776 1.7000000000000002
-2.8 0.2999999999999776 1.8
-2.8 0.2999999999999776 1.9000000000000001
-2.8 0.2999999999999776 2.0
-2.8 0.2999999999999776 2.1
-2.8 0.2999999999999776 2.2
-2.8 0.2999999999999776 2.3000000000000003
-2.8 0.2999999999999776 2.4000000000000004
-2.8 0.2999999999999776 2.5
-2.8 0.39999999999997726 0.0
-2.8 0.39999999999997726 0.1
-2.8 0.39999999999997726 0.2
-2.8 0.39999999999997726 0.30000000000000004
-2.8 0.39999999999997726 0.4
-2.8 0.39999999999997726 0.5
-2.8 0.39999999999997726 0.6000000000000001
-2.8 0.39999999999997726 0.7000000000000001
-2.8 0.39999999999997726 0.8
-2.8 0.39999999999997726 0.9
-2.8 0.39999999999997726 1.0
-2.8 0.39999999999997726 1.1
-2.8 0.39999999999997726 1.2000000000000002
-2.8 0.39999999999997726 1.3
-2.8 0.39999999999997726 1.4000000000000001
-2.8 0.39999999999997726 1.5
-2.8 0.39999999999997726 1.6
-2.8 0.39999999999997726 1.7000000000000002
-2.8 0.39999999999997726 1.8
-2.8 0.39999999999997726 1.9000000000000001
-2.8 0.39999999999997726 2.0
-2.8 0.39999999999997726 2.1
-2.8 0.39999999999997726 2.2
-2.8 0.39999999999997726 2.3000000000000003
-2.8 0.39999999999997726 2.4000000000000004
-2.8 0.39999999999997726 2.5
-2.8 0.4999999999999769 0.0
-2.8 0.4999999999999769 0.1
-2.8 0.4999999999999769 0.2
-2.8 0.4999999999999769 0.30000000000000004
-2.8 0.4999999999999769 0.4
-2.8 0.4999999999999769 0.5
-2.8 0.4999999999999769 0.6000000000000001
-2.8 0.4999999999999769 0.7000000000000001
-2.8 0.4999999999999769 0.8
-2.8 0.4999999999999769 0.9
-2.8 0.4999999999999769 1.0
-2.8 0.4999999999999769 1.1
-2.8 0.4999999999999769 1.2000000000000002
-2.8 0.4999999999999769 1.3
-2.8 0.4999999999999769 1.4000000000000001
-2.8 0.4999999999999769 1.5
-2.8 0.4999999999999769 1.6
-2.8 0.4999999999999769 1.7000000000000002
-2.8 0.4999999999999769 1.8
-2.8 0.4999999999999769 1.9000000000000001
-2.8 0.4999999999999769 2.0
-2.8 0.4999999999999769 2.1
-2.8 0.4999999999999769 2.2
-2.8 0.4999999999999769 2.3000000000000003
-2.8 0.4999999999999769 2.4000000000000004
-2.8 0.4999999999999769 2.5
-2.8 0.5999999999999766 0.0
-2.8 0.5999999999999766 0.1
-2.8 0.5999999999999766 0.2
-2.8 0.5999999999999766 0.30000000000000004
-2.8 0.5999999999999766 0.4
-2.8 0.5999999999999766 0.5
-2.8 0.5999999999999766 0.6000000000000001
-2.8 0.5999999999999766 0.7000000000000001
-2.8 0.5999999999999766 0.8
-2.8 0.5999999999999766 0.9
-2.8 0.5999999999999766 1.0
-2.8 0.5999999999999766 1.1
-2.8 0.5999999999999766 1.2000000000000002
-2.8 0.5999999999999766 1.3
-2.8 0.5999999999999766 1.4000000000000001
-2.8 0.5999999999999766 1.5
-2.8 0.5999999999999766 1.6
-2.8 0.5999999999999766 1.7000000000000002
-2.8 0.5999999999999766 1.8
-2.8 0.5999999999999766 1.9000000000000001
-2.8 0.5999999999999766 2.0
-2.8 0.5999999999999766 2.1
-2.8 0.5999999999999766 2.2
-2.8 0.5999999999999766 2.3000000000000003
-2.8 0.5999999999999766 2.4000000000000004
-2.8 0.5999999999999766 2.5
-2.8 0.6999999999999762 0.0
-2.8 0.6999999999999762 0.1
-2.8 0.6999999999999762 0.2
-2.8 0.6999999999999762 0.30000000000000004
-2.8 0.6999999999999762 0.4
-2.8 0.6999999999999762 0.5
-2.8 0.6999999999999762 0.6000000000000001
-2.8 0.6999999999999762 0.7000000000000001
-2.8 0.6999999999999762 0.8
-2.8 0.6999999999999762 0.9
-2.8 0.6999999999999762 1.0
-2.8 0.6999999999999762 1.1
-2.8 0.6999999999999762 1.2000000000000002
-2.8 0.6999999999999762 1.3
-2.8 0.6999999999999762 1.4000000000000001
-2.8 0.6999999999999762 1.5
-2.8 0.6999999999999762 1.6
-2.8 0.6999999999999762 1.7000000000000002
-2.8 0.6999999999999762 1.8
-2.8 0.6999999999999762 1.9000000000000001
-2.8 0.6999999999999762 2.0
-2.8 0.6999999999999762 2.1
-2.8 0.6999999999999762 2.2
-2.8 0.6999999999999762 2.3000000000000003
-2.8 0.6999999999999762 2.4000000000000004
-2.8 0.6999999999999762 2.5
-2.8 0.7999999999999758 0.0
-2.8 0.7999999999999758 0.1
-2.8 0.7999999999999758 0.2
-2.8 0.7999999999999758 0.30000000000000004
-2.8 0.7999999999999758 0.4
-2.8 0.7999999999999758 0.5
-2.8 0.7999999999999758 0.6000000000000001
-2.8 0.7999999999999758 0.7000000000000001
-2.8 0.7999999999999758 0.8
-2.8 0.7999999999999758 0.9
-2.8 0.7999999999999758 1.0
-2.8 0.7999999999999758 1.1
-2.8 0.7999999999999758 1.2000000000000002
-2.8 0.7999999999999758 1.3
-2.8 0.7999999999999758 1.4000000000000001
-2.8 0.7999999999999758 1.5
-2.8 0.7999999999999758 1.6
-2.8 0.7999999999999758 1.7000000000000002
-2.8 0.7999999999999758 1.8
-2.8 0.7999999999999758 1.9000000000000001
-2.8 0.7999999999999758 2.0
-2.8 0.7999999999999758 2.1
-2.8 0.7999999999999758 2.2
-2.8 0.7999999999999758 2.3000000000000003
-2.8 0.7999999999999758 2.4000000000000004
-2.8 0.7999999999999758 2.5
-2.8 0.8999999999999755 0.0
-2.8 0.8999999999999755 0.1
-2.8 0.8999999999999755 0.2
-2.8 0.8999999999999755 0.30000000000000004
-2.8 0.8999999999999755 0.4
-2.8 0.8999999999999755 0.5
-2.8 0.8999999999999755 0.6000000000000001
-2.8 0.8999999999999755 0.7000000000000001
-2.8 0.8999999999999755 0.8
-2.8 0.8999999999999755 0.9
-2.8 0.8999999999999755 1.0
-2.8 0.8999999999999755 1.1
-2.8 0.8999999999999755 1.2000000000000002
-2.8 0.8999999999999755 1.3
-2.8 0.8999999999999755 1.4000000000000001
-2.8 0.8999999999999755 1.5
-2.8 0.8999999999999755 1.6
-2.8 0.8999999999999755 1.7000000000000002
-2.8 0.8999999999999755 1.8
-2.8 0.8999999999999755 1.9000000000000001
-2.8 0.8999999999999755 2.0
-2.8 0.8999999999999755 2.1
-2.8 0.8999999999999755 2.2
-2.8 0.8999999999999755 2.3000000000000003
-2.8 0.8999999999999755 2.4000000000000004
-2.8 0.8999999999999755 2.5
-2.8 0.9999999999999751 0.0
-2.8 0.9999999999999751 0.1
-2.8 0.9999999999999751 0.2
-2.8 0.9999999999999751 0.30000000000000004
-2.8 0.9999999999999751 0.4
-2.8 0.9999999999999751 0.5
-2.8 0.9999999999999751 0.6000000000000001
-2.8 0.9999999999999751 0.7000000000000001
-2.8 0.9999999999999751 0.8
-2.8 0.9999999999999751 0.9
-2.8 0.9999999999999751 1.0
-2.8 0.9999999999999751 1.1
-2.8 0.9999999999999751 1.2000000000000002
-2.8 0.9999999999999751 1.3
-2.8 0.9999999999999751 1.4000000000000001
-2.8 0.9999999999999751 1.5
-2.8 0.9999999999999751 1.6
-2.8 0.9999999999999751 1.7000000000000002
-2.8 0.9999999999999751 1.8
-2.8 0.9999999999999751 1.9000000000000001
-2.8 0.9999999999999751 2.0
-2.8 0.9999999999999751 2.1
-2.8 0.9999999999999751 2.2
-2.8 0.9999999999999751 2.3000000000000003
-2.8 0.9999999999999751 2.4000000000000004
-2.8 0.9999999999999751 2.5
-2.8 1.0999999999999748 0.0
-2.8 1.0999999999999748 0.1
-2.8 1.0999999999999748 0.2
-2.8 1.0999999999999748 0.30000000000000004
-2.8 1.0999999999999748 0.4
-2.8 1.0999999999999748 0.5
-2.8 1.0999999999999748 0.6000000000000001
-2.8 1.0999999999999748 0.7000000000000001
-2.8 1.0999999999999748 0.8
-2.8 1.0999999999999748 0.9
-2.8 1.0999999999999748 1.0
-2.8 1.0999999999999748 1.1
-2.8 1.0999999999999748 1.2000000000000002
-2.8 1.0999999999999748 1.3
-2.8 1.0999999999999748 1.4000000000000001
-2.8 1.0999999999999748 1.5
-2.8 1.0999999999999748 1.6
-2.8 1.0999999999999748 1.7000000000000002
-2.8 1.0999999999999748 1.8
-2.8 1.0999999999999748 1.9000000000000001
-2.8 1.0999999999999748 2.0
-2.8 1.0999999999999748 2.1
-2.8 1.0999999999999748 2.2
-2.8 1.0999999999999748 2.3000000000000003
-2.8 1.0999999999999748 2.4000000000000004
-2.8 1.0999999999999748 2.5
-2.8 1.1999999999999744 0.0
-2.8 1.1999999999999744 0.1
-2.8 1.1999999999999744 0.2
-2.8 1.1999999999999744 0.30000000000000004
-2.8 1.1999999999999744 0.4
-2.8 1.1999999999999744 0.5
-2.8 1.1999999999999744 0.6000000000000001
-2.8 1.1999999999999744 0.7000000000000001
-2.8 1.1999999999999744 0.8
-2.8 1.1999999999999744 0.9
-2.8 1.1999999999999744 1.0
-2.8 1.1999999999999744 1.1
-2.8 1.1999999999999744 1.2000000000000002
-2.8 1.1999999999999744 1.3
-2.8 1.1999999999999744 1.4000000000000001
-2.8 1.1999999999999744 1.5
-2.8 1.1999999999999744 1.6
-2.8 1.1999999999999744 1.7000000000000002
-2.8 1.1999999999999744 1.8
-2.8 1.1999999999999744 1.9000000000000001
-2.8 1.1999999999999744 2.0
-2.8 1.1999999999999744 2.1
-2.8 1.1999999999999744 2.2
-2.8 1.1999999999999744 2.3000000000000003
-2.8 1.1999999999999744 2.4000000000000004
-2.8 1.1999999999999744 2.5
-2.8 1.299999999999974 0.0
-2.8 1.299999999999974 0.1
-2.8 1.299999999999974 0.2
-2.8 1.299999999999974 0.30000000000000004
-2.8 1.299999999999974 0.4
-2.8 1.299999999999974 0.5
-2.8 1.299999999999974 0.6000000000000001
-2.8 1.299999999999974 0.7000000000000001
-2.8 1.299999999999974 0.8
-2.8 1.299999999999974 0.9
-2.8 1.299999999999974 1.0
-2.8 1.299999999999974 1.1
-2.8 1.299999999999974 1.2000000000000002
-2.8 1.299999999999974 1.3
-2.8 1.299999999999974 1.4000000000000001
-2.8 1.299999999999974 1.5
-2.8 1.299999999999974 1.6
-2.8 1.299999999999974 1.7000000000000002
-2.8 1.299999999999974 1.8
-2.8 1.299999999999974 1.9000000000000001
-2.8 1.299999999999974 2.0
-2.8 1.299999999999974 2.1
-2.8 1.299999999999974 2.2
-2.8 1.299999999999974 2.3000000000000003
-2.8 1.299999999999974 2.4000000000000004
-2.8 1.299999999999974 2.5
-2.8 1.3999999999999737 0.0
-2.8 1.3999999999999737 0.1
-2.8 1.3999999999999737 0.2
-2.8 1.3999999999999737 0.30000000000000004
-2.8 1.3999999999999737 0.4
-2.8 1.3999999999999737 0.5
-2.8 1.3999999999999737 0.6000000000000001
-2.8 1.3999999999999737 0.7000000000000001
-2.8 1.3999999999999737 0.8
-2.8 1.3999999999999737 0.9
-2.8 1.3999999999999737 1.0
-2.8 1.3999999999999737 1.1
-2.8 1.3999999999999737 1.2000000000000002
-2.8 1.3999999999999737 1.3
-2.8 1.3999999999999737 1.4000000000000001
-2.8 1.3999999999999737 1.5
-2.8 1.3999999999999737 1.6
-2.8 1.3999999999999737 1.7000000000000002
-2.8 1.3999999999999737 1.8
-2.8 1.3999999999999737 1.9000000000000001
-2.8 1.3999999999999737 2.0
-2.8 1.3999999999999737 2.1
-2.8 1.3999999999999737 2.2
-2.8 1.3999999999999737 2.3000000000000003
-2.8 1.3999999999999737 2.4000000000000004
-2.8 1.3999999999999737 2.5
-2.8 1.4999999999999734 0.0
-2.8 1.4999999999999734 0.1
-2.8 1.4999999999999734 0.2
-2.8 1.4999999999999734 0.30000000000000004
-2.8 1.4999999999999734 0.4
-2.8 1.4999999999999734 0.5
-2.8 1.4999999999999734 0.6000000000000001
-2.8 1.4999999999999734 0.7000000000000001
-2.8 1.4999999999999734 0.8
-2.8 1.4999999999999734 0.9
-2.8 1.4999999999999734 1.0
-2.8 1.4999999999999734 1.1
-2.8 1.4999999999999734 1.2000000000000002
-2.8 1.4999999999999734 1.3
-2.8 1.4999999999999734 1.4000000000000001
-2.8 1.4999999999999734 1.5
-2.8 1.4999999999999734 1.6
-2.8 1.4999999999999734 1.7000000000000002
-2.8 1.4999999999999734 1.8
-2.8 1.4999999999999734 1.9000000000000001
-2.8 1.4999999999999734 2.0
-2.8 1.4999999999999734 2.1
-2.8 1.4999999999999734 2.2
-2.8 1.4999999999999734 2.3000000000000003
-2.8 1.4999999999999734 2.4000000000000004
-2.8 1.4999999999999734 2.5
-2.8 1.599999999999973 0.0
-2.8 1.599999999999973 0.1
-2.8 1.599999999999973 0.2
-2.8 1.599999999999973 0.30000000000000004
-2.8 1.599999999999973 0.4
-2.8 1.599999999999973 0.5
-2.8 1.599999999999973 0.6000000000000001
-2.8 1.599999999999973 0.7000000000000001
-2.8 1.599999999999973 0.8
-2.8 1.599999999999973 0.9
-2.8 1.599999999999973 1.0
-2.8 1.599999999999973 1.1
-2.8 1.599999999999973 1.2000000000000002
-2.8 1.599999999999973 1.3
-2.8 1.599999999999973 1.4000000000000001
-2.8 1.599999999999973 1.5
-2.8 1.599999999999973 1.6
-2.8 1.599999999999973 1.7000000000000002
-2.8 1.599999999999973 1.8
-2.8 1.599999999999973 1.9000000000000001
-2.8 1.599999999999973 2.0
-2.8 1.599999999999973 2.1
-2.8 1.599999999999973 2.2
-2.8 1.599999999999973 2.3000000000000003
-2.8 1.599999999999973 2.4000000000000004
-2.8 1.599999999999973 2.5
-2.8 1.6999999999999726 0.0
-2.8 1.6999999999999726 0.1
-2.8 1.6999999999999726 0.2
-2.8 1.6999999999999726 0.30000000000000004
-2.8 1.6999999999999726 0.4
-2.8 1.6999999999999726 0.5
-2.8 1.6999999999999726 0.6000000000000001
-2.8 1.6999999999999726 0.7000000000000001
-2.8 1.6999999999999726 0.8
-2.8 1.6999999999999726 0.9
-2.8 1.6999999999999726 1.0
-2.8 1.6999999999999726 1.1
-2.8 1.6999999999999726 1.2000000000000002
-2.8 1.6999999999999726 1.3
-2.8 1.6999999999999726 1.4000000000000001
-2.8 1.6999999999999726 1.5
-2.8 1.6999999999999726 1.6
-2.8 1.6999999999999726 1.7000000000000002
-2.8 1.6999999999999726 1.8
-2.8 1.6999999999999726 1.9000000000000001
-2.8 1.6999999999999726 2.0
-2.8 1.6999999999999726 2.1
-2.8 1.6999999999999726 2.2
-2.8 1.6999999999999726 2.3000000000000003
-2.8 1.6999999999999726 2.4000000000000004
-2.8 1.6999999999999726 2.5
-2.8 1.7999999999999723 0.0
-2.8 1.7999999999999723 0.1
-2.8 1.7999999999999723 0.2
-2.8 1.7999999999999723 0.30000000000000004
-2.8 1.7999999999999723 0.4
-2.8 1.7999999999999723 0.5
-2.8 1.7999999999999723 0.6000000000000001
-2.8 1.7999999999999723 0.7000000000000001
-2.8 1.7999999999999723 0.8
-2.8 1.7999999999999723 0.9
-2.8 1.7999999999999723 1.0
-2.8 1.7999999999999723 1.1
-2.8 1.7999999999999723 1.2000000000000002
-2.8 1.7999999999999723 1.3
-2.8 1.7999999999999723 1.4000000000000001
-2.8 1.7999999999999723 1.5
-2.8 1.7999999999999723 1.6
-2.8 1.7999999999999723 1.7000000000000002
-2.8 1.7999999999999723 1.8
-2.8 1.7999999999999723 1.9000000000000001
-2.8 1.7999999999999723 2.0
-2.8 1.7999999999999723 2.1
-2.8 1.7999999999999723 2.2
-2.8 1.7999999999999723 2.3000000000000003
-2.8 1.7999999999999723 2.4000000000000004
-2.8 1.7999999999999723 2.5
-2.8 1.899999999999972 0.0
-2.8 1.899999999999972 0.1
-2.8 1.899999999999972 0.2
-2.8 1.899999999999972 0.30000000000000004
-2.8 1.899999999999972 0.4
-2.8 1.899999999999972 0.5
-2.8 1.899999999999972 0.6000000000000001
-2.8 1.899999999999972 0.7000000000000001
-2.8 1.899999999999972 0.8
-2.8 1.899999999999972 0.9
-2.8 1.899999999999972 1.0
-2.8 1.899999999999972 1.1
-2.8 1.899999999999972 1.2000000000000002
-2.8 1.899999999999972 1.3
-2.8 1.899999999999972 1.4000000000000001
-2.8 1.899999999999972 1.5
-2.8 1.899999999999972 1.6
-2.8 1.899999999999972 1.7000000000000002
-2.8 1.899999999999972 1.8
-2.8 1.899999999999972 1.9000000000000001
-2.8 1.899999999999972 2.0
-2.8 1.899999999999972 2.1
-2.8 1.899999999999972 2.2
-2.8 1.899999999999972 2.3000000000000003
-2.8 1.899999999999972 2.4000000000000004
-2.8 1.899999999999972 2.5
-2.8 1.9999999999999716 0.0
-2.8 1.9999999999999716 0.1
-2.8 1.9999999999999716 0.2
-2.8 1.9999999999999716 0.30000000000000004
-2.8 1.9999999999999716 0.4
-2.8 1.9999999999999716 0.5
-2.8 1.9999999999999716 0.6000000000000001
-2.8 1.9999999999999716 0.7000000000000001
-2.8 1.9999999999999716 0.8
-2.8 1.9999999999999716 0.9
-2.8 1.9999999999999716 1.0
-2.8 1.9999999999999716 1.1
-2.8 1.9999999999999716 1.2000000000000002
-2.8 1.9999999999999716 1.3
-2.8 1.9999999999999716 1.4000000000000001
-2.8 1.9999999999999716 1.5
-2.8 1.9999999999999716 1.6
-2.8 1.9999999999999716 1.7000000000000002
-2.8 1.9999999999999716 1.8
-2.8 1.9999999999999716 1.9000000000000001
-2.8 1.9999999999999716 2.0
-2.8 1.9999999999999716 2.1
-2.8 1.9999999999999716 2.2
-2.8 1.9999999999999716 2.3000000000000003
-2.8 1.9999999999999716 2.4000000000000004
-2.8 1.9999999999999716 2.5
-2.8 2.0999999999999712 0.0
-2.8 2.0999999999999712 0.1
-2.8 2.0999999999999712 0.2
-2.8 2.0999999999999712 0.30000000000000004
-2.8 2.0999999999999712 0.4
-2.8 2.0999999999999712 0.5
-2.8 2.0999999999999712 0.6000000000000001
-2.8 2.0999999999999712 0.7000000000000001
-2.8 2.0999999999999712 0.8
-2.8 2.0999999999999712 0.9
-2.8 2.0999999999999712 1.0
-2.8 2.0999999999999712 1.1
-2.8 2.0999999999999712 1.2000000000000002
-2.8 2.0999999999999712 1.3
-2.8 2.0999999999999712 1.4000000000000001
-2.8 2.0999999999999712 1.5
-2.8 2.0999999999999712 1.6
-2.8 2.0999999999999712 1.7000000000000002
-2.8 2.0999999999999712 1.8
-2.8 2.0999999999999712 1.9000000000000001
-2.8 2.0999999999999712 2.0
-2.8 2.0999999999999712 2.1
-2.8 2.0999999999999712 2.2
-2.8 2.0999999999999712 2.3000000000000003
-2.8 2.0999999999999712 2.4000000000000004
-2.8 2.0999999999999712 2.5
-2.8 2.199999999999971 0.0
-2.8 2.199999999999971 0.1
-2.8 2.199999999999971 0.2
-2.8 2.199999999999971 0.30000000000000004
-2.8 2.199999999999971 0.4
-2.8 2.199999999999971 0.5
-2.8 2.199999999999971 0.6000000000000001
-2.8 2.199999999999971 0.7000000000000001
-2.8 2.199999999999971 0.8
-2.8 2.199999999999971 0.9
-2.8 2.199999999999971 1.0
-2.8 2.199999999999971 1.1
-2.8 2.199999999999971 1.2000000000000002
-2.8 2.199999999999971 1.3
-2.8 2.199999999999971 1.4000000000000001
-2.8 2.199999999999971 1.5
-2.8 2.199999999999971 1.6
-2.8 2.199999999999971 1.7000000000000002
-2.8 2.199999999999971 1.8
-2.8 2.199999999999971 1.9000000000000001
-2.8 2.199999999999971 2.0
-2.8 2.199999999999971 2.1
-2.8 2.199999999999971 2.2
-2.8 2.199999999999971 2.3000000000000003
-2.8 2.199999999999971 2.4000000000000004
-2.8 2.199999999999971 2.5
-2.8 2.2999999999999705 0.0
-2.8 2.2999999999999705 0.1
-2.8 2.2999999999999705 0.2
-2.8 2.2999999999999705 0.30000000000000004
-2.8 2.2999999999999705 0.4
-2.8 2.2999999999999705 0.5
-2.8 2.2999999999999705 0.6000000000000001
-2.8 2.2999999999999705 0.7000000000000001
-2.8 2.2999999999999705 0.8
-2.8 2.2999999999999705 0.9
-2.8 2.2999999999999705 1.0
-2.8 2.2999999999999705 1.1
-2.8 2.2999999999999705 1.2000000000000002
-2.8 2.2999999999999705 1.3
-2.8 2.2999999999999705 1.4000000000000001
-2.8 2.2999999999999705 1.5
-2.8 2.2999999999999705 1.6
-2.8 2.2999999999999705 1.7000000000000002
-2.8 2.2999999999999705 1.8
-2.8 2.2999999999999705 1.9000000000000001
-2.8 2.2999999999999705 2.0
-2.8 2.2999999999999705 2.1
-2.8 2.2999999999999705 2.2
-2.8 2.2999999999999705 2.3000000000000003
-2.8 2.2999999999999705 2.4000000000000004
-2.8 2.2999999999999705 2.5
-2.8 2.39999999999997 0.0
-2.8 2.39999999999997 0.1
-2.8 2.39999999999997 0.2
-2.8 2.39999999999997 0.30000000000000004
-2.8 2.39999999999997 0.4
-2.8 2.39999999999997 0.5
-2.8 2.39999999999997 0.6000000000000001
-2.8 2.39999999999997 0.7000000000000001
-2.8 2.39999999999997 0.8
-2.8 2.39999999999997 0.9
-2.8 2.39999999999997 1.0
-2.8 2.39999999999997 1.1
-2.8 2.39999999999997 1.2000000000000002
-2.8 2.39999999999997 1.3
-2.8 2.39999999999997 1.4000000000000001
-2.8 2.39999999999997 1.5
-2.8 2.39999999999997 1.6
-2.8 2.39999999999997 1.7000000000000002
-2.8 2.39999999999997 1.8
-2.8 2.39999999999997 1.9000000000000001
-2.8 2.39999999999997 2.0
-2.8 2.39999999999997 2.1
-2.8 2.39999999999997 2.2
-2.8 2.39999999999997 2.3000000000000003
-2.8 2.39999999999997 2.4000000000000004
-2.8 2.39999999999997 2.5
-2.8 2.49999999999997 0.0
-2.8 2.49999999999997 0.1
-2.8 2.49999999999997 0.2
-2.8 2.49999999999997 0.30000000000000004
-2.8 2.49999999999997 0.4
-2.8 2.49999999999997 0.5
-2.8 2.49999999999997 0.6000000000000001
-2.8 2.49999999999997 0.7000000000000001
-2.8 2.49999999999997 0.8
-2.8 2.49999999999997 0.9
-2.8 2.49999999999997 1.0
-2.8 2.49999999999997 1.1
-2.8 2.49999999999997 1.2000000000000002
-2.8 2.49999999999997 1.3
-2.8 2.49999999999997 1.4000000000000001
-2.8 2.49999999999997 1.5
-2.8 2.49999999999997 1.6
-2.8 2.49999999999997 1.7000000000000002
-2.8 2.49999999999997 1.8
-2.8 2.49999999999997 1.9000000000000001
-2.8 2.49999999999997 2.0
-2.8 2.49999999999997 2.1
-2.8 2.49999999999997 2.2
-2.8 2.49999999999997 2.3000000000000003
-2.8 2.49999999999997 2.4000000000000004
-2.8 2.49999999999997 2.5
-2.8 2.5999999999999694 0.0
-2.8 2.5999999999999694 0.1
-2.8 2.5999999999999694 0.2
-2.8 2.5999999999999694 0.30000000000000004
-2.8 2.5999999999999694 0.4
-2.8 2.5999999999999694 0.5
-2.8 2.5999999999999694 0.6000000000000001
-2.8 2.5999999999999694 0.7000000000000001
-2.8 2.5999999999999694 0.8
-2.8 2.5999999999999694 0.9
-2.8 2.5999999999999694 1.0
-2.8 2.5999999999999694 1.1
-2.8 2.5999999999999694 1.2000000000000002
-2.8 2.5999999999999694 1.3
-2.8 2.5999999999999694 1.4000000000000001
-2.8 2.5999999999999694 1.5
-2.8 2.5999999999999694 1.6
-2.8 2.5999999999999694 1.7000000000000002
-2.8 2.5999999999999694 1.8
-2.8 2.5999999999999694 1.9000000000000001
-2.8 2.5999999999999694 2.0
-2.8 2.5999999999999694 2.1
-2.8 2.5999999999999694 2.2
-2.8 2.5999999999999694 2.3000000000000003
-2.8 2.5999999999999694 2.4000000000000004
-2.8 2.5999999999999694 2.5
-2.8 2.699999999999969 0.0
-2.8 2.699999999999969 0.1
-2.8 2.699999999999969 0.2
-2.8 2.699999999999969 0.30000000000000004
-2.8 2.699999999999969 0.4
-2.8 2.699999999999969 0.5
-2.8 2.699999999999969 0.6000000000000001
-2.8 2.699999999999969 0.7000000000000001
-2.8 2.699999999999969 0.8
-2.8 2.699999999999969 0.9
-2.8 2.699999999999969 1.0
-2.8 2.699999999999969 1.1
-2.8 2.699999999999969 1.2000000000000002
-2.8 2.699999999999969 1.3
-2.8 2.699999999999969 1.4000000000000001
-2.8 2.699999999999969 1.5
-2.8 2.699999999999969 1.6
-2.8 2.699999999999969 1.7000000000000002
-2.8 2.699999999999969 1.8
-2.8 2.699999999999969 1.9000000000000001
-2.8 2.699999999999969 2.0
-2.8 2.699999999999969 2.1
-2.8 2.699999999999969 2.2
-2.8 2.699999999999969 2.3000000000000003
-2.8 2.699999999999969 2.4000000000000004
-2.8 2.699999999999969 2.5
-2.8 2.7999999999999687 0.0
-2.8 2.7999999999999687 0.1
-2.8 2.7999999999999687 0.2
-2.8 2.7999999999999687 0.30000000000000004
-2.8 2.7999999999999687 0.4
-2.8 2.7999999999999687 0.5
-2.8 2.7999999999999687 0.6000000000000001
-2.8 2.7999999999999687 0.7000000000000001
-2.8 2.7999999999999687 0.8
-2.8 2.7999999999999687 0.9
-2.8 2.7999999999999687 1.0
-2.8 2.7999999999999687 1.1
-2.8 2.7999999999999687 1.2000000000000002
-2.8 2.7999999999999687 1.3
-2.8 2.7999999999999687 1.4000000000000001
-2.8 2.7999999999999687 1.5
-2.8 2.7999999999999687 1.6
-2.8 2.7999999999999687 1.7000000000000002
-2.8 2.7999999999999687 1.8
-2.8 2.7999999999999687 1.9000000000000001
-2.8 2.7999999999999687 2.0
-2.8 2.7999999999999687 2.1
-2.8 2.7999999999999687 2.2
-2.8 2.7999999999999687 2.3000000000000003
-2.8 2.7999999999999687 2.4000000000000004
-2.8 2.7999999999999687 2.5
-2.8 2.8999999999999684 0.0
-2.8 2.8999999999999684 0.1
-2.8 2.8999999999999684 0.2
-2.8 2.8999999999999684 0.30000000000000004
-2.8 2.8999999999999684 0.4
-2.8 2.8999999999999684 0.5
-2.8 2.8999999999999684 0.6000000000000001
-2.8 2.8999999999999684 0.7000000000000001
-2.8 2.8999999999999684 0.8
-2.8 2.8999999999999684 0.9
-2.8 2.8999999999999684 1.0
-2.8 2.8999999999999684 1.1
-2.8 2.8999999999999684 1.2000000000000002
-2.8 2.8999999999999684 1.3
-2.8 2.8999999999999684 1.4000000000000001
-2.8 2.8999999999999684 1.5
-2.8 2.8999999999999684 1.6
-2.8 2.8999999999999684 1.7000000000000002
-2.8 2.8999999999999684 1.8
-2.8 2.8999999999999684 1.9000000000000001
-2.8 2.8999999999999684 2.0
-2.8 2.8999999999999684 2.1
-2.8 2.8999999999999684 2.2
-2.8 2.8999999999999684 2.3000000000000003
-2.8 2.8999999999999684 2.4000000000000004
-2.8 2.8999999999999684 2.5
-2.8 2.999999999999968 0.0
-2.8 2.999999999999968 0.1
-2.8 2.999999999999968 0.2
-2.8 2.999999999999968 0.30000000000000004
-2.8 2.999999999999968 0.4
-2.8 2.999999999999968 0.5
-2.8 2.999999999999968 0.6000000000000001
-2.8 2.999999999999968 0.7000000000000001
-2.8 2.999999999999968 0.8
-2.8 2.999999999999968 0.9
-2.8 2.999999999999968 1.0
-2.8 2.999999999999968 1.1
-2.8 2.999999999999968 1.2000000000000002
-2.8 2.999999999999968 1.3
-2.8 2.999999999999968 1.4000000000000001
-2.8 2.999999999999968 1.5
-2.8 2.999999999999968 1.6
-2.8 2.999999999999968 1.7000000000000002
-2.8 2.999999999999968 1.8
-2.8 2.999999999999968 1.9000000000000001
-2.8 2.999999999999968 2.0
-2.8 2.999999999999968 2.1
-2.8 2.999999999999968 2.2
-2.8 2.999999999999968 2.3000000000000003
-2.8 2.999999999999968 2.4000000000000004
-2.8 2.999999999999968 2.5
-2.8 3.0999999999999677 0.0
-2.8 3.0999999999999677 0.1
-2.8 3.0999999999999677 0.2
-2.8 3.0999999999999677 0.30000000000000004
-2.8 3.0999999999999677 0.4
-2.8 3.0999999999999677 0.5
-2.8 3.0999999999999677 0.6000000000000001
-2.8 3.0999999999999677 0.7000000000000001
-2.8 3.0999999999999677 0.8
-2.8 3.0999999999999677 0.9
-2.8 3.0999999999999677 1.0
-2.8 3.0999999999999677 1.1
-2.8 3.0999999999999677 1.2000000000000002
-2.8 3.0999999999999677 1.3
-2.8 3.0999999999999677 1.4000000000000001
-2.8 3.0999999999999677 1.5
-2.8 3.0999999999999677 1.6
-2.8 3.0999999999999677 1.7000000000000002
-2.8 3.0999999999999677 1.8
-2.8 3.0999999999999677 1.9000000000000001
-2.8 3.0999999999999677 2.0
-2.8 3.0999999999999677 2.1
-2.8 3.0999999999999677 2.2
-2.8 3.0999999999999677 2.3000000000000003
-2.8 3.0999999999999677 2.4000000000000004
-2.8 3.0999999999999677 2.5
-2.8 3.1999999999999673 0.0
-2.8 3.1999999999999673 0.1
-2.8 3.1999999999999673 0.2
-2.8 3.1999999999999673 0.30000000000000004
-2.8 3.1999999999999673 0.4
-2.8 3.1999999999999673 0.5
-2.8 3.1999999999999673 0.6000000000000001
-2.8 3.1999999999999673 0.7000000000000001
-2.8 3.1999999999999673 0.8
-2.8 3.1999999999999673 0.9
-2.8 3.1999999999999673 1.0
-2.8 3.1999999999999673 1.1
-2.8 3.1999999999999673 1.2000000000000002
-2.8 3.1999999999999673 1.3
-2.8 3.1999999999999673 1.4000000000000001
-2.8 3.1999999999999673 1.5
-2.8 3.1999999999999673 1.6
-2.8 3.1999999999999673 1.7000000000000002
-2.8 3.1999999999999673 1.8
-2.8 3.1999999999999673 1.9000000000000001
-2.8 3.1999999999999673 2.0
-2.8 3.1999999999999673 2.1
-2.8 3.1999999999999673 2.2
-2.8 3.1999999999999673 2.3000000000000003
-2.8 3.1999999999999673 2.4000000000000004
-2.8 3.1999999999999673 2.5
-2.8 3.299999999999967 0.0
-2.8 3.299999999999967 0.1
-2.8 3.299999999999967 0.2
-2.8 3.299999999999967 0.30000000000000004
-2.8 3.299999999999967 0.4
-2.8 3.299999999999967 0.5
-2.8 3.299999999999967 0.6000000000000001
-2.8 3.299999999999967 0.7000000000000001
-2.8 3.299999999999967 0.8
-2.8 3.299999999999967 0.9
-2.8 3.299999999999967 1.0
-2.8 3.299999999999967 1.1
-2.8 3.299999999999967 1.2000000000000002
-2.8 3.299999999999967 1.3
-2.8 3.299999999999967 1.4000000000000001
-2.8 3.299999999999967 1.5
-2.8 3.299999999999967 1.6
-2.8 3.299999999999967 1.7000000000000002
-2.8 3.299999999999967 1.8
-2.8 3.299999999999967 1.9000000000000001
-2.8 3.299999999999967 2.0
-2.8 3.299999999999967 2.1
-2.8 3.299999999999967 2.2
-2.8 3.299999999999967 2.3000000000000003
-2.8 3.299999999999967 2.4000000000000004
-2.8 3.299999999999967 2.5
-2.8 3.3999999999999666 0.0
-2.8 3.3999999999999666 0.1
-2.8 3.3999999999999666 0.2
-2.8 3.3999999999999666 0.30000000000000004
-2.8 3.3999999999999666 0.4
-2.8 3.3999999999999666 0.5
-2.8 3.3999999999999666 0.6000000000000001
-2.8 3.3999999999999666 0.7000000000000001
-2.8 3.3999999999999666 0.8
-2.8 3.3999999999999666 0.9
-2.8 3.3999999999999666 1.0
-2.8 3.3999999999999666 1.1
-2.8 3.3999999999999666 1.2000000000000002
-2.8 3.3999999999999666 1.3
-2.8 3.3999999999999666 1.4000000000000001
-2.8 3.3999999999999666 1.5
-2.8 3.3999999999999666 1.6
-2.8 3.3999999999999666 1.7000000000000002
-2.8 3.3999999999999666 1.8
-2.8 3.3999999999999666 1.9000000000000001
-2.8 3.3999999999999666 2.0
-2.8 3.3999999999999666 2.1
-2.8 3.3999999999999666 2.2
-2.8 3.3999999999999666 2.3000000000000003
-2.8 3.3999999999999666 2.4000000000000004
-2.8 3.3999999999999666 2.5
-2.8 3.4999999999999662 0.0
-2.8 3.4999999999999662 0.1
-2.8 3.4999999999999662 0.2
-2.8 3.4999999999999662 0.30000000000000004
-2.8 3.4999999999999662 0.4
-2.8 3.4999999999999662 0.5
-2.8 3.4999999999999662 0.6000000000000001
-2.8 3.4999999999999662 0.7000000000000001
-2.8 3.4999999999999662 0.8
-2.8 3.4999999999999662 0.9
-2.8 3.4999999999999662 1.0
-2.8 3.4999999999999662 1.1
-2.8 3.4999999999999662 1.2000000000000002
-2.8 3.4999999999999662 1.3
-2.8 3.4999999999999662 1.4000000000000001
-2.8 3.4999999999999662 1.5
-2.8 3.4999999999999662 1.6
-2.8 3.4999999999999662 1.7000000000000002
-2.8 3.4999999999999662 1.8
-2.8 3.4999999999999662 1.9000000000000001
-2.8 3.4999999999999662 2.0
-2.8 3.4999999999999662 2.1
-2.8 3.4999999999999662 2.2
-2.8 3.4999999999999662 2.3000000000000003
-2.8 3.4999999999999662 2.4000000000000004
-2.8 3.4999999999999662 2.5
-2.8 3.599999999999966 0.0
-2.8 3.599999999999966 0.1
-2.8 3.599999999999966 0.2
-2.8 3.599999999999966 0.30000000000000004
-2.8 3.599999999999966 0.4
-2.8 3.599999999999966 0.5
-2.8 3.599999999999966 0.6000000000000001
-2.8 3.599999999999966 0.7000000000000001
-2.8 3.599999999999966 0.8
-2.8 3.599999999999966 0.9
-2.8 3.599999999999966 1.0
-2.8 3.599999999999966 1.1
-2.8 3.599999999999966 1.2000000000000002
-2.8 3.599999999999966 1.3
-2.8 3.599999999999966 1.4000000000000001
-2.8 3.599999999999966 1.5
-2.8 3.599999999999966 1.6
-2.8 3.599999999999966 1.7000000000000002
-2.8 3.599999999999966 1.8
-2.8 3.599999999999966 1.9000000000000001
-2.8 3.599999999999966 2.0
-2.8 3.599999999999966 2.1
-2.8 3.599999999999966 2.2
-2.8 3.599999999999966 2.3000000000000003
-2.8 3.599999999999966 2.4000000000000004
-2.8 3.599999999999966 2.5
-2.8 3.6999999999999655 0.0
-2.8 3.6999999999999655 0.1
-2.8 3.6999999999999655 0.2
-2.8 3.6999999999999655 0.30000000000000004
-2.8 3.6999999999999655 0.4
-2.8 3.6999999999999655 0.5
-2.8 3.6999999999999655 0.6000000000000001
-2.8 3.6999999999999655 0.7000000000000001
-2.8 3.6999999999999655 0.8
-2.8 3.6999999999999655 0.9
-2.8 3.6999999999999655 1.0
-2.8 3.6999999999999655 1.1
-2.8 3.6999999999999655 1.2000000000000002
-2.8 3.6999999999999655 1.3
-2.8 3.6999999999999655 1.4000000000000001
-2.8 3.6999999999999655 1.5
-2.8 3.6999999999999655 1.6
-2.8 3.6999999999999655 1.7000000000000002
-2.8 3.6999999999999655 1.8
-2.8 3.6999999999999655 1.9000000000000001
-2.8 3.6999999999999655 2.0
-2.8 3.6999999999999655 2.1
-2.8 3.6999999999999655 2.2
-2.8 3.6999999999999655 2.3000000000000003
-2.8 3.6999999999999655 2.4000000000000004
-2.8 3.6999999999999655 2.5
-2.8 3.799999999999965 0.0
-2.8 3.799999999999965 0.1
-2.8 3.799999999999965 0.2
-2.8 3.799999999999965 0.30000000000000004
-2.8 3.799999999999965 0.4
-2.8 3.799999999999965 0.5
-2.8 3.799999999999965 0.6000000000000001
-2.8 3.799999999999965 0.7000000000000001
-2.8 3.799999999999965 0.8
-2.8 3.799999999999965 0.9
-2.8 3.799999999999965 1.0
-2.8 3.799999999999965 1.1
-2.8 3.799999999999965 1.2000000000000002
-2.8 3.799999999999965 1.3
-2.8 3.799999999999965 1.4000000000000001
-2.8 3.799999999999965 1.5
-2.8 3.799999999999965 1.6
-2.8 3.799999999999965 1.7000000000000002
-2.8 3.799999999999965 1.8
-2.8 3.799999999999965 1.9000000000000001
-2.8 3.799999999999965 2.0
-2.8 3.799999999999965 2.1
-2.8 3.799999999999965 2.2
-2.8 3.799999999999965 2.3000000000000003
-2.8 3.799999999999965 2.4000000000000004
-2.8 3.799999999999965 2.5
-2.8 3.899999999999965 0.0
-2.8 3.899999999999965 0.1
-2.8 3.899999999999965 0.2
-2.8 3.899999999999965 0.30000000000000004
-2.8 3.899999999999965 0.4
-2.8 3.899999999999965 0.5
-2.8 3.899999999999965 0.6000000000000001
-2.8 3.899999999999965 0.7000000000000001
-2.8 3.899999999999965 0.8
-2.8 3.899999999999965 0.9
-2.8 3.899999999999965 1.0
-2.8 3.899999999999965 1.1
-2.8 3.899999999999965 1.2000000000000002
-2.8 3.899999999999965 1.3
-2.8 3.899999999999965 1.4000000000000001
-2.8 3.899999999999965 1.5
-2.8 3.899999999999965 1.6
-2.8 3.899999999999965 1.7000000000000002
-2.8 3.899999999999965 1.8
-2.8 3.899999999999965 1.9000000000000001
-2.8 3.899999999999965 2.0
-2.8 3.899999999999965 2.1
-2.8 3.899999999999965 2.2
-2.8 3.899999999999965 2.3000000000000003
-2.8 3.899999999999965 2.4000000000000004
-2.8 3.899999999999965 2.5
-2.8 3.9999999999999645 0.0
-2.8 3.9999999999999645 0.1
-2.8 3.9999999999999645 0.2
-2.8 3.9999999999999645 0.30000000000000004
-2.8 3.9999999999999645 0.4
-2.8 3.9999999999999645 0.5
-2.8 3.9999999999999645 0.6000000000000001
-2.8 3.9999999999999645 0.7000000000000001
-2.8 3.9999999999999645 0.8
-2.8 3.9999999999999645 0.9
-2.8 3.9999999999999645 1.0
-2.8 3.9999999999999645 1.1
-2.8 3.9999999999999645 1.2000000000000002
-2.8 3.9999999999999645 1.3
-2.8 3.9999999999999645 1.4000000000000001
-2.8 3.9999999999999645 1.5
-2.8 3.9999999999999645 1.6
-2.8 3.9999999999999645 1.7000000000000002
-2.8 3.9999999999999645 1.8
-2.8 3.9999999999999645 1.9000000000000001
-2.8 3.9999999999999645 2.0
-2.8 3.9999999999999645 2.1
-2.8 3.9999999999999645 2.2
-2.8 3.9999999999999645 2.3000000000000003
-2.8 3.9999999999999645 2.4000000000000004
-2.8 3.9999999999999645 2.5
-2.8 4.099999999999964 0.0
-2.8 4.099999999999964 0.1
-2.8 4.099999999999964 0.2
-2.8 4.099999999999964 0.30000000000000004
-2.8 4.099999999999964 0.4
-2.8 4.099999999999964 0.5
-2.8 4.099999999999964 0.6000000000000001
-2.8 4.099999999999964 0.7000000000000001
-2.8 4.099999999999964 0.8
-2.8 4.099999999999964 0.9
-2.8 4.099999999999964 1.0
-2.8 4.099999999999964 1.1
-2.8 4.099999999999964 1.2000000000000002
-2.8 4.099999999999964 1.3
-2.8 4.099999999999964 1.4000000000000001
-2.8 4.099999999999964 1.5
-2.8 4.099999999999964 1.6
-2.8 4.099999999999964 1.7000000000000002
-2.8 4.099999999999964 1.8
-2.8 4.099999999999964 1.9000000000000001
-2.8 4.099999999999964 2.0
-2.8 4.099999999999964 2.1
-2.8 4.099999999999964 2.2
-2.8 4.099999999999964 2.3000000000000003
-2.8 4.099999999999964 2.4000000000000004
-2.8 4.099999999999964 2.5
-2.8 4.199999999999964 0.0
-2.8 4.199999999999964 0.1
-2.8 4.199999999999964 0.2
-2.8 4.199999999999964 0.30000000000000004
-2.8 4.199999999999964 0.4
-2.8 4.199999999999964 0.5
-2.8 4.199999999999964 0.6000000000000001
-2.8 4.199999999999964 0.7000000000000001
-2.8 4.199999999999964 0.8
-2.8 4.199999999999964 0.9
-2.8 4.199999999999964 1.0
-2.8 4.199999999999964 1.1
-2.8 4.199999999999964 1.2000000000000002
-2.8 4.199999999999964 1.3
-2.8 4.199999999999964 1.4000000000000001
-2.8 4.199999999999964 1.5
-2.8 4.199999999999964 1.6
-2.8 4.199999999999964 1.7000000000000002
-2.8 4.199999999999964 1.8
-2.8 4.199999999999964 1.9000000000000001
-2.8 4.199999999999964 2.0
-2.8 4.199999999999964 2.1
-2.8 4.199999999999964 2.2
-2.8 4.199999999999964 2.3000000000000003
-2.8 4.199999999999964 2.4000000000000004
-2.8 4.199999999999964 2.5
-2.8 4.299999999999963 0.0
-2.8 4.299999999999963 0.1
-2.8 4.299999999999963 0.2
-2.8 4.299999999999963 0.30000000000000004
-2.8 4.299999999999963 0.4
-2.8 4.299999999999963 0.5
-2.8 4.299999999999963 0.6000000000000001
-2.8 4.299999999999963 0.7000000000000001
-2.8 4.299999999999963 0.8
-2.8 4.299999999999963 0.9
-2.8 4.299999999999963 1.0
-2.8 4.299999999999963 1.1
-2.8 4.299999999999963 1.2000000000000002
-2.8 4.299999999999963 1.3
-2.8 4.299999999999963 1.4000000000000001
-2.8 4.299999999999963 1.5
-2.8 4.299999999999963 1.6
-2.8 4.299999999999963 1.7000000000000002
-2.8 4.299999999999963 1.8
-2.8 4.299999999999963 1.9000000000000001
-2.8 4.299999999999963 2.0
-2.8 4.299999999999963 2.1
-2.8 4.299999999999963 2.2
-2.8 4.299999999999963 2.3000000000000003
-2.8 4.299999999999963 2.4000000000000004
-2.8 4.299999999999963 2.5
-2.8 4.399999999999963 0.0
-2.8 4.399999999999963 0.1
-2.8 4.399999999999963 0.2
-2.8 4.399999999999963 0.30000000000000004
-2.8 4.399999999999963 0.4
-2.8 4.399999999999963 0.5
-2.8 4.399999999999963 0.6000000000000001
-2.8 4.399999999999963 0.7000000000000001
-2.8 4.399999999999963 0.8
-2.8 4.399999999999963 0.9
-2.8 4.399999999999963 1.0
-2.8 4.399999999999963 1.1
-2.8 4.399999999999963 1.2000000000000002
-2.8 4.399999999999963 1.3
-2.8 4.399999999999963 1.4000000000000001
-2.8 4.399999999999963 1.5
-2.8 4.399999999999963 1.6
-2.8 4.399999999999963 1.7000000000000002
-2.8 4.399999999999963 1.8
-2.8 4.399999999999963 1.9000000000000001
-2.8 4.399999999999963 2.0
-2.8 4.399999999999963 2.1
-2.8 4.399999999999963 2.2
-2.8 4.399999999999963 2.3000000000000003
-2.8 4.399999999999963 2.4000000000000004
-2.8 4.399999999999963 2.5
-2.8 4.499999999999963 0.0
-2.8 4.499999999999963 0.1
-2.8 4.499999999999963 0.2
-2.8 4.499999999999963 0.30000000000000004
-2.8 4.499999999999963 0.4
-2.8 4.499999999999963 0.5
-2.8 4.499999999999963 0.6000000000000001
-2.8 4.499999999999963 0.7000000000000001
-2.8 4.499999999999963 0.8
-2.8 4.499999999999963 0.9
-2.8 4.499999999999963 1.0
-2.8 4.499999999999963 1.1
-2.8 4.499999999999963 1.2000000000000002
-2.8 4.499999999999963 1.3
-2.8 4.499999999999963 1.4000000000000001
-2.8 4.499999999999963 1.5
-2.8 4.499999999999963 1.6
-2.8 4.499999999999963 1.7000000000000002
-2.8 4.499999999999963 1.8
-2.8 4.499999999999963 1.9000000000000001
-2.8 4.499999999999963 2.0
-2.8 4.499999999999963 2.1
-2.8 4.499999999999963 2.2
-2.8 4.499999999999963 2.3000000000000003
-2.8 4.499999999999963 2.4000000000000004
-2.8 4.499999999999963 2.5
-2.8 4.599999999999962 0.0
-2.8 4.599999999999962 0.1
-2.8 4.599999999999962 0.2
-2.8 4.599999999999962 0.30000000000000004
-2.8 4.599999999999962 0.4
-2.8 4.599999999999962 0.5
-2.8 4.599999999999962 0.6000000000000001
-2.8 4.599999999999962 0.7000000000000001
-2.8 4.599999999999962 0.8
-2.8 4.599999999999962 0.9
-2.8 4.599999999999962 1.0
-2.8 4.599999999999962 1.1
-2.8 4.599999999999962 1.2000000000000002
-2.8 4.599999999999962 1.3
-2.8 4.599999999999962 1.4000000000000001
-2.8 4.599999999999962 1.5
-2.8 4.599999999999962 1.6
-2.8 4.599999999999962 1.7000000000000002
-2.8 4.599999999999962 1.8
-2.8 4.599999999999962 1.9000000000000001
-2.8 4.599999999999962 2.0
-2.8 4.599999999999962 2.1
-2.8 4.599999999999962 2.2
-2.8 4.599999999999962 2.3000000000000003
-2.8 4.599999999999962 2.4000000000000004
-2.8 4.599999999999962 2.5
-2.8 4.699999999999962 0.0
-2.8 4.699999999999962 0.1
-2.8 4.699999999999962 0.2
-2.8 4.699999999999962 0.30000000000000004
-2.8 4.699999999999962 0.4
-2.8 4.699999999999962 0.5
-2.8 4.699999999999962 0.6000000000000001
-2.8 4.699999999999962 0.7000000000000001
-2.8 4.699999999999962 0.8
-2.8 4.699999999999962 0.9
-2.8 4.699999999999962 1.0
-2.8 4.699999999999962 1.1
-2.8 4.699999999999962 1.2000000000000002
-2.8 4.699999999999962 1.3
-2.8 4.699999999999962 1.4000000000000001
-2.8 4.699999999999962 1.5
-2.8 4.699999999999962 1.6
-2.8 4.699999999999962 1.7000000000000002
-2.8 4.699999999999962 1.8
-2.8 4.699999999999962 1.9000000000000001
-2.8 4.699999999999962 2.0
-2.8 4.699999999999962 2.1
-2.8 4.699999999999962 2.2
-2.8 4.699999999999962 2.3000000000000003
-2.8 4.699999999999962 2.4000000000000004
-2.8 4.699999999999962 2.5
-2.8 4.799999999999962 0.0
-2.8 4.799999999999962 0.1
-2.8 4.799999999999962 0.2
-2.8 4.799999999999962 0.30000000000000004
-2.8 4.799999999999962 0.4
-2.8 4.799999999999962 0.5
-2.8 4.799999999999962 0.6000000000000001
-2.8 4.799999999999962 0.7000000000000001
-2.8 4.799999999999962 0.8
-2.8 4.799999999999962 0.9
-2.8 4.799999999999962 1.0
-2.8 4.799999999999962 1.1
-2.8 4.799999999999962 1.2000000000000002
-2.8 4.799999999999962 1.3
-2.8 4.799999999999962 1.4000000000000001
-2.8 4.799999999999962 1.5
-2.8 4.799999999999962 1.6
-2.8 4.799999999999962 1.7000000000000002
-2.8 4.799999999999962 1.8
-2.8 4.799999999999962 1.9000000000000001
-2.8 4.799999999999962 2.0
-2.8 4.799999999999962 2.1
-2.8 4.799999999999962 2.2
-2.8 4.799999999999962 2.3000000000000003
-2.8 4.799999999999962 2.4000000000000004
-2.8 4.799999999999962 2.5
-2.8 4.899999999999961 0.0
-2.8 4.899999999999961 0.1
-2.8 4.899999999999961 0.2
-2.8 4.899999999999961 0.30000000000000004
-2.8 4.899999999999961 0.4
-2.8 4.899999999999961 0.5
-2.8 4.899999999999961 0.6000000000000001
-2.8 4.899999999999961 0.7000000000000001
-2.8 4.899999999999961 0.8
-2.8 4.899999999999961 0.9
-2.8 4.899999999999961 1.0
-2.8 4.899999999999961 1.1
-2.8 4.899999999999961 1.2000000000000002
-2.8 4.899999999999961 1.3
-2.8 4.899999999999961 1.4000000000000001
-2.8 4.899999999999961 1.5
-2.8 4.899999999999961 1.6
-2.8 4.899999999999961 1.7000000000000002
-2.8 4.899999999999961 1.8
-2.8 4.899999999999961 1.9000000000000001
-2.8 4.899999999999961 2.0
-2.8 4.899999999999961 2.1
-2.8 4.899999999999961 2.2
-2.8 4.899999999999961 2.3000000000000003
-2.8 4.899999999999961 2.4000000000000004
-2.8 4.899999999999961 2.5
-2.8 4.999999999999961 0.0
-2.8 4.999999999999961 0.1
-2.8 4.999999999999961 0.2
-2.8 4.999999999999961 0.30000000000000004
-2.8 4.999999999999961 0.4
-2.8 4.999999999999961 0.5
-2.8 4.999999999999961 0.6000000000000001
-2.8 4.999999999999961 0.7000000000000001
-2.8 4.999999999999961 0.8
-2.8 4.999999999999961 0.9
-2.8 4.999999999999961 1.0
-2.8 4.999999999999961 1.1
-2.8 4.999999999999961 1.2000000000000002
-2.8 4.999999999999961 1.3
-2.8 4.999999999999961 1.4000000000000001
-2.8 4.999999999999961 1.5
-2.8 4.999999999999961 1.6
-2.8 4.999999999999961 1.7000000000000002
-2.8 4.999999999999961 1.8
-2.8 4.999999999999961 1.9000000000000001
-2.8 4.999999999999961 2.0
-2.8 4.999999999999961 2.1
-2.8 4.999999999999961 2.2
-2.8 4.999999999999961 2.3000000000000003
-2.8 4.999999999999961 2.4000000000000004
-2.8 4.999999999999961 2.5
-2.8 5.099999999999961 0.0
-2.8 5.099999999999961 0.1
-2.8 5.099999999999961 0.2
-2.8 5.099999999999961 0.30000000000000004
-2.8 5.099999999999961 0.4
-2.8 5.099999999999961 0.5
-2.8 5.099999999999961 0.6000000000000001
-2.8 5.099999999999961 0.7000000000000001
-2.8 5.099999999999961 0.8
-2.8 5.099999999999961 0.9
-2.8 5.099999999999961 1.0
-2.8 5.099999999999961 1.1
-2.8 5.099999999999961 1.2000000000000002
-2.8 5.099999999999961 1.3
-2.8 5.099999999999961 1.4000000000000001
-2.8 5.099999999999961 1.5
-2.8 5.099999999999961 1.6
-2.8 5.099999999999961 1.7000000000000002
-2.8 5.099999999999961 1.8
-2.8 5.099999999999961 1.9000000000000001
-2.8 5.099999999999961 2.0
-2.8 5.099999999999961 2.1
-2.8 5.099999999999961 2.2
-2.8 5.099999999999961 2.3000000000000003
-2.8 5.099999999999961 2.4000000000000004
-2.8 5.099999999999961 2.5
-2.8 5.19999999999996 0.0
-2.8 5.19999999999996 0.1
-2.8 5.19999999999996 0.2
-2.8 5.19999999999996 0.30000000000000004
-2.8 5.19999999999996 0.4
-2.8 5.19999999999996 0.5
-2.8 5.19999999999996 0.6000000000000001
-2.8 5.19999999999996 0.7000000000000001
-2.8 5.19999999999996 0.8
-2.8 5.19999999999996 0.9
-2.8 5.19999999999996 1.0
-2.8 5.19999999999996 1.1
-2.8 5.19999999999996 1.2000000000000002
-2.8 5.19999999999996 1.3
-2.8 5.19999999999996 1.4000000000000001
-2.8 5.19999999999996 1.5
-2.8 5.19999999999996 1.6
-2.8 5.19999999999996 1.7000000000000002
-2.8 5.19999999999996 1.8
-2.8 5.19999999999996 1.9000000000000001
-2.8 5.19999999999996 2.0
-2.8 5.19999999999996 2.1
-2.8 5.19999999999996 2.2
-2.8 5.19999999999996 2.3000000000000003
-2.8 5.19999999999996 2.4000000000000004
-2.8 5.19999999999996 2.5
-2.8 5.29999999999996 0.0
-2.8 5.29999999999996 0.1
-2.8 5.29999999999996 0.2
-2.8 5.29999999999996 0.30000000000000004
-2.8 5.29999999999996 0.4
-2.8 5.29999999999996 0.5
-2.8 5.29999999999996 0.6000000000000001
-2.8 5.29999999999996 0.7000000000000001
-2.8 5.29999999999996 0.8
-2.8 5.29999999999996 0.9
-2.8 5.29999999999996 1.0
-2.8 5.29999999999996 1.1
-2.8 5.29999999999996 1.2000000000000002
-2.8 5.29999999999996 1.3
-2.8 5.29999999999996 1.4000000000000001
-2.8 5.29999999999996 1.5
-2.8 5.29999999999996 1.6
-2.8 5.29999999999996 1.7000000000000002
-2.8 5.29999999999996 1.8
-2.8 5.29999999999996 1.9000000000000001
-2.8 5.29999999999996 2.0
-2.8 5.29999999999996 2.1
-2.8 5.29999999999996 2.2
-2.8 5.29999999999996 2.3000000000000003
-2.8 5.29999999999996 2.4000000000000004
-2.8 5.29999999999996 2.5
-2.8 5.3999999999999595 0.0
-2.8 5.3999999999999595 0.1
-2.8 5.3999999999999595 0.2
-2.8 5.3999999999999595 0.30000000000000004
-2.8 5.3999999999999595 0.4
-2.8 5.3999999999999595 0.5
-2.8 5.3999999999999595 0.6000000000000001
-2.8 5.3999999999999595 0.7000000000000001
-2.8 5.3999999999999595 0.8
-2.8 5.3999999999999595 0.9
-2.8 5.3999999999999595 1.0
-2.8 5.3999999999999595 1.1
-2.8 5.3999999999999595 1.2000000000000002
-2.8 5.3999999999999595 1.3
-2.8 5.3999999999999595 1.4000000000000001
-2.8 5.3999999999999595 1.5
-2.8 5.3999999999999595 1.6
-2.8 5.3999999999999595 1.7000000000000002
-2.8 5.3999999999999595 1.8
-2.8 5.3999999999999595 1.9000000000000001
-2.8 5.3999999999999595 2.0
-2.8 5.3999999999999595 2.1
-2.8 5.3999999999999595 2.2
-2.8 5.3999999999999595 2.3000000000000003
-2.8 5.3999999999999595 2.4000000000000004
-2.8 5.3999999999999595 2.5
-2.8 5.499999999999959 0.0
-2.8 5.499999999999959 0.1
-2.8 5.499999999999959 0.2
-2.8 5.499999999999959 0.30000000000000004
-2.8 5.499999999999959 0.4
-2.8 5.499999999999959 0.5
-2.8 5.499999999999959 0.6000000000000001
-2.8 5.499999999999959 0.7000000000000001
-2.8 5.499999999999959 0.8
-2.8 5.499999999999959 0.9
-2.8 5.499999999999959 1.0
-2.8 5.499999999999959 1.1
-2.8 5.499999999999959 1.2000000000000002
-2.8 5.499999999999959 1.3
-2.8 5.499999999999959 1.4000000000000001
-2.8 5.499999999999959 1.5
-2.8 5.499999999999959 1.6
-2.8 5.499999999999959 1.7000000000000002
-2.8 5.499999999999959 1.8
-2.8 5.499999999999959 1.9000000000000001
-2.8 5.499999999999959 2.0
-2.8 5.499999999999959 2.1
-2.8 5.499999999999959 2.2
-2.8 5.499999999999959 2.3000000000000003
-2.8 5.499999999999959 2.4000000000000004
-2.8 5.499999999999959 2.5
-2.8 5.599999999999959 0.0
-2.8 5.599999999999959 0.1
-2.8 5.599999999999959 0.2
-2.8 5.599999999999959 0.30000000000000004
-2.8 5.599999999999959 0.4
-2.8 5.599999999999959 0.5
-2.8 5.599999999999959 0.6000000000000001
-2.8 5.599999999999959 0.7000000000000001
-2.8 5.599999999999959 0.8
-2.8 5.599999999999959 0.9
-2.8 5.599999999999959 1.0
-2.8 5.599999999999959 1.1
-2.8 5.599999999999959 1.2000000000000002
-2.8 5.599999999999959 1.3
-2.8 5.599999999999959 1.4000000000000001
-2.8 5.599999999999959 1.5
-2.8 5.599999999999959 1.6
-2.8 5.599999999999959 1.7000000000000002
-2.8 5.599999999999959 1.8
-2.8 5.599999999999959 1.9000000000000001
-2.8 5.599999999999959 2.0
-2.8 5.599999999999959 2.1
-2.8 5.599999999999959 2.2
-2.8 5.599999999999959 2.3000000000000003
-2.8 5.599999999999959 2.4000000000000004
-2.8 5.599999999999959 2.5
-2.8 5.699999999999958 0.0
-2.8 5.699999999999958 0.1
-2.8 5.699999999999958 0.2
-2.8 5.699999999999958 0.30000000000000004
-2.8 5.699999999999958 0.4
-2.8 5.699999999999958 0.5
-2.8 5.699999999999958 0.6000000000000001
-2.8 5.699999999999958 0.7000000000000001
-2.8 5.699999999999958 0.8
-2.8 5.699999999999958 0.9
-2.8 5.699999999999958 1.0
-2.8 5.699999999999958 1.1
-2.8 5.699999999999958 1.2000000000000002
-2.8 5.699999999999958 1.3
-2.8 5.699999999999958 1.4000000000000001
-2.8 5.699999999999958 1.5
-2.8 5.699999999999958 1.6
-2.8 5.699999999999958 1.7000000000000002
-2.8 5.699999999999958 1.8
-2.8 5.699999999999958 1.9000000000000001
-2.8 5.699999999999958 2.0
-2.8 5.699999999999958 2.1
-2.8 5.699999999999958 2.2
-2.8 5.699999999999958 2.3000000000000003
-2.8 5.699999999999958 2.4000000000000004
-2.8 5.699999999999958 2.5
-2.8 5.799999999999958 0.0
-2.8 5.799999999999958 0.1
-2.8 5.799999999999958 0.2
-2.8 5.799999999999958 0.30000000000000004
-2.8 5.799999999999958 0.4
-2.8 5.799999999999958 0.5
-2.8 5.799999999999958 0.6000000000000001
-2.8 5.799999999999958 0.7000000000000001
-2.8 5.799999999999958 0.8
-2.8 5.799999999999958 0.9
-2.8 5.799999999999958 1.0
-2.8 5.799999999999958 1.1
-2.8 5.799999999999958 1.2000000000000002
-2.8 5.799999999999958 1.3
-2.8 5.799999999999958 1.4000000000000001
-2.8 5.799999999999958 1.5
-2.8 5.799999999999958 1.6
-2.8 5.799999999999958 1.7000000000000002
-2.8 5.799999999999958 1.8
-2.8 5.799999999999958 1.9000000000000001
-2.8 5.799999999999958 2.0
-2.8 5.799999999999958 2.1
-2.8 5.799999999999958 2.2
-2.8 5.799999999999958 2.3000000000000003
-2.8 5.799999999999958 2.4000000000000004
-2.8 5.799999999999958 2.5
-2.8 5.899999999999958 0.0
-2.8 5.899999999999958 0.1
-2.8 5.899999999999958 0.2
-2.8 5.899999999999958 0.30000000000000004
-2.8 5.899999999999958 0.4
-2.8 5.899999999999958 0.5
-2.8 5.899999999999958 0.6000000000000001
-2.8 5.899999999999958 0.7000000000000001
-2.8 5.899999999999958 0.8
-2.8 5.899999999999958 0.9
-2.8 5.899999999999958 1.0
-2.8 5.899999999999958 1.1
-2.8 5.899999999999958 1.2000000000000002
-2.8 5.899999999999958 1.3
-2.8 5.899999999999958 1.4000000000000001
-2.8 5.899999999999958 1.5
-2.8 5.899999999999958 1.6
-2.8 5.899999999999958 1.7000000000000002
-2.8 5.899999999999958 1.8
-2.8 5.899999999999958 1.9000000000000001
-2.8 5.899999999999958 2.0
-2.8 5.899999999999958 2.1
-2.8 5.899999999999958 2.2
-2.8 5.899999999999958 2.3000000000000003
-2.8 5.899999999999958 2.4000000000000004
-2.8 5.899999999999958 2.5
-2.8 5.999999999999957 0.0
-2.8 5.999999999999957 0.1
-2.8 5.999999999999957 0.2
-2.8 5.999999999999957 0.30000000000000004
-2.8 5.999999999999957 0.4
-2.8 5.999999999999957 0.5
-2.8 5.999999999999957 0.6000000000000001
-2.8 5.999999999999957 0.7000000000000001
-2.8 5.999999999999957 0.8
-2.8 5.999999999999957 0.9
-2.8 5.999999999999957 1.0
-2.8 5.999999999999957 1.1
-2.8 5.999999999999957 1.2000000000000002
-2.8 5.999999999999957 1.3
-2.8 5.999999999999957 1.4000000000000001
-2.8 5.999999999999957 1.5
-2.8 5.999999999999957 1.6
-2.8 5.999999999999957 1.7000000000000002
-2.8 5.999999999999957 1.8
-2.8 5.999999999999957 1.9000000000000001
-2.8 5.999999999999957 2.0
-2.8 5.999999999999957 2.1
-2.8 5.999999999999957 2.2
-2.8 5.999999999999957 2.3000000000000003
-2.8 5.999999999999957 2.4000000000000004
-2.8 5.999999999999957 2.5
2.9 -6.0 0.0
2.9 -6.0 0.1
2.9 -6.0 0.2
2.9 -6.0 0.30000000000000004
2.9 -6.0 0.4
2.9 -6.0 0.5
2.9 -6.0 0.6000000000000001
2.9 -6.0 0.7000000000000001
2.9 -6.0 0.8
2.9 -6.0 0.9
2.9 -6.0 1.0
2.9 -6.0 1.1
2.9 -6.0 1.2000000000000002
2.9 -6.0 1.3
2.9 -6.0 1.4000000000000001
2.9 -6.0 1.5
2.9 -6.0 1.6
2.9 -6.0 1.7000000000000002
2.9 -6.0 1.8
2.9 -6.0 1.9000000000000001
2.9 -6.0 2.0
2.9 -6.0 2.1
2.9 -6.0 2.2
2.9 -6.0 2.3000000000000003
2.9 -6.0 2.4000000000000004
2.9 -6.0 2.5
2.9 -5.9 0.0
2.9 -5.9 0.1
2.9 -5.9 0.2
2.9 -5.9 0.30000000000000004
2.9 -5.9 0.4
2.9 -5.9 0.5
2.9 -5.9 0.6000000000000001
2.9 -5.9 0.7000000000000001
2.9 -5.9 0.8
2.9 -5.9 0.9
2.9 -5.9 1.0
2.9 -5.9 1.1
2.9 -5.9 1.2000000000000002
2.9 -5.9 1.3
2.9 -5.9 1.4000000000000001
2.9 -5.9 1.5
2.9 -5.9 1.6
2.9 -5.9 1.7000000000000002
2.9 -5.9 1.8
2.9 -5.9 1.9000000000000001
2.9 -5.9 2.0
2.9 -5.9 2.1
2.9 -5.9 2.2
2.9 -5.9 2.3000000000000003
2.9 -5.9 2.4000000000000004
2.9 -5.9 2.5
2.9 -5.800000000000001 0.0
2.9 -5.800000000000001 0.1
2.9 -5.800000000000001 0.2
2.9 -5.800000000000001 0.30000000000000004
2.9 -5.800000000000001 0.4
2.9 -5.800000000000001 0.5
2.9 -5.800000000000001 0.6000000000000001
2.9 -5.800000000000001 0.7000000000000001
2.9 -5.800000000000001 0.8
2.9 -5.800000000000001 0.9
2.9 -5.800000000000001 1.0
2.9 -5.800000000000001 1.1
2.9 -5.800000000000001 1.2000000000000002
2.9 -5.800000000000001 1.3
2.9 -5.800000000000001 1.4000000000000001
2.9 -5.800000000000001 1.5
2.9 -5.800000000000001 1.6
2.9 -5.800000000000001 1.7000000000000002
2.9 -5.800000000000001 1.8
2.9 -5.800000000000001 1.9000000000000001
2.9 -5.800000000000001 2.0
2.9 -5.800000000000001 2.1
2.9 -5.800000000000001 2.2
2.9 -5.800000000000001 2.3000000000000003
2.9 -5.800000000000001 2.4000000000000004
2.9 -5.800000000000001 2.5
2.9 -5.700000000000001 0.0
2.9 -5.700000000000001 0.1
2.9 -5.700000000000001 0.2
2.9 -5.700000000000001 0.30000000000000004
2.9 -5.700000000000001 0.4
2.9 -5.700000000000001 0.5
2.9 -5.700000000000001 0.6000000000000001
2.9 -5.700000000000001 0.7000000000000001
2.9 -5.700000000000001 0.8
2.9 -5.700000000000001 0.9
2.9 -5.700000000000001 1.0
2.9 -5.700000000000001 1.1
2.9 -5.700000000000001 1.2000000000000002
2.9 -5.700000000000001 1.3
2.9 -5.700000000000001 1.4000000000000001
2.9 -5.700000000000001 1.5
2.9 -5.700000000000001 1.6
2.9 -5.700000000000001 1.7000000000000002
2.9 -5.700000000000001 1.8
2.9 -5.700000000000001 1.9000000000000001
2.9 -5.700000000000001 2.0
2.9 -5.700000000000001 2.1
2.9 -5.700000000000001 2.2
2.9 -5.700000000000001 2.3000000000000003
2.9 -5.700000000000001 2.4000000000000004
2.9 -5.700000000000001 2.5
2.9 -5.600000000000001 0.0
2.9 -5.600000000000001 0.1
2.9 -5.600000000000001 0.2
2.9 -5.600000000000001 0.30000000000000004
2.9 -5.600000000000001 0.4
2.9 -5.600000000000001 0.5
2.9 -5.600000000000001 0.6000000000000001
2.9 -5.600000000000001 0.7000000000000001
2.9 -5.600000000000001 0.8
2.9 -5.600000000000001 0.9
2.9 -5.600000000000001 1.0
2.9 -5.600000000000001 1.1
2.9 -5.600000000000001 1.2000000000000002
2.9 -5.600000000000001 1.3
2.9 -5.600000000000001 1.4000000000000001
2.9 -5.600000000000001 1.5
2.9 -5.600000000000001 1.6
2.9 -5.600000000000001 1.7000000000000002
2.9 -5.600000000000001 1.8
2.9 -5.600000000000001 1.9000000000000001
2.9 -5.600000000000001 2.0
2.9 -5.600000000000001 2.1
2.9 -5.600000000000001 2.2
2.9 -5.600000000000001 2.3000000000000003
2.9 -5.600000000000001 2.4000000000000004
2.9 -5.600000000000001 2.5
2.9 -5.500000000000002 0.0
2.9 -5.500000000000002 0.1
2.9 -5.500000000000002 0.2
2.9 -5.500000000000002 0.30000000000000004
2.9 -5.500000000000002 0.4
2.9 -5.500000000000002 0.5
2.9 -5.500000000000002 0.6000000000000001
2.9 -5.500000000000002 0.7000000000000001
2.9 -5.500000000000002 0.8
2.9 -5.500000000000002 0.9
2.9 -5.500000000000002 1.0
2.9 -5.500000000000002 1.1
2.9 -5.500000000000002 1.2000000000000002
2.9 -5.500000000000002 1.3
2.9 -5.500000000000002 1.4000000000000001
2.9 -5.500000000000002 1.5
2.9 -5.500000000000002 1.6
2.9 -5.500000000000002 1.7000000000000002
2.9 -5.500000000000002 1.8
2.9 -5.500000000000002 1.9000000000000001
2.9 -5.500000000000002 2.0
2.9 -5.500000000000002 2.1
2.9 -5.500000000000002 2.2
2.9 -5.500000000000002 2.3000000000000003
2.9 -5.500000000000002 2.4000000000000004
2.9 -5.500000000000002 2.5
2.9 -5.400000000000002 0.0
2.9 -5.400000000000002 0.1
2.9 -5.400000000000002 0.2
2.9 -5.400000000000002 0.30000000000000004
2.9 -5.400000000000002 0.4
2.9 -5.400000000000002 0.5
2.9 -5.400000000000002 0.6000000000000001
2.9 -5.400000000000002 0.7000000000000001
2.9 -5.400000000000002 0.8
2.9 -5.400000000000002 0.9
2.9 -5.400000000000002 1.0
2.9 -5.400000000000002 1.1
2.9 -5.400000000000002 1.2000000000000002
2.9 -5.400000000000002 1.3
2.9 -5.400000000000002 1.4000000000000001
2.9 -5.400000000000002 1.5
2.9 -5.400000000000002 1.6
2.9 -5.400000000000002 1.7000000000000002
2.9 -5.400000000000002 1.8
2.9 -5.400000000000002 1.9000000000000001
2.9 -5.400000000000002 2.0
2.9 -5.400000000000002 2.1
2.9 -5.400000000000002 2.2
2.9 -5.400000000000002 2.3000000000000003
2.9 -5.400000000000002 2.4000000000000004
2.9 -5.400000000000002 2.5
2.9 -5.3000000000000025 0.0
2.9 -5.3000000000000025 0.1
2.9 -5.3000000000000025 0.2
2.9 -5.3000000000000025 0.30000000000000004
2.9 -5.3000000000000025 0.4
2.9 -5.3000000000000025 0.5
2.9 -5.3000000000000025 0.6000000000000001
2.9 -5.3000000000000025 0.7000000000000001
2.9 -5.3000000000000025 0.8
2.9 -5.3000000000000025 0.9
2.9 -5.3000000000000025 1.0
2.9 -5.3000000000000025 1.1
2.9 -5.3000000000000025 1.2000000000000002
2.9 -5.3000000000000025 1.3
2.9 -5.3000000000000025 1.4000000000000001
2.9 -5.3000000000000025 1.5
2.9 -5.3000000000000025 1.6
2.9 -5.3000000000000025 1.7000000000000002
2.9 -5.3000000000000025 1.8
2.9 -5.3000000000000025 1.9000000000000001
2.9 -5.3000000000000025 2.0
2.9 -5.3000000000000025 2.1
2.9 -5.3000000000000025 2.2
2.9 -5.3000000000000025 2.3000000000000003
2.9 -5.3000000000000025 2.4000000000000004
2.9 -5.3000000000000025 2.5
2.9 -5.200000000000003 0.0
2.9 -5.200000000000003 0.1
2.9 -5.200000000000003 0.2
2.9 -5.200000000000003 0.30000000000000004
2.9 -5.200000000000003 0.4
2.9 -5.200000000000003 0.5
2.9 -5.200000000000003 0.6000000000000001
2.9 -5.200000000000003 0.7000000000000001
2.9 -5.200000000000003 0.8
2.9 -5.200000000000003 0.9
2.9 -5.200000000000003 1.0
2.9 -5.200000000000003 1.1
2.9 -5.200000000000003 1.2000000000000002
2.9 -5.200000000000003 1.3
2.9 -5.200000000000003 1.4000000000000001
2.9 -5.200000000000003 1.5
2.9 -5.200000000000003 1.6
2.9 -5.200000000000003 1.7000000000000002
2.9 -5.200000000000003 1.8
2.9 -5.200000000000003 1.9000000000000001
2.9 -5.200000000000003 2.0
2.9 -5.200000000000003 2.1
2.9 -5.200000000000003 2.2
2.9 -5.200000000000003 2.3000000000000003
2.9 -5.200000000000003 2.4000000000000004
2.9 -5.200000000000003 2.5
2.9 -5.100000000000003 0.0
2.9 -5.100000000000003 0.1
2.9 -5.100000000000003 0.2
2.9 -5.100000000000003 0.30000000000000004
2.9 -5.100000000000003 0.4
2.9 -5.100000000000003 0.5
2.9 -5.100000000000003 0.6000000000000001
2.9 -5.100000000000003 0.7000000000000001
2.9 -5.100000000000003 0.8
2.9 -5.100000000000003 0.9
2.9 -5.100000000000003 1.0
2.9 -5.100000000000003 1.1
2.9 -5.100000000000003 1.2000000000000002
2.9 -5.100000000000003 1.3
2.9 -5.100000000000003 1.4000000000000001
2.9 -5.100000000000003 1.5
2.9 -5.100000000000003 1.6
2.9 -5.100000000000003 1.7000000000000002
2.9 -5.100000000000003 1.8
2.9 -5.100000000000003 1.9000000000000001
2.9 -5.100000000000003 2.0
2.9 -5.100000000000003 2.1
2.9 -5.100000000000003 2.2
2.9 -5.100000000000003 2.3000000000000003
2.9 -5.100000000000003 2.4000000000000004
2.9 -5.100000000000003 2.5
2.9 -5.0000000000000036 0.0
2.9 -5.0000000000000036 0.1
2.9 -5.0000000000000036 0.2
2.9 -5.0000000000000036 0.30000000000000004
2.9 -5.0000000000000036 0.4
2.9 -5.0000000000000036 0.5
2.9 -5.0000000000000036 0.6000000000000001
2.9 -5.0000000000000036 0.7000000000000001
2.9 -5.0000000000000036 0.8
2.9 -5.0000000000000036 0.9
2.9 -5.0000000000000036 1.0
2.9 -5.0000000000000036 1.1
2.9 -5.0000000000000036 1.2000000000000002
2.9 -5.0000000000000036 1.3
2.9 -5.0000000000000036 1.4000000000000001
2.9 -5.0000000000000036 1.5
2.9 -5.0000000000000036 1.6
2.9 -5.0000000000000036 1.7000000000000002
2.9 -5.0000000000000036 1.8
2.9 -5.0000000000000036 1.9000000000000001
2.9 -5.0000000000000036 2.0
2.9 -5.0000000000000036 2.1
2.9 -5.0000000000000036 2.2
2.9 -5.0000000000000036 2.3000000000000003
2.9 -5.0000000000000036 2.4000000000000004
2.9 -5.0000000000000036 2.5
2.9 -4.900000000000004 0.0
2.9 -4.900000000000004 0.1
2.9 -4.900000000000004 0.2
2.9 -4.900000000000004 0.30000000000000004
2.9 -4.900000000000004 0.4
2.9 -4.900000000000004 0.5
2.9 -4.900000000000004 0.6000000000000001
2.9 -4.900000000000004 0.7000000000000001
2.9 -4.900000000000004 0.8
2.9 -4.900000000000004 0.9
2.9 -4.900000000000004 1.0
2.9 -4.900000000000004 1.1
2.9 -4.900000000000004 1.2000000000000002
2.9 -4.900000000000004 1.3
2.9 -4.900000000000004 1.4000000000000001
2.9 -4.900000000000004 1.5
2.9 -4.900000000000004 1.6
2.9 -4.900000000000004 1.7000000000000002
2.9 -4.900000000000004 1.8
2.9 -4.900000000000004 1.9000000000000001
2.9 -4.900000000000004 2.0
2.9 -4.900000000000004 2.1
2.9 -4.900000000000004 2.2
2.9 -4.900000000000004 2.3000000000000003
2.9 -4.900000000000004 2.4000000000000004
2.9 -4.900000000000004 2.5
2.9 -4.800000000000004 0.0
2.9 -4.800000000000004 0.1
2.9 -4.800000000000004 0.2
2.9 -4.800000000000004 0.30000000000000004
2.9 -4.800000000000004 0.4
2.9 -4.800000000000004 0.5
2.9 -4.800000000000004 0.6000000000000001
2.9 -4.800000000000004 0.7000000000000001
2.9 -4.800000000000004 0.8
2.9 -4.800000000000004 0.9
2.9 -4.800000000000004 1.0
2.9 -4.800000000000004 1.1
2.9 -4.800000000000004 1.2000000000000002
2.9 -4.800000000000004 1.3
2.9 -4.800000000000004 1.4000000000000001
2.9 -4.800000000000004 1.5
2.9 -4.800000000000004 1.6
2.9 -4.800000000000004 1.7000000000000002
2.9 -4.800000000000004 1.8
2.9 -4.800000000000004 1.9000000000000001
2.9 -4.800000000000004 2.0
2.9 -4.800000000000004 2.1
2.9 -4.800000000000004 2.2
2.9 -4.800000000000004 2.3000000000000003
2.9 -4.800000000000004 2.4000000000000004
2.9 -4.800000000000004 2.5
2.9 -4.700000000000005 0.0
2.9 -4.700000000000005 0.1
2.9 -4.700000000000005 0.2
2.9 -4.700000000000005 0.30000000000000004
2.9 -4.700000000000005 0.4
2.9 -4.700000000000005 0.5
2.9 -4.700000000000005 0.6000000000000001
2.9 -4.700000000000005 0.7000000000000001
2.9 -4.700000000000005 0.8
2.9 -4.700000000000005 0.9
2.9 -4.700000000000005 1.0
2.9 -4.700000000000005 1.1
2.9 -4.700000000000005 1.2000000000000002
2.9 -4.700000000000005 1.3
2.9 -4.700000000000005 1.4000000000000001
2.9 -4.700000000000005 1.5
2.9 -4.700000000000005 1.6
2.9 -4.700000000000005 1.7000000000000002
2.9 -4.700000000000005 1.8
2.9 -4.700000000000005 1.9000000000000001
2.9 -4.700000000000005 2.0
2.9 -4.700000000000005 2.1
2.9 -4.700000000000005 2.2
2.9 -4.700000000000005 2.3000000000000003
2.9 -4.700000000000005 2.4000000000000004
2.9 -4.700000000000005 2.5
2.9 -4.600000000000005 0.0
2.9 -4.600000000000005 0.1
2.9 -4.600000000000005 0.2
2.9 -4.600000000000005 0.30000000000000004
2.9 -4.600000000000005 0.4
2.9 -4.600000000000005 0.5
2.9 -4.600000000000005 0.6000000000000001
2.9 -4.600000000000005 0.7000000000000001
2.9 -4.600000000000005 0.8
2.9 -4.600000000000005 0.9
2.9 -4.600000000000005 1.0
2.9 -4.600000000000005 1.1
2.9 -4.600000000000005 1.2000000000000002
2.9 -4.600000000000005 1.3
2.9 -4.600000000000005 1.4000000000000001
2.9 -4.600000000000005 1.5
2.9 -4.600000000000005 1.6
2.9 -4.600000000000005 1.7000000000000002
2.9 -4.600000000000005 1.8
2.9 -4.600000000000005 1.9000000000000001
2.9 -4.600000000000005 2.0
2.9 -4.600000000000005 2.1
2.9 -4.600000000000005 2.2
2.9 -4.600000000000005 2.3000000000000003
2.9 -4.600000000000005 2.4000000000000004
2.9 -4.600000000000005 2.5
2.9 -4.500000000000005 0.0
2.9 -4.500000000000005 0.1
2.9 -4.500000000000005 0.2
2.9 -4.500000000000005 0.30000000000000004
2.9 -4.500000000000005 0.4
2.9 -4.500000000000005 0.5
2.9 -4.500000000000005 0.6000000000000001
2.9 -4.500000000000005 0.7000000000000001
2.9 -4.500000000000005 0.8
2.9 -4.500000000000005 0.9
2.9 -4.500000000000005 1.0
2.9 -4.500000000000005 1.1
2.9 -4.500000000000005 1.2000000000000002
2.9 -4.500000000000005 1.3
2.9 -4.500000000000005 1.4000000000000001
2.9 -4.500000000000005 1.5
2.9 -4.500000000000005 1.6
2.9 -4.500000000000005 1.7000000000000002
2.9 -4.500000000000005 1.8
2.9 -4.500000000000005 1.9000000000000001
2.9 -4.500000000000005 2.0
2.9 -4.500000000000005 2.1
2.9 -4.500000000000005 2.2
2.9 -4.500000000000005 2.3000000000000003
2.9 -4.500000000000005 2.4000000000000004
2.9 -4.500000000000005 2.5
2.9 -4.400000000000006 0.0
2.9 -4.400000000000006 0.1
2.9 -4.400000000000006 0.2
2.9 -4.400000000000006 0.30000000000000004
2.9 -4.400000000000006 0.4
2.9 -4.400000000000006 0.5
2.9 -4.400000000000006 0.6000000000000001
2.9 -4.400000000000006 0.7000000000000001
2.9 -4.400000000000006 0.8
2.9 -4.400000000000006 0.9
2.9 -4.400000000000006 1.0
2.9 -4.400000000000006 1.1
2.9 -4.400000000000006 1.2000000000000002
2.9 -4.400000000000006 1.3
2.9 -4.400000000000006 1.4000000000000001
2.9 -4.400000000000006 1.5
2.9 -4.400000000000006 1.6
2.9 -4.400000000000006 1.7000000000000002
2.9 -4.400000000000006 1.8
2.9 -4.400000000000006 1.9000000000000001
2.9 -4.400000000000006 2.0
2.9 -4.400000000000006 2.1
2.9 -4.400000000000006 2.2
2.9 -4.400000000000006 2.3000000000000003
2.9 -4.400000000000006 2.4000000000000004
2.9 -4.400000000000006 2.5
2.9 -4.300000000000006 0.0
2.9 -4.300000000000006 0.1
2.9 -4.300000000000006 0.2
2.9 -4.300000000000006 0.30000000000000004
2.9 -4.300000000000006 0.4
2.9 -4.300000000000006 0.5
2.9 -4.300000000000006 0.6000000000000001
2.9 -4.300000000000006 0.7000000000000001
2.9 -4.300000000000006 0.8
2.9 -4.300000000000006 0.9
2.9 -4.300000000000006 1.0
2.9 -4.300000000000006 1.1
2.9 -4.300000000000006 1.2000000000000002
2.9 -4.300000000000006 1.3
2.9 -4.300000000000006 1.4000000000000001
2.9 -4.300000000000006 1.5
2.9 -4.300000000000006 1.6
2.9 -4.300000000000006 1.7000000000000002
2.9 -4.300000000000006 1.8
2.9 -4.300000000000006 1.9000000000000001
2.9 -4.300000000000006 2.0
2.9 -4.300000000000006 2.1
2.9 -4.300000000000006 2.2
2.9 -4.300000000000006 2.3000000000000003
2.9 -4.300000000000006 2.4000000000000004
2.9 -4.300000000000006 2.5
2.9 -4.200000000000006 0.0
2.9 -4.200000000000006 0.1
2.9 -4.200000000000006 0.2
2.9 -4.200000000000006 0.30000000000000004
2.9 -4.200000000000006 0.4
2.9 -4.200000000000006 0.5
2.9 -4.200000000000006 0.6000000000000001
2.9 -4.200000000000006 0.7000000000000001
2.9 -4.200000000000006 0.8
2.9 -4.200000000000006 0.9
2.9 -4.200000000000006 1.0
2.9 -4.200000000000006 1.1
2.9 -4.200000000000006 1.2000000000000002
2.9 -4.200000000000006 1.3
2.9 -4.200000000000006 1.4000000000000001
2.9 -4.200000000000006 1.5
2.9 -4.200000000000006 1.6
2.9 -4.200000000000006 1.7000000000000002
2.9 -4.200000000000006 1.8
2.9 -4.200000000000006 1.9000000000000001
2.9 -4.200000000000006 2.0
2.9 -4.200000000000006 2.1
2.9 -4.200000000000006 2.2
2.9 -4.200000000000006 2.3000000000000003
2.9 -4.200000000000006 2.4000000000000004
2.9 -4.200000000000006 2.5
2.9 -4.100000000000007 0.0
2.9 -4.100000000000007 0.1
2.9 -4.100000000000007 0.2
2.9 -4.100000000000007 0.30000000000000004
2.9 -4.100000000000007 0.4
2.9 -4.100000000000007 0.5
2.9 -4.100000000000007 0.6000000000000001
2.9 -4.100000000000007 0.7000000000000001
2.9 -4.100000000000007 0.8
2.9 -4.100000000000007 0.9
2.9 -4.100000000000007 1.0
2.9 -4.100000000000007 1.1
2.9 -4.100000000000007 1.2000000000000002
2.9 -4.100000000000007 1.3
2.9 -4.100000000000007 1.4000000000000001
2.9 -4.100000000000007 1.5
2.9 -4.100000000000007 1.6
2.9 -4.100000000000007 1.7000000000000002
2.9 -4.100000000000007 1.8
2.9 -4.100000000000007 1.9000000000000001
2.9 -4.100000000000007 2.0
2.9 -4.100000000000007 2.1
2.9 -4.100000000000007 2.2
2.9 -4.100000000000007 2.3000000000000003
2.9 -4.100000000000007 2.4000000000000004
2.9 -4.100000000000007 2.5
2.9 -4.000000000000007 0.0
2.9 -4.000000000000007 0.1
2.9 -4.000000000000007 0.2
2.9 -4.000000000000007 0.30000000000000004
2.9 -4.000000000000007 0.4
2.9 -4.000000000000007 0.5
2.9 -4.000000000000007 0.6000000000000001
2.9 -4.000000000000007 0.7000000000000001
2.9 -4.000000000000007 0.8
2.9 -4.000000000000007 0.9
2.9 -4.000000000000007 1.0
2.9 -4.000000000000007 1.1
2.9 -4.000000000000007 1.2000000000000002
2.9 -4.000000000000007 1.3
2.9 -4.000000000000007 1.4000000000000001
2.9 -4.000000000000007 1.5
2.9 -4.000000000000007 1.6
2.9 -4.000000000000007 1.7000000000000002
2.9 -4.000000000000007 1.8
2.9 -4.000000000000007 1.9000000000000001
2.9 -4.000000000000007 2.0
2.9 -4.000000000000007 2.1
2.9 -4.000000000000007 2.2
2.9 -4.000000000000007 2.3000000000000003
2.9 -4.000000000000007 2.4000000000000004
2.9 -4.000000000000007 2.5
2.9 -3.9000000000000075 0.0
2.9 -3.9000000000000075 0.1
2.9 -3.9000000000000075 0.2
2.9 -3.9000000000000075 0.30000000000000004
2.9 -3.9000000000000075 0.4
2.9 -3.9000000000000075 0.5
2.9 -3.9000000000000075 0.6000000000000001
2.9 -3.9000000000000075 0.7000000000000001
2.9 -3.9000000000000075 0.8
2.9 -3.9000000000000075 0.9
2.9 -3.9000000000000075 1.0
2.9 -3.9000000000000075 1.1
2.9 -3.9000000000000075 1.2000000000000002
2.9 -3.9000000000000075 1.3
2.9 -3.9000000000000075 1.4000000000000001
2.9 -3.9000000000000075 1.5
2.9 -3.9000000000000075 1.6
2.9 -3.9000000000000075 1.7000000000000002
2.9 -3.9000000000000075 1.8
2.9 -3.9000000000000075 1.9000000000000001
2.9 -3.9000000000000075 2.0
2.9 -3.9000000000000075 2.1
2.9 -3.9000000000000075 2.2
2.9 -3.9000000000000075 2.3000000000000003
2.9 -3.9000000000000075 2.4000000000000004
2.9 -3.9000000000000075 2.5
2.9 -3.800000000000008 0.0
2.9 -3.800000000000008 0.1
2.9 -3.800000000000008 0.2
2.9 -3.800000000000008 0.30000000000000004
2.9 -3.800000000000008 0.4
2.9 -3.800000000000008 0.5
2.9 -3.800000000000008 0.6000000000000001
2.9 -3.800000000000008 0.7000000000000001
2.9 -3.800000000000008 0.8
2.9 -3.800000000000008 0.9
2.9 -3.800000000000008 1.0
2.9 -3.800000000000008 1.1
2.9 -3.800000000000008 1.2000000000000002
2.9 -3.800000000000008 1.3
2.9 -3.800000000000008 1.4000000000000001
2.9 -3.800000000000008 1.5
2.9 -3.800000000000008 1.6
2.9 -3.800000000000008 1.7000000000000002
2.9 -3.800000000000008 1.8
2.9 -3.800000000000008 1.9000000000000001
2.9 -3.800000000000008 2.0
2.9 -3.800000000000008 2.1
2.9 -3.800000000000008 2.2
2.9 -3.800000000000008 2.3000000000000003
2.9 -3.800000000000008 2.4000000000000004
2.9 -3.800000000000008 2.5
2.9 -3.700000000000008 0.0
2.9 -3.700000000000008 0.1
2.9 -3.700000000000008 0.2
2.9 -3.700000000000008 0.30000000000000004
2.9 -3.700000000000008 0.4
2.9 -3.700000000000008 0.5
2.9 -3.700000000000008 0.6000000000000001
2.9 -3.700000000000008 0.7000000000000001
2.9 -3.700000000000008 0.8
2.9 -3.700000000000008 0.9
2.9 -3.700000000000008 1.0
2.9 -3.700000000000008 1.1
2.9 -3.700000000000008 1.2000000000000002
2.9 -3.700000000000008 1.3
2.9 -3.700000000000008 1.4000000000000001
2.9 -3.700000000000008 1.5
2.9 -3.700000000000008 1.6
2.9 -3.700000000000008 1.7000000000000002
2.9 -3.700000000000008 1.8
2.9 -3.700000000000008 1.9000000000000001
2.9 -3.700000000000008 2.0
2.9 -3.700000000000008 2.1
2.9 -3.700000000000008 2.2
2.9 -3.700000000000008 2.3000000000000003
2.9 -3.700000000000008 2.4000000000000004
2.9 -3.700000000000008 2.5
2.9 -3.6000000000000085 0.0
2.9 -3.6000000000000085 0.1
2.9 -3.6000000000000085 0.2
2.9 -3.6000000000000085 0.30000000000000004
2.9 -3.6000000000000085 0.4
2.9 -3.6000000000000085 0.5
2.9 -3.6000000000000085 0.6000000000000001
2.9 -3.6000000000000085 0.7000000000000001
2.9 -3.6000000000000085 0.8
2.9 -3.6000000000000085 0.9
2.9 -3.6000000000000085 1.0
2.9 -3.6000000000000085 1.1
2.9 -3.6000000000000085 1.2000000000000002
2.9 -3.6000000000000085 1.3
2.9 -3.6000000000000085 1.4000000000000001
2.9 -3.6000000000000085 1.5
2.9 -3.6000000000000085 1.6
2.9 -3.6000000000000085 1.7000000000000002
2.9 -3.6000000000000085 1.8
2.9 -3.6000000000000085 1.9000000000000001
2.9 -3.6000000000000085 2.0
2.9 -3.6000000000000085 2.1
2.9 -3.6000000000000085 2.2
2.9 -3.6000000000000085 2.3000000000000003
2.9 -3.6000000000000085 2.4000000000000004
2.9 -3.6000000000000085 2.5
2.9 -3.500000000000009 0.0
2.9 -3.500000000000009 0.1
2.9 -3.500000000000009 0.2
2.9 -3.500000000000009 0.30000000000000004
2.9 -3.500000000000009 0.4
2.9 -3.500000000000009 0.5
2.9 -3.500000000000009 0.6000000000000001
2.9 -3.500000000000009 0.7000000000000001
2.9 -3.500000000000009 0.8
2.9 -3.500000000000009 0.9
2.9 -3.500000000000009 1.0
2.9 -3.500000000000009 1.1
2.9 -3.500000000000009 1.2000000000000002
2.9 -3.500000000000009 1.3
2.9 -3.500000000000009 1.4000000000000001
2.9 -3.500000000000009 1.5
2.9 -3.500000000000009 1.6
2.9 -3.500000000000009 1.7000000000000002
2.9 -3.500000000000009 1.8
2.9 -3.500000000000009 1.9000000000000001
2.9 -3.500000000000009 2.0
2.9 -3.500000000000009 2.1
2.9 -3.500000000000009 2.2
2.9 -3.500000000000009 2.3000000000000003
2.9 -3.500000000000009 2.4000000000000004
2.9 -3.500000000000009 2.5
2.9 -3.4000000000000092 0.0
2.9 -3.4000000000000092 0.1
2.9 -3.4000000000000092 0.2
2.9 -3.4000000000000092 0.30000000000000004
2.9 -3.4000000000000092 0.4
2.9 -3.4000000000000092 0.5
2.9 -3.4000000000000092 0.6000000000000001
2.9 -3.4000000000000092 0.7000000000000001
2.9 -3.4000000000000092 0.8
2.9 -3.4000000000000092 0.9
2.9 -3.4000000000000092 1.0
2.9 -3.4000000000000092 1.1
2.9 -3.4000000000000092 1.2000000000000002
2.9 -3.4000000000000092 1.3
2.9 -3.4000000000000092 1.4000000000000001
2.9 -3.4000000000000092 1.5
2.9 -3.4000000000000092 1.6
2.9 -3.4000000000000092 1.7000000000000002
2.9 -3.4000000000000092 1.8
2.9 -3.4000000000000092 1.9000000000000001
2.9 -3.4000000000000092 2.0
2.9 -3.4000000000000092 2.1
2.9 -3.4000000000000092 2.2
2.9 -3.4000000000000092 2.3000000000000003
2.9 -3.4000000000000092 2.4000000000000004
2.9 -3.4000000000000092 2.5
2.9 -3.3000000000000096 0.0
2.9 -3.3000000000000096 0.1
2.9 -3.3000000000000096 0.2
2.9 -3.3000000000000096 0.30000000000000004
2.9 -3.3000000000000096 0.4
2.9 -3.3000000000000096 0.5
2.9 -3.3000000000000096 0.6000000000000001
2.9 -3.3000000000000096 0.7000000000000001
2.9 -3.3000000000000096 0.8
2.9 -3.3000000000000096 0.9
2.9 -3.3000000000000096 1.0
2.9 -3.3000000000000096 1.1
2.9 -3.3000000000000096 1.2000000000000002
2.9 -3.3000000000000096 1.3
2.9 -3.3000000000000096 1.4000000000000001
2.9 -3.3000000000000096 1.5
2.9 -3.3000000000000096 1.6
2.9 -3.3000000000000096 1.7000000000000002
2.9 -3.3000000000000096 1.8
2.9 -3.3000000000000096 1.9000000000000001
2.9 -3.3000000000000096 2.0
2.9 -3.3000000000000096 2.1
2.9 -3.3000000000000096 2.2
2.9 -3.3000000000000096 2.3000000000000003
2.9 -3.3000000000000096 2.4000000000000004
2.9 -3.3000000000000096 2.5
2.9 -3.20000000000001 0.0
2.9 -3.20000000000001 0.1
2.9 -3.20000000000001 0.2
2.9 -3.20000000000001 0.30000000000000004
2.9 -3.20000000000001 0.4
2.9 -3.20000000000001 0.5
2.9 -3.20000000000001 0.6000000000000001
2.9 -3.20000000000001 0.7000000000000001
2.9 -3.20000000000001 0.8
2.9 -3.20000000000001 0.9
2.9 -3.20000000000001 1.0
2.9 -3.20000000000001 1.1
2.9 -3.20000000000001 1.2000000000000002
2.9 -3.20000000000001 1.3
2.9 -3.20000000000001 1.4000000000000001
2.9 -3.20000000000001 1.5
2.9 -3.20000000000001 1.6
2.9 -3.20000000000001 1.7000000000000002
2.9 -3.20000000000001 1.8
2.9 -3.20000000000001 1.9000000000000001
2.9 -3.20000000000001 2.0
2.9 -3.20000000000001 2.1
2.9 -3.20000000000001 2.2
2.9 -3.20000000000001 2.3000000000000003
2.9 -3.20000000000001 2.4000000000000004
2.9 -3.20000000000001 2.5
2.9 -3.1000000000000103 0.0
2.9 -3.1000000000000103 0.1
2.9 -3.1000000000000103 0.2
2.9 -3.1000000000000103 0.30000000000000004
2.9 -3.1000000000000103 0.4
2.9 -3.1000000000000103 0.5
2.9 -3.1000000000000103 0.6000000000000001
2.9 -3.1000000000000103 0.7000000000000001
2.9 -3.1000000000000103 0.8
2.9 -3.1000000000000103 0.9
2.9 -3.1000000000000103 1.0
2.9 -3.1000000000000103 1.1
2.9 -3.1000000000000103 1.2000000000000002
2.9 -3.1000000000000103 1.3
2.9 -3.1000000000000103 1.4000000000000001
2.9 -3.1000000000000103 1.5
2.9 -3.1000000000000103 1.6
2.9 -3.1000000000000103 1.7000000000000002
2.9 -3.1000000000000103 1.8
2.9 -3.1000000000000103 1.9000000000000001
2.9 -3.1000000000000103 2.0
2.9 -3.1000000000000103 2.1
2.9 -3.1000000000000103 2.2
2.9 -3.1000000000000103 2.3000000000000003
2.9 -3.1000000000000103 2.4000000000000004
2.9 -3.1000000000000103 2.5
2.9 -3.0000000000000107 0.0
2.9 -3.0000000000000107 0.1
2.9 -3.0000000000000107 0.2
2.9 -3.0000000000000107 0.30000000000000004
2.9 -3.0000000000000107 0.4
2.9 -3.0000000000000107 0.5
2.9 -3.0000000000000107 0.6000000000000001
2.9 -3.0000000000000107 0.7000000000000001
2.9 -3.0000000000000107 0.8
2.9 -3.0000000000000107 0.9
2.9 -3.0000000000000107 1.0
2.9 -3.0000000000000107 1.1
2.9 -3.0000000000000107 1.2000000000000002
2.9 -3.0000000000000107 1.3
2.9 -3.0000000000000107 1.4000000000000001
2.9 -3.0000000000000107 1.5
2.9 -3.0000000000000107 1.6
2.9 -3.0000000000000107 1.7000000000000002
2.9 -3.0000000000000107 1.8
2.9 -3.0000000000000107 1.9000000000000001
2.9 -3.0000000000000107 2.0
2.9 -3.0000000000000107 2.1
2.9 -3.0000000000000107 2.2
2.9 -3.0000000000000107 2.3000000000000003
2.9 -3.0000000000000107 2.4000000000000004
2.9 -3.0000000000000107 2.5
2.9 -2.900000000000011 0.0
2.9 -2.900000000000011 0.1
2.9 -2.900000000000011 0.2
2.9 -2.900000000000011 0.30000000000000004
2.9 -2.900000000000011 0.4
2.9 -2.900000000000011 0.5
2.9 -2.900000000000011 0.6000000000000001
2.9 -2.900000000000011 0.7000000000000001
2.9 -2.900000000000011 0.8
2.9 -2.900000000000011 0.9
2.9 -2.900000000000011 1.0
2.9 -2.900000000000011 1.1
2.9 -2.900000000000011 1.2000000000000002
2.9 -2.900000000000011 1.3
2.9 -2.900000000000011 1.4000000000000001
2.9 -2.900000000000011 1.5
2.9 -2.900000000000011 1.6
2.9 -2.900000000000011 1.7000000000000002
2.9 -2.900000000000011 1.8
2.9 -2.900000000000011 1.9000000000000001
2.9 -2.900000000000011 2.0
2.9 -2.900000000000011 2.1
2.9 -2.900000000000011 2.2
2.9 -2.900000000000011 2.3000000000000003
2.9 -2.900000000000011 2.4000000000000004
2.9 -2.900000000000011 2.5
2.9 -2.8000000000000114 0.0
2.9 -2.8000000000000114 0.1
2.9 -2.8000000000000114 0.2
2.9 -2.8000000000000114 0.30000000000000004
2.9 -2.8000000000000114 0.4
2.9 -2.8000000000000114 0.5
2.9 -2.8000000000000114 0.6000000000000001
2.9 -2.8000000000000114 0.7000000000000001
2.9 -2.8000000000000114 0.8
2.9 -2.8000000000000114 0.9
2.9 -2.8000000000000114 1.0
2.9 -2.8000000000000114 1.1
2.9 -2.8000000000000114 1.2000000000000002
2.9 -2.8000000000000114 1.3
2.9 -2.8000000000000114 1.4000000000000001
2.9 -2.8000000000000114 1.5
2.9 -2.8000000000000114 1.6
2.9 -2.8000000000000114 1.7000000000000002
2.9 -2.8000000000000114 1.8
2.9 -2.8000000000000114 1.9000000000000001
2.9 -2.8000000000000114 2.0
2.9 -2.8000000000000114 2.1
2.9 -2.8000000000000114 2.2
2.9 -2.8000000000000114 2.3000000000000003
2.9 -2.8000000000000114 2.4000000000000004
2.9 -2.8000000000000114 2.5
2.9 -2.7000000000000117 0.0
2.9 -2.7000000000000117 0.1
2.9 -2.7000000000000117 0.2
2.9 -2.7000000000000117 0.30000000000000004
2.9 -2.7000000000000117 0.4
2.9 -2.7000000000000117 0.5
2.9 -2.7000000000000117 0.6000000000000001
2.9 -2.7000000000000117 0.7000000000000001
2.9 -2.7000000000000117 0.8
2.9 -2.7000000000000117 0.9
2.9 -2.7000000000000117 1.0
2.9 -2.7000000000000117 1.1
2.9 -2.7000000000000117 1.2000000000000002
2.9 -2.7000000000000117 1.3
2.9 -2.7000000000000117 1.4000000000000001
2.9 -2.7000000000000117 1.5
2.9 -2.7000000000000117 1.6
2.9 -2.7000000000000117 1.7000000000000002
2.9 -2.7000000000000117 1.8
2.9 -2.7000000000000117 1.9000000000000001
2.9 -2.7000000000000117 2.0
2.9 -2.7000000000000117 2.1
2.9 -2.7000000000000117 2.2
2.9 -2.7000000000000117 2.3000000000000003
2.9 -2.7000000000000117 2.4000000000000004
2.9 -2.7000000000000117 2.5
2.9 -2.600000000000012 0.0
2.9 -2.600000000000012 0.1
2.9 -2.600000000000012 0.2
2.9 -2.600000000000012 0.30000000000000004
2.9 -2.600000000000012 0.4
2.9 -2.600000000000012 0.5
2.9 -2.600000000000012 0.6000000000000001
2.9 -2.600000000000012 0.7000000000000001
2.9 -2.600000000000012 0.8
2.9 -2.600000000000012 0.9
2.9 -2.600000000000012 1.0
2.9 -2.600000000000012 1.1
2.9 -2.600000000000012 1.2000000000000002
2.9 -2.600000000000012 1.3
2.9 -2.600000000000012 1.4000000000000001
2.9 -2.600000000000012 1.5
2.9 -2.600000000000012 1.6
2.9 -2.600000000000012 1.7000000000000002
2.9 -2.600000000000012 1.8
2.9 -2.600000000000012 1.9000000000000001
2.9 -2.600000000000012 2.0
2.9 -2.600000000000012 2.1
2.9 -2.600000000000012 2.2
2.9 -2.600000000000012 2.3000000000000003
2.9 -2.600000000000012 2.4000000000000004
2.9 -2.600000000000012 2.5
2.9 -2.5000000000000124 0.0
2.9 -2.5000000000000124 0.1
2.9 -2.5000000000000124 0.2
2.9 -2.5000000000000124 0.30000000000000004
2.9 -2.5000000000000124 0.4
2.9 -2.5000000000000124 0.5
2.9 -2.5000000000000124 0.6000000000000001
2.9 -2.5000000000000124 0.7000000000000001
2.9 -2.5000000000000124 0.8
2.9 -2.5000000000000124 0.9
2.9 -2.5000000000000124 1.0
2.9 -2.5000000000000124 1.1
2.9 -2.5000000000000124 1.2000000000000002
2.9 -2.5000000000000124 1.3
2.9 -2.5000000000000124 1.4000000000000001
2.9 -2.5000000000000124 1.5
2.9 -2.5000000000000124 1.6
2.9 -2.5000000000000124 1.7000000000000002
2.9 -2.5000000000000124 1.8
2.9 -2.5000000000000124 1.9000000000000001
2.9 -2.5000000000000124 2.0
2.9 -2.5000000000000124 2.1
2.9 -2.5000000000000124 2.2
2.9 -2.5000000000000124 2.3000000000000003
2.9 -2.5000000000000124 2.4000000000000004
2.9 -2.5000000000000124 2.5
2.9 -2.400000000000013 0.0
2.9 -2.400000000000013 0.1
2.9 -2.400000000000013 0.2
2.9 -2.400000000000013 0.30000000000000004
2.9 -2.400000000000013 0.4
2.9 -2.400000000000013 0.5
2.9 -2.400000000000013 0.6000000000000001
2.9 -2.400000000000013 0.7000000000000001
2.9 -2.400000000000013 0.8
2.9 -2.400000000000013 0.9
2.9 -2.400000000000013 1.0
2.9 -2.400000000000013 1.1
2.9 -2.400000000000013 1.2000000000000002
2.9 -2.400000000000013 1.3
2.9 -2.400000000000013 1.4000000000000001
2.9 -2.400000000000013 1.5
2.9 -2.400000000000013 1.6
2.9 -2.400000000000013 1.7000000000000002
2.9 -2.400000000000013 1.8
2.9 -2.400000000000013 1.9000000000000001
2.9 -2.400000000000013 2.0
2.9 -2.400000000000013 2.1
2.9 -2.400000000000013 2.2
2.9 -2.400000000000013 2.3000000000000003
2.9 -2.400000000000013 2.4000000000000004
2.9 -2.400000000000013 2.5
2.9 -2.300000000000013 0.0
2.9 -2.300000000000013 0.1
2.9 -2.300000000000013 0.2
2.9 -2.300000000000013 0.30000000000000004
2.9 -2.300000000000013 0.4
2.9 -2.300000000000013 0.5
2.9 -2.300000000000013 0.6000000000000001
2.9 -2.300000000000013 0.7000000000000001
2.9 -2.300000000000013 0.8
2.9 -2.300000000000013 0.9
2.9 -2.300000000000013 1.0
2.9 -2.300000000000013 1.1
2.9 -2.300000000000013 1.2000000000000002
2.9 -2.300000000000013 1.3
2.9 -2.300000000000013 1.4000000000000001
2.9 -2.300000000000013 1.5
2.9 -2.300000000000013 1.6
2.9 -2.300000000000013 1.7000000000000002
2.9 -2.300000000000013 1.8
2.9 -2.300000000000013 1.9000000000000001
2.9 -2.300000000000013 2.0
2.9 -2.300000000000013 2.1
2.9 -2.300000000000013 2.2
2.9 -2.300000000000013 2.3000000000000003
2.9 -2.300000000000013 2.4000000000000004
2.9 -2.300000000000013 2.5
2.9 -2.2000000000000135 0.0
2.9 -2.2000000000000135 0.1
2.9 -2.2000000000000135 0.2
2.9 -2.2000000000000135 0.30000000000000004
2.9 -2.2000000000000135 0.4
2.9 -2.2000000000000135 0.5
2.9 -2.2000000000000135 0.6000000000000001
2.9 -2.2000000000000135 0.7000000000000001
2.9 -2.2000000000000135 0.8
2.9 -2.2000000000000135 0.9
2.9 -2.2000000000000135 1.0
2.9 -2.2000000000000135 1.1
2.9 -2.2000000000000135 1.2000000000000002
2.9 -2.2000000000000135 1.3
2.9 -2.2000000000000135 1.4000000000000001
2.9 -2.2000000000000135 1.5
2.9 -2.2000000000000135 1.6
2.9 -2.2000000000000135 1.7000000000000002
2.9 -2.2000000000000135 1.8
2.9 -2.2000000000000135 1.9000000000000001
2.9 -2.2000000000000135 2.0
2.9 -2.2000000000000135 2.1
2.9 -2.2000000000000135 2.2
2.9 -2.2000000000000135 2.3000000000000003
2.9 -2.2000000000000135 2.4000000000000004
2.9 -2.2000000000000135 2.5
2.9 -2.100000000000014 0.0
2.9 -2.100000000000014 0.1
2.9 -2.100000000000014 0.2
2.9 -2.100000000000014 0.30000000000000004
2.9 -2.100000000000014 0.4
2.9 -2.100000000000014 0.5
2.9 -2.100000000000014 0.6000000000000001
2.9 -2.100000000000014 0.7000000000000001
2.9 -2.100000000000014 0.8
2.9 -2.100000000000014 0.9
2.9 -2.100000000000014 1.0
2.9 -2.100000000000014 1.1
2.9 -2.100000000000014 1.2000000000000002
2.9 -2.100000000000014 1.3
2.9 -2.100000000000014 1.4000000000000001
2.9 -2.100000000000014 1.5
2.9 -2.100000000000014 1.6
2.9 -2.100000000000014 1.7000000000000002
2.9 -2.100000000000014 1.8
2.9 -2.100000000000014 1.9000000000000001
2.9 -2.100000000000014 2.0
2.9 -2.100000000000014 2.1
2.9 -2.100000000000014 2.2
2.9 -2.100000000000014 2.3000000000000003
2.9 -2.100000000000014 2.4000000000000004
2.9 -2.100000000000014 2.5
2.9 -2.000000000000014 0.0
2.9 -2.000000000000014 0.1
2.9 -2.000000000000014 0.2
2.9 -2.000000000000014 0.30000000000000004
2.9 -2.000000000000014 0.4
2.9 -2.000000000000014 0.5
2.9 -2.000000000000014 0.6000000000000001
2.9 -2.000000000000014 0.7000000000000001
2.9 -2.000000000000014 0.8
2.9 -2.000000000000014 0.9
2.9 -2.000000000000014 1.0
2.9 -2.000000000000014 1.1
2.9 -2.000000000000014 1.2000000000000002
2.9 -2.000000000000014 1.3
2.9 -2.000000000000014 1.4000000000000001
2.9 -2.000000000000014 1.5
2.9 -2.000000000000014 1.6
2.9 -2.000000000000014 1.7000000000000002
2.9 -2.000000000000014 1.8
2.9 -2.000000000000014 1.9000000000000001
2.9 -2.000000000000014 2.0
2.9 -2.000000000000014 2.1
2.9 -2.000000000000014 2.2
2.9 -2.000000000000014 2.3000000000000003
2.9 -2.000000000000014 2.4000000000000004
2.9 -2.000000000000014 2.5
2.9 -1.9000000000000146 0.0
2.9 -1.9000000000000146 0.1
2.9 -1.9000000000000146 0.2
2.9 -1.9000000000000146 0.30000000000000004
2.9 -1.9000000000000146 0.4
2.9 -1.9000000000000146 0.5
2.9 -1.9000000000000146 0.6000000000000001
2.9 -1.9000000000000146 0.7000000000000001
2.9 -1.9000000000000146 0.8
2.9 -1.9000000000000146 0.9
2.9 -1.9000000000000146 1.0
2.9 -1.9000000000000146 1.1
2.9 -1.9000000000000146 1.2000000000000002
2.9 -1.9000000000000146 1.3
2.9 -1.9000000000000146 1.4000000000000001
2.9 -1.9000000000000146 1.5
2.9 -1.9000000000000146 1.6
2.9 -1.9000000000000146 1.7000000000000002
2.9 -1.9000000000000146 1.8
2.9 -1.9000000000000146 1.9000000000000001
2.9 -1.9000000000000146 2.0
2.9 -1.9000000000000146 2.1
2.9 -1.9000000000000146 2.2
2.9 -1.9000000000000146 2.3000000000000003
2.9 -1.9000000000000146 2.4000000000000004
2.9 -1.9000000000000146 2.5
2.9 -1.800000000000015 0.0
2.9 -1.800000000000015 0.1
2.9 -1.800000000000015 0.2
2.9 -1.800000000000015 0.30000000000000004
2.9 -1.800000000000015 0.4
2.9 -1.800000000000015 0.5
2.9 -1.800000000000015 0.6000000000000001
2.9 -1.800000000000015 0.7000000000000001
2.9 -1.800000000000015 0.8
2.9 -1.800000000000015 0.9
2.9 -1.800000000000015 1.0
2.9 -1.800000000000015 1.1
2.9 -1.800000000000015 1.2000000000000002
2.9 -1.800000000000015 1.3
2.9 -1.800000000000015 1.4000000000000001
2.9 -1.800000000000015 1.5
2.9 -1.800000000000015 1.6
2.9 -1.800000000000015 1.7000000000000002
2.9 -1.800000000000015 1.8
2.9 -1.800000000000015 1.9000000000000001
2.9 -1.800000000000015 2.0
2.9 -1.800000000000015 2.1
2.9 -1.800000000000015 2.2
2.9 -1.800000000000015 2.3000000000000003
2.9 -1.800000000000015 2.4000000000000004
2.9 -1.800000000000015 2.5
2.9 -1.7000000000000153 0.0
2.9 -1.7000000000000153 0.1
2.9 -1.7000000000000153 0.2
2.9 -1.7000000000000153 0.30000000000000004
2.9 -1.7000000000000153 0.4
2.9 -1.7000000000000153 0.5
2.9 -1.7000000000000153 0.6000000000000001
2.9 -1.7000000000000153 0.7000000000000001
2.9 -1.7000000000000153 0.8
2.9 -1.7000000000000153 0.9
2.9 -1.7000000000000153 1.0
2.9 -1.7000000000000153 1.1
2.9 -1.7000000000000153 1.2000000000000002
2.9 -1.7000000000000153 1.3
2.9 -1.7000000000000153 1.4000000000000001
2.9 -1.7000000000000153 1.5
2.9 -1.7000000000000153 1.6
2.9 -1.7000000000000153 1.7000000000000002
2.9 -1.7000000000000153 1.8
2.9 -1.7000000000000153 1.9000000000000001
2.9 -1.7000000000000153 2.0
2.9 -1.7000000000000153 2.1
2.9 -1.7000000000000153 2.2
2.9 -1.7000000000000153 2.3000000000000003
2.9 -1.7000000000000153 2.4000000000000004
2.9 -1.7000000000000153 2.5
2.9 -1.6000000000000156 0.0
2.9 -1.6000000000000156 0.1
2.9 -1.6000000000000156 0.2
2.9 -1.6000000000000156 0.30000000000000004
2.9 -1.6000000000000156 0.4
2.9 -1.6000000000000156 0.5
2.9 -1.6000000000000156 0.6000000000000001
2.9 -1.6000000000000156 0.7000000000000001
2.9 -1.6000000000000156 0.8
2.9 -1.6000000000000156 0.9
2.9 -1.6000000000000156 1.0
2.9 -1.6000000000000156 1.1
2.9 -1.6000000000000156 1.2000000000000002
2.9 -1.6000000000000156 1.3
2.9 -1.6000000000000156 1.4000000000000001
2.9 -1.6000000000000156 1.5
2.9 -1.6000000000000156 1.6
2.9 -1.6000000000000156 1.7000000000000002
2.9 -1.6000000000000156 1.8
2.9 -1.6000000000000156 1.9000000000000001
2.9 -1.6000000000000156 2.0
2.9 -1.6000000000000156 2.1
2.9 -1.6000000000000156 2.2
2.9 -1.6000000000000156 2.3000000000000003
2.9 -1.6000000000000156 2.4000000000000004
2.9 -1.6000000000000156 2.5
2.9 -1.500000000000016 0.0
2.9 -1.500000000000016 0.1
2.9 -1.500000000000016 0.2
2.9 -1.500000000000016 0.30000000000000004
2.9 -1.500000000000016 0.4
2.9 -1.500000000000016 0.5
2.9 -1.500000000000016 0.6000000000000001
2.9 -1.500000000000016 0.7000000000000001
2.9 -1.500000000000016 0.8
2.9 -1.500000000000016 0.9
2.9 -1.500000000000016 1.0
2.9 -1.500000000000016 1.1
2.9 -1.500000000000016 1.2000000000000002
2.9 -1.500000000000016 1.3
2.9 -1.500000000000016 1.4000000000000001
2.9 -1.500000000000016 1.5
2.9 -1.500000000000016 1.6
2.9 -1.500000000000016 1.7000000000000002
2.9 -1.500000000000016 1.8
2.9 -1.500000000000016 1.9000000000000001
2.9 -1.500000000000016 2.0
2.9 -1.500000000000016 2.1
2.9 -1.500000000000016 2.2
2.9 -1.500000000000016 2.3000000000000003
2.9 -1.500000000000016 2.4000000000000004
2.9 -1.500000000000016 2.5
2.9 -1.4000000000000163 0.0
2.9 -1.4000000000000163 0.1
2.9 -1.4000000000000163 0.2
2.9 -1.4000000000000163 0.30000000000000004
2.9 -1.4000000000000163 0.4
2.9 -1.4000000000000163 0.5
2.9 -1.4000000000000163 0.6000000000000001
2.9 -1.4000000000000163 0.7000000000000001
2.9 -1.4000000000000163 0.8
2.9 -1.4000000000000163 0.9
2.9 -1.4000000000000163 1.0
2.9 -1.4000000000000163 1.1
2.9 -1.4000000000000163 1.2000000000000002
2.9 -1.4000000000000163 1.3
2.9 -1.4000000000000163 1.4000000000000001
2.9 -1.4000000000000163 1.5
2.9 -1.4000000000000163 1.6
2.9 -1.4000000000000163 1.7000000000000002
2.9 -1.4000000000000163 1.8
2.9 -1.4000000000000163 1.9000000000000001
2.9 -1.4000000000000163 2.0
2.9 -1.4000000000000163 2.1
2.9 -1.4000000000000163 2.2
2.9 -1.4000000000000163 2.3000000000000003
2.9 -1.4000000000000163 2.4000000000000004
2.9 -1.4000000000000163 2.5
2.9 -1.3000000000000167 0.0
2.9 -1.3000000000000167 0.1
2.9 -1.3000000000000167 0.2
2.9 -1.3000000000000167 0.30000000000000004
2.9 -1.3000000000000167 0.4
2.9 -1.3000000000000167 0.5
2.9 -1.3000000000000167 0.6000000000000001
2.9 -1.3000000000000167 0.7000000000000001
2.9 -1.3000000000000167 0.8
2.9 -1.3000000000000167 0.9
2.9 -1.3000000000000167 1.0
2.9 -1.3000000000000167 1.1
2.9 -1.3000000000000167 1.2000000000000002
2.9 -1.3000000000000167 1.3
2.9 -1.3000000000000167 1.4000000000000001
2.9 -1.3000000000000167 1.5
2.9 -1.3000000000000167 1.6
2.9 -1.3000000000000167 1.7000000000000002
2.9 -1.3000000000000167 1.8
2.9 -1.3000000000000167 1.9000000000000001
2.9 -1.3000000000000167 2.0
2.9 -1.3000000000000167 2.1
2.9 -1.3000000000000167 2.2
2.9 -1.3000000000000167 2.3000000000000003
2.9 -1.3000000000000167 2.4000000000000004
2.9 -1.3000000000000167 2.5
2.9 -1.200000000000017 0.0
2.9 -1.200000000000017 0.1
2.9 -1.200000000000017 0.2
2.9 -1.200000000000017 0.30000000000000004
2.9 -1.200000000000017 0.4
2.9 -1.200000000000017 0.5
2.9 -1.200000000000017 0.6000000000000001
2.9 -1.200000000000017 0.7000000000000001
2.9 -1.200000000000017 0.8
2.9 -1.200000000000017 0.9
2.9 -1.200000000000017 1.0
2.9 -1.200000000000017 1.1
2.9 -1.200000000000017 1.2000000000000002
2.9 -1.200000000000017 1.3
2.9 -1.200000000000017 1.4000000000000001
2.9 -1.200000000000017 1.5
2.9 -1.200000000000017 1.6
2.9 -1.200000000000017 1.7000000000000002
2.9 -1.200000000000017 1.8
2.9 -1.200000000000017 1.9000000000000001
2.9 -1.200000000000017 2.0
2.9 -1.200000000000017 2.1
2.9 -1.200000000000017 2.2
2.9 -1.200000000000017 2.3000000000000003
2.9 -1.200000000000017 2.4000000000000004
2.9 -1.200000000000017 2.5
2.9 -1.1000000000000174 0.0
2.9 -1.1000000000000174 0.1
2.9 -1.1000000000000174 0.2
2.9 -1.1000000000000174 0.30000000000000004
2.9 -1.1000000000000174 0.4
2.9 -1.1000000000000174 0.5
2.9 -1.1000000000000174 0.6000000000000001
2.9 -1.1000000000000174 0.7000000000000001
2.9 -1.1000000000000174 0.8
2.9 -1.1000000000000174 0.9
2.9 -1.1000000000000174 1.0
2.9 -1.1000000000000174 1.1
2.9 -1.1000000000000174 1.2000000000000002
2.9 -1.1000000000000174 1.3
2.9 -1.1000000000000174 1.4000000000000001
2.9 -1.1000000000000174 1.5
2.9 -1.1000000000000174 1.6
2.9 -1.1000000000000174 1.7000000000000002
2.9 -1.1000000000000174 1.8
2.9 -1.1000000000000174 1.9000000000000001
2.9 -1.1000000000000174 2.0
2.9 -1.1000000000000174 2.1
2.9 -1.1000000000000174 2.2
2.9 -1.1000000000000174 2.3000000000000003
2.9 -1.1000000000000174 2.4000000000000004
2.9 -1.1000000000000174 2.5
2.9 -1.0000000000000178 0.0
2.9 -1.0000000000000178 0.1
2.9 -1.0000000000000178 0.2
2.9 -1.0000000000000178 0.30000000000000004
2.9 -1.0000000000000178 0.4
2.9 -1.0000000000000178 0.5
2.9 -1.0000000000000178 0.6000000000000001
2.9 -1.0000000000000178 0.7000000000000001
2.9 -1.0000000000000178 0.8
2.9 -1.0000000000000178 0.9
2.9 -1.0000000000000178 1.0
2.9 -1.0000000000000178 1.1
2.9 -1.0000000000000178 1.2000000000000002
2.9 -1.0000000000000178 1.3
2.9 -1.0000000000000178 1.4000000000000001
2.9 -1.0000000000000178 1.5
2.9 -1.0000000000000178 1.6
2.9 -1.0000000000000178 1.7000000000000002
2.9 -1.0000000000000178 1.8
2.9 -1.0000000000000178 1.9000000000000001
2.9 -1.0000000000000178 2.0
2.9 -1.0000000000000178 2.1
2.9 -1.0000000000000178 2.2
2.9 -1.0000000000000178 2.3000000000000003
2.9 -1.0000000000000178 2.4000000000000004
2.9 -1.0000000000000178 2.5
2.9 -0.9000000000000181 0.0
2.9 -0.9000000000000181 0.1
2.9 -0.9000000000000181 0.2
2.9 -0.9000000000000181 0.30000000000000004
2.9 -0.9000000000000181 0.4
2.9 -0.9000000000000181 0.5
2.9 -0.9000000000000181 0.6000000000000001
2.9 -0.9000000000000181 0.7000000000000001
2.9 -0.9000000000000181 0.8
2.9 -0.9000000000000181 0.9
2.9 -0.9000000000000181 1.0
2.9 -0.9000000000000181 1.1
2.9 -0.9000000000000181 1.2000000000000002
2.9 -0.9000000000000181 1.3
2.9 -0.9000000000000181 1.4000000000000001
2.9 -0.9000000000000181 1.5
2.9 -0.9000000000000181 1.6
2.9 -0.9000000000000181 1.7000000000000002
2.9 -0.9000000000000181 1.8
2.9 -0.9000000000000181 1.9000000000000001
2.9 -0.9000000000000181 2.0
2.9 -0.9000000000000181 2.1
2.9 -0.9000000000000181 2.2
2.9 -0.9000000000000181 2.3000000000000003
2.9 -0.9000000000000181 2.4000000000000004
2.9 -0.9000000000000181 2.5
2.9 -0.8000000000000185 0.0
2.9 -0.8000000000000185 0.1
2.9 -0.8000000000000185 0.2
2.9 -0.8000000000000185 0.30000000000000004
2.9 -0.8000000000000185 0.4
2.9 -0.8000000000000185 0.5
2.9 -0.8000000000000185 0.6000000000000001
2.9 -0.8000000000000185 0.7000000000000001
2.9 -0.8000000000000185 0.8
2.9 -0.8000000000000185 0.9
2.9 -0.8000000000000185 1.0
2.9 -0.8000000000000185 1.1
2.9 -0.8000000000000185 1.2000000000000002
2.9 -0.8000000000000185 1.3
2.9 -0.8000000000000185 1.4000000000000001
2.9 -0.8000000000000185 1.5
2.9 -0.8000000000000185 1.6
2.9 -0.8000000000000185 1.7000000000000002
2.9 -0.8000000000000185 1.8
2.9 -0.8000000000000185 1.9000000000000001
2.9 -0.8000000000000185 2.0
2.9 -0.8000000000000185 2.1
2.9 -0.8000000000000185 2.2
2.9 -0.8000000000000185 2.3000000000000003
2.9 -0.8000000000000185 2.4000000000000004
2.9 -0.8000000000000185 2.5
2.9 -0.7000000000000188 0.0
2.9 -0.7000000000000188 0.1
2.9 -0.7000000000000188 0.2
2.9 -0.7000000000000188 0.30000000000000004
2.9 -0.7000000000000188 0.4
2.9 -0.7000000000000188 0.5
2.9 -0.7000000000000188 0.6000000000000001
2.9 -0.7000000000000188 0.7000000000000001
2.9 -0.7000000000000188 0.8
2.9 -0.7000000000000188 0.9
2.9 -0.7000000000000188 1.0
2.9 -0.7000000000000188 1.1
2.9 -0.7000000000000188 1.2000000000000002
2.9 -0.7000000000000188 1.3
2.9 -0.7000000000000188 1.4000000000000001
2.9 -0.7000000000000188 1.5
2.9 -0.7000000000000188 1.6
2.9 -0.7000000000000188 1.7000000000000002
2.9 -0.7000000000000188 1.8
2.9 -0.7000000000000188 1.9000000000000001
2.9 -0.7000000000000188 2.0
2.9 -0.7000000000000188 2.1
2.9 -0.7000000000000188 2.2
2.9 -0.7000000000000188 2.3000000000000003
2.9 -0.7000000000000188 2.4000000000000004
2.9 -0.7000000000000188 2.5
2.9 -0.6000000000000192 0.0
2.9 -0.6000000000000192 0.1
2.9 -0.6000000000000192 0.2
2.9 -0.6000000000000192 0.30000000000000004
2.9 -0.6000000000000192 0.4
2.9 -0.6000000000000192 0.5
2.9 -0.6000000000000192 0.6000000000000001
2.9 -0.6000000000000192 0.7000000000000001
2.9 -0.6000000000000192 0.8
2.9 -0.6000000000000192 0.9
2.9 -0.6000000000000192 1.0
2.9 -0.6000000000000192 1.1
2.9 -0.6000000000000192 1.2000000000000002
2.9 -0.6000000000000192 1.3
2.9 -0.6000000000000192 1.4000000000000001
2.9 -0.6000000000000192 1.5
2.9 -0.6000000000000192 1.6
2.9 -0.6000000000000192 1.7000000000000002
2.9 -0.6000000000000192 1.8
2.9 -0.6000000000000192 1.9000000000000001
2.9 -0.6000000000000192 2.0
2.9 -0.6000000000000192 2.1
2.9 -0.6000000000000192 2.2
2.9 -0.6000000000000192 2.3000000000000003
2.9 -0.6000000000000192 2.4000000000000004
2.9 -0.6000000000000192 2.5
2.9 -0.5000000000000195 0.0
2.9 -0.5000000000000195 0.1
2.9 -0.5000000000000195 0.2
2.9 -0.5000000000000195 0.30000000000000004
2.9 -0.5000000000000195 0.4
2.9 -0.5000000000000195 0.5
2.9 -0.5000000000000195 0.6000000000000001
2.9 -0.5000000000000195 0.7000000000000001
2.9 -0.5000000000000195 0.8
2.9 -0.5000000000000195 0.9
2.9 -0.5000000000000195 1.0
2.9 -0.5000000000000195 1.1
2.9 -0.5000000000000195 1.2000000000000002
2.9 -0.5000000000000195 1.3
2.9 -0.5000000000000195 1.4000000000000001
2.9 -0.5000000000000195 1.5
2.9 -0.5000000000000195 1.6
2.9 -0.5000000000000195 1.7000000000000002
2.9 -0.5000000000000195 1.8
2.9 -0.5000000000000195 1.9000000000000001
2.9 -0.5000000000000195 2.0
2.9 -0.5000000000000195 2.1
2.9 -0.5000000000000195 2.2
2.9 -0.5000000000000195 2.3000000000000003
2.9 -0.5000000000000195 2.4000000000000004
2.9 -0.5000000000000195 2.5
2.9 -0.4000000000000199 0.0
2.9 -0.4000000000000199 0.1
2.9 -0.4000000000000199 0.2
2.9 -0.4000000000000199 0.30000000000000004
2.9 -0.4000000000000199 0.4
2.9 -0.4000000000000199 0.5
2.9 -0.4000000000000199 0.6000000000000001
2.9 -0.4000000000000199 0.7000000000000001
2.9 -0.4000000000000199 0.8
2.9 -0.4000000000000199 0.9
2.9 -0.4000000000000199 1.0
2.9 -0.4000000000000199 1.1
2.9 -0.4000000000000199 1.2000000000000002
2.9 -0.4000000000000199 1.3
2.9 -0.4000000000000199 1.4000000000000001
2.9 -0.4000000000000199 1.5
2.9 -0.4000000000000199 1.6
2.9 -0.4000000000000199 1.7000000000000002
2.9 -0.4000000000000199 1.8
2.9 -0.4000000000000199 1.9000000000000001
2.9 -0.4000000000000199 2.0
2.9 -0.4000000000000199 2.1
2.9 -0.4000000000000199 2.2
2.9 -0.4000000000000199 2.3000000000000003
2.9 -0.4000000000000199 2.4000000000000004
2.9 -0.4000000000000199 2.5
2.9 -0.30000000000002025 0.0
2.9 -0.30000000000002025 0.1
2.9 -0.30000000000002025 0.2
2.9 -0.30000000000002025 0.30000000000000004
2.9 -0.30000000000002025 0.4
2.9 -0.30000000000002025 0.5
2.9 -0.30000000000002025 0.6000000000000001
2.9 -0.30000000000002025 0.7000000000000001
2.9 -0.30000000000002025 0.8
2.9 -0.30000000000002025 0.9
2.9 -0.30000000000002025 1.0
2.9 -0.30000000000002025 1.1
2.9 -0.30000000000002025 1.2000000000000002
2.9 -0.30000000000002025 1.3
2.9 -0.30000000000002025 1.4000000000000001
2.9 -0.30000000000002025 1.5
2.9 -0.30000000000002025 1.6
2.9 -0.30000000000002025 1.7000000000000002
2.9 -0.30000000000002025 1.8
2.9 -0.30000000000002025 1.9000000000000001
2.9 -0.30000000000002025 2.0
2.9 -0.30000000000002025 2.1
2.9 -0.30000000000002025 2.2
2.9 -0.30000000000002025 2.3000000000000003
2.9 -0.30000000000002025 2.4000000000000004
2.9 -0.30000000000002025 2.5
2.9 -0.2000000000000206 0.0
2.9 -0.2000000000000206 0.1
2.9 -0.2000000000000206 0.2
2.9 -0.2000000000000206 0.30000000000000004
2.9 -0.2000000000000206 0.4
2.9 -0.2000000000000206 0.5
2.9 -0.2000000000000206 0.6000000000000001
2.9 -0.2000000000000206 0.7000000000000001
2.9 -0.2000000000000206 0.8
2.9 -0.2000000000000206 0.9
2.9 -0.2000000000000206 1.0
2.9 -0.2000000000000206 1.1
2.9 -0.2000000000000206 1.2000000000000002
2.9 -0.2000000000000206 1.3
2.9 -0.2000000000000206 1.4000000000000001
2.9 -0.2000000000000206 1.5
2.9 -0.2000000000000206 1.6
2.9 -0.2000000000000206 1.7000000000000002
2.9 -0.2000000000000206 1.8
2.9 -0.2000000000000206 1.9000000000000001
2.9 -0.2000000000000206 2.0
2.9 -0.2000000000000206 2.1
2.9 -0.2000000000000206 2.2
2.9 -0.2000000000000206 2.3000000000000003
2.9 -0.2000000000000206 2.4000000000000004
2.9 -0.2000000000000206 2.5
2.9 -0.10000000000002096 0.0
2.9 -0.10000000000002096 0.1
2.9 -0.10000000000002096 0.2
2.9 -0.10000000000002096 0.30000000000000004
2.9 -0.10000000000002096 0.4
2.9 -0.10000000000002096 0.5
2.9 -0.10000000000002096 0.6000000000000001
2.9 -0.10000000000002096 0.7000000000000001
2.9 -0.10000000000002096 0.8
2.9 -0.10000000000002096 0.9
2.9 -0.10000000000002096 1.0
2.9 -0.10000000000002096 1.1
2.9 -0.10000000000002096 1.2000000000000002
2.9 -0.10000000000002096 1.3
2.9 -0.10000000000002096 1.4000000000000001
2.9 -0.10000000000002096 1.5
2.9 -0.10000000000002096 1.6
2.9 -0.10000000000002096 1.7000000000000002
2.9 -0.10000000000002096 1.8
2.9 -0.10000000000002096 1.9000000000000001
2.9 -0.10000000000002096 2.0
2.9 -0.10000000000002096 2.1
2.9 -0.10000000000002096 2.2
2.9 -0.10000000000002096 2.3000000000000003
2.9 -0.10000000000002096 2.4000000000000004
2.9 -0.10000000000002096 2.5
2.9 -2.1316282072803006e-14 0.0
2.9 -2.1316282072803006e-14 0.1
2.9 -2.1316282072803006e-14 0.2
2.9 -2.1316282072803006e-14 0.30000000000000004
2.9 -2.1316282072803006e-14 0.4
2.9 -2.1316282072803006e-14 0.5
2.9 -2.1316282072803006e-14 0.6000000000000001
2.9 -2.1316282072803006e-14 0.7000000000000001
2.9 -2.1316282072803006e-14 0.8
2.9 -2.1316282072803006e-14 0.9
2.9 -2.1316282072803006e-14 1.0
2.9 -2.1316282072803006e-14 1.1
2.9 -2.1316282072803006e-14 1.2000000000000002
2.9 -2.1316282072803006e-14 1.3
2.9 -2.1316282072803006e-14 1.4000000000000001
2.9 -2.1316282072803006e-14 1.5
2.9 -2.1316282072803006e-14 1.6
2.9 -2.1316282072803006e-14 1.7000000000000002
2.9 -2.1316282072803006e-14 1.8
2.9 -2.1316282072803006e-14 1.9000000000000001
2.9 -2.1316282072803006e-14 2.0
2.9 -2.1316282072803006e-14 2.1
2.9 -2.1316282072803006e-14 2.2
2.9 -2.1316282072803006e-14 2.3000000000000003
2.9 -2.1316282072803006e-14 2.4000000000000004
2.9 -2.1316282072803006e-14 2.5
2.9 0.09999999999997833 0.0
2.9 0.09999999999997833 0.1
2.9 0.09999999999997833 0.2
2.9 0.09999999999997833 0.30000000000000004
2.9 0.09999999999997833 0.4
2.9 0.09999999999997833 0.5
2.9 0.09999999999997833 0.6000000000000001
2.9 0.09999999999997833 0.7000000000000001
2.9 0.09999999999997833 0.8
2.9 0.09999999999997833 0.9
2.9 0.09999999999997833 1.0
2.9 0.09999999999997833 1.1
2.9 0.09999999999997833 1.2000000000000002
2.9 0.09999999999997833 1.3
2.9 0.09999999999997833 1.4000000000000001
2.9 0.09999999999997833 1.5
2.9 0.09999999999997833 1.6
2.9 0.09999999999997833 1.7000000000000002
2.9 0.09999999999997833 1.8
2.9 0.09999999999997833 1.9000000000000001
2.9 0.09999999999997833 2.0
2.9 0.09999999999997833 2.1
2.9 0.09999999999997833 2.2
2.9 0.09999999999997833 2.3000000000000003
2.9 0.09999999999997833 2.4000000000000004
2.9 0.09999999999997833 2.5
2.9 0.19999999999997797 0.0
2.9 0.19999999999997797 0.1
2.9 0.19999999999997797 0.2
2.9 0.19999999999997797 0.30000000000000004
2.9 0.19999999999997797 0.4
2.9 0.19999999999997797 0.5
2.9 0.19999999999997797 0.6000000000000001
2.9 0.19999999999997797 0.7000000000000001
2.9 0.19999999999997797 0.8
2.9 0.19999999999997797 0.9
2.9 0.19999999999997797 1.0
2.9 0.19999999999997797 1.1
2.9 0.19999999999997797 1.2000000000000002
2.9 0.19999999999997797 1.3
2.9 0.19999999999997797 1.4000000000000001
2.9 0.19999999999997797 1.5
2.9 0.19999999999997797 1.6
2.9 0.19999999999997797 1.7000000000000002
2.9 0.19999999999997797 1.8
2.9 0.19999999999997797 1.9000000000000001
2.9 0.19999999999997797 2.0
2.9 0.19999999999997797 2.1
2.9 0.19999999999997797 2.2
2.9 0.19999999999997797 2.3000000000000003
2.9 0.19999999999997797 2.4000000000000004
2.9 0.19999999999997797 2.5
2.9 0.2999999999999776 0.0
2.9 0.2999999999999776 0.1
2.9 0.2999999999999776 0.2
2.9 0.2999999999999776 0.30000000000000004
2.9 0.2999999999999776 0.4
2.9 0.2999999999999776 0.5
2.9 0.2999999999999776 0.6000000000000001
2.9 0.2999999999999776 0.7000000000000001
2.9 0.2999999999999776 0.8
2.9 0.2999999999999776 0.9
2.9 0.2999999999999776 1.0
2.9 0.2999999999999776 1.1
2.9 0.2999999999999776 1.2000000000000002
2.9 0.2999999999999776 1.3
2.9 0.2999999999999776 1.4000000000000001
2.9 0.2999999999999776 1.5
2.9 0.2999999999999776 1.6
2.9 0.2999999999999776 1.7000000000000002
2.9 0.2999999999999776 1.8
2.9 0.2999999999999776 1.9000000000000001
2.9 0.2999999999999776 2.0
2.9 0.2999999999999776 2.1
2.9 0.2999999999999776 2.2
2.9 0.2999999999999776 2.3000000000000003
2.9 0.2999999999999776 2.4000000000000004
2.9 0.2999999999999776 2.5
2.9 0.39999999999997726 0.0
2.9 0.39999999999997726 0.1
2.9 0.39999999999997726 0.2
2.9 0.39999999999997726 0.30000000000000004
2.9 0.39999999999997726 0.4
2.9 0.39999999999997726 0.5
2.9 0.39999999999997726 0.6000000000000001
2.9 0.39999999999997726 0.7000000000000001
2.9 0.39999999999997726 0.8
2.9 0.39999999999997726 0.9
2.9 0.39999999999997726 1.0
2.9 0.39999999999997726 1.1
2.9 0.39999999999997726 1.2000000000000002
2.9 0.39999999999997726 1.3
2.9 0.39999999999997726 1.4000000000000001
2.9 0.39999999999997726 1.5
2.9 0.39999999999997726 1.6
2.9 0.39999999999997726 1.7000000000000002
2.9 0.39999999999997726 1.8
2.9 0.39999999999997726 1.9000000000000001
2.9 0.39999999999997726 2.0
2.9 0.39999999999997726 2.1
2.9 0.39999999999997726 2.2
2.9 0.39999999999997726 2.3000000000000003
2.9 0.39999999999997726 2.4000000000000004
2.9 0.39999999999997726 2.5
2.9 0.4999999999999769 0.0
2.9 0.4999999999999769 0.1
2.9 0.4999999999999769 0.2
2.9 0.4999999999999769 0.30000000000000004
2.9 0.4999999999999769 0.4
2.9 0.4999999999999769 0.5
2.9 0.4999999999999769 0.6000000000000001
2.9 0.4999999999999769 0.7000000000000001
2.9 0.4999999999999769 0.8
2.9 0.4999999999999769 0.9
2.9 0.4999999999999769 1.0
2.9 0.4999999999999769 1.1
2.9 0.4999999999999769 1.2000000000000002
2.9 0.4999999999999769 1.3
2.9 0.4999999999999769 1.4000000000000001
2.9 0.4999999999999769 1.5
2.9 0.4999999999999769 1.6
2.9 0.4999999999999769 1.7000000000000002
2.9 0.4999999999999769 1.8
2.9 0.4999999999999769 1.9000000000000001
2.9 0.4999999999999769 2.0
2.9 0.4999999999999769 2.1
2.9 0.4999999999999769 2.2
2.9 0.4999999999999769 2.3000000000000003
2.9 0.4999999999999769 2.4000000000000004
2.9 0.4999999999999769 2.5
2.9 0.5999999999999766 0.0
2.9 0.5999999999999766 0.1
2.9 0.5999999999999766 0.2
2.9 0.5999999999999766 0.30000000000000004
2.9 0.5999999999999766 0.4
2.9 0.5999999999999766 0.5
2.9 0.5999999999999766 0.6000000000000001
2.9 0.5999999999999766 0.7000000000000001
2.9 0.5999999999999766 0.8
2.9 0.5999999999999766 0.9
2.9 0.5999999999999766 1.0
2.9 0.5999999999999766 1.1
2.9 0.5999999999999766 1.2000000000000002
2.9 0.5999999999999766 1.3
2.9 0.5999999999999766 1.4000000000000001
2.9 0.5999999999999766 1.5
2.9 0.5999999999999766 1.6
2.9 0.5999999999999766 1.7000000000000002
2.9 0.5999999999999766 1.8
2.9 0.5999999999999766 1.9000000000000001
2.9 0.5999999999999766 2.0
2.9 0.5999999999999766 2.1
2.9 0.5999999999999766 2.2
2.9 0.5999999999999766 2.3000000000000003
2.9 0.5999999999999766 2.4000000000000004
2.9 0.5999999999999766 2.5
2.9 0.6999999999999762 0.0
2.9 0.6999999999999762 0.1
2.9 0.6999999999999762 0.2
2.9 0.6999999999999762 0.30000000000000004
2.9 0.6999999999999762 0.4
2.9 0.6999999999999762 0.5
2.9 0.6999999999999762 0.6000000000000001
2.9 0.6999999999999762 0.7000000000000001
2.9 0.6999999999999762 0.8
2.9 0.6999999999999762 0.9
2.9 0.6999999999999762 1.0
2.9 0.6999999999999762 1.1
2.9 0.6999999999999762 1.2000000000000002
2.9 0.6999999999999762 1.3
2.9 0.6999999999999762 1.4000000000000001
2.9 0.6999999999999762 1.5
2.9 0.6999999999999762 1.6
2.9 0.6999999999999762 1.7000000000000002
2.9 0.6999999999999762 1.8
2.9 0.6999999999999762 1.9000000000000001
2.9 0.6999999999999762 2.0
2.9 0.6999999999999762 2.1
2.9 0.6999999999999762 2.2
2.9 0.6999999999999762 2.3000000000000003
2.9 0.6999999999999762 2.4000000000000004
2.9 0.6999999999999762 2.5
2.9 0.7999999999999758 0.0
2.9 0.7999999999999758 0.1
2.9 0.7999999999999758 0.2
2.9 0.7999999999999758 0.30000000000000004
2.9 0.7999999999999758 0.4
2.9 0.7999999999999758 0.5
2.9 0.7999999999999758 0.6000000000000001
2.9 0.7999999999999758 0.7000000000000001
2.9 0.7999999999999758 0.8
2.9 0.7999999999999758 0.9
2.9 0.7999999999999758 1.0
2.9 0.7999999999999758 1.1
2.9 0.7999999999999758 1.2000000000000002
2.9 0.7999999999999758 1.3
2.9 0.7999999999999758 1.4000000000000001
2.9 0.7999999999999758 1.5
2.9 0.7999999999999758 1.6
2.9 0.7999999999999758 1.7000000000000002
2.9 0.7999999999999758 1.8
2.9 0.7999999999999758 1.9000000000000001
2.9 0.7999999999999758 2.0
2.9 0.7999999999999758 2.1
2.9 0.7999999999999758 2.2
2.9 0.7999999999999758 2.3000000000000003
2.9 0.7999999999999758 2.4000000000000004
2.9 0.7999999999999758 2.5
2.9 0.8999999999999755 0.0
2.9 0.8999999999999755 0.1
2.9 0.8999999999999755 0.2
2.9 0.8999999999999755 0.30000000000000004
2.9 0.8999999999999755 0.4
2.9 0.8999999999999755 0.5
2.9 0.8999999999999755 0.6000000000000001
2.9 0.8999999999999755 0.7000000000000001
2.9 0.8999999999999755 0.8
2.9 0.8999999999999755 0.9
2.9 0.8999999999999755 1.0
2.9 0.8999999999999755 1.1
2.9 0.8999999999999755 1.2000000000000002
2.9 0.8999999999999755 1.3
2.9 0.8999999999999755 1.4000000000000001
2.9 0.8999999999999755 1.5
2.9 0.8999999999999755 1.6
2.9 0.8999999999999755 1.7000000000000002
2.9 0.8999999999999755 1.8
2.9 0.8999999999999755 1.9000000000000001
2.9 0.8999999999999755 2.0
2.9 0.8999999999999755 2.1
2.9 0.8999999999999755 2.2
2.9 0.8999999999999755 2.3000000000000003
2.9 0.8999999999999755 2.4000000000000004
2.9 0.8999999999999755 2.5
2.9 0.9999999999999751 0.0
2.9 0.9999999999999751 0.1
2.9 0.9999999999999751 0.2
2.9 0.9999999999999751 0.30000000000000004
2.9 0.9999999999999751 0.4
2.9 0.9999999999999751 0.5
2.9 0.9999999999999751 0.6000000000000001
2.9 0.9999999999999751 0.7000000000000001
2.9 0.9999999999999751 0.8
2.9 0.9999999999999751 0.9
2.9 0.9999999999999751 1.0
2.9 0.9999999999999751 1.1
2.9 0.9999999999999751 1.2000000000000002
2.9 0.9999999999999751 1.3
2.9 0.9999999999999751 1.4000000000000001
2.9 0.9999999999999751 1.5
2.9 0.9999999999999751 1.6
2.9 0.9999999999999751 1.7000000000000002
2.9 0.9999999999999751 1.8
2.9 0.9999999999999751 1.9000000000000001
2.9 0.9999999999999751 2.0
2.9 0.9999999999999751 2.1
2.9 0.9999999999999751 2.2
2.9 0.9999999999999751 2.3000000000000003
2.9 0.9999999999999751 2.4000000000000004
2.9 0.9999999999999751 2.5
2.9 1.0999999999999748 0.0
2.9 1.0999999999999748 0.1
2.9 1.0999999999999748 0.2
2.9 1.0999999999999748 0.30000000000000004
2.9 1.0999999999999748 0.4
2.9 1.0999999999999748 0.5
2.9 1.0999999999999748 0.6000000000000001
2.9 1.0999999999999748 0.7000000000000001
2.9 1.0999999999999748 0.8
2.9 1.0999999999999748 0.9
2.9 1.0999999999999748 1.0
2.9 1.0999999999999748 1.1
2.9 1.0999999999999748 1.2000000000000002
2.9 1.0999999999999748 1.3
2.9 1.0999999999999748 1.4000000000000001
2.9 1.0999999999999748 1.5
2.9 1.0999999999999748 1.6
2.9 1.0999999999999748 1.7000000000000002
2.9 1.0999999999999748 1.8
2.9 1.0999999999999748 1.9000000000000001
2.9 1.0999999999999748 2.0
2.9 1.0999999999999748 2.1
2.9 1.0999999999999748 2.2
2.9 1.0999999999999748 2.3000000000000003
2.9 1.0999999999999748 2.4000000000000004
2.9 1.0999999999999748 2.5
2.9 1.1999999999999744 0.0
2.9 1.1999999999999744 0.1
2.9 1.1999999999999744 0.2
2.9 1.1999999999999744 0.30000000000000004
2.9 1.1999999999999744 0.4
2.9 1.1999999999999744 0.5
2.9 1.1999999999999744 0.6000000000000001
2.9 1.1999999999999744 0.7000000000000001
2.9 1.1999999999999744 0.8
2.9 1.1999999999999744 0.9
2.9 1.1999999999999744 1.0
2.9 1.1999999999999744 1.1
2.9 1.1999999999999744 1.2000000000000002
2.9 1.1999999999999744 1.3
2.9 1.1999999999999744 1.4000000000000001
2.9 1.1999999999999744 1.5
2.9 1.1999999999999744 1.6
2.9 1.1999999999999744 1.7000000000000002
2.9 1.1999999999999744 1.8
2.9 1.1999999999999744 1.9000000000000001
2.9 1.1999999999999744 2.0
2.9 1.1999999999999744 2.1
2.9 1.1999999999999744 2.2
2.9 1.1999999999999744 2.3000000000000003
2.9 1.1999999999999744 2.4000000000000004
2.9 1.1999999999999744 2.5
2.9 1.299999999999974 0.0
2.9 1.299999999999974 0.1
2.9 1.299999999999974 0.2
2.9 1.299999999999974 0.30000000000000004
2.9 1.299999999999974 0.4
2.9 1.299999999999974 0.5
2.9 1.299999999999974 0.6000000000000001
2.9 1.299999999999974 0.7000000000000001
2.9 1.299999999999974 0.8
2.9 1.299999999999974 0.9
2.9 1.299999999999974 1.0
2.9 1.299999999999974 1.1
2.9 1.299999999999974 1.2000000000000002
2.9 1.299999999999974 1.3
2.9 1.299999999999974 1.4000000000000001
2.9 1.299999999999974 1.5
2.9 1.299999999999974 1.6
2.9 1.299999999999974 1.7000000000000002
2.9 1.299999999999974 1.8
2.9 1.299999999999974 1.9000000000000001
2.9 1.299999999999974 2.0
2.9 1.299999999999974 2.1
2.9 1.299999999999974 2.2
2.9 1.299999999999974 2.3000000000000003
2.9 1.299999999999974 2.4000000000000004
2.9 1.299999999999974 2.5
2.9 1.3999999999999737 0.0
2.9 1.3999999999999737 0.1
2.9 1.3999999999999737 0.2
2.9 1.3999999999999737 0.30000000000000004
2.9 1.3999999999999737 0.4
2.9 1.3999999999999737 0.5
2.9 1.3999999999999737 0.6000000000000001
2.9 1.3999999999999737 0.7000000000000001
2.9 1.3999999999999737 0.8
2.9 1.3999999999999737 0.9
2.9 1.3999999999999737 1.0
2.9 1.3999999999999737 1.1
2.9 1.3999999999999737 1.2000000000000002
2.9 1.3999999999999737 1.3
2.9 1.3999999999999737 1.4000000000000001
2.9 1.3999999999999737 1.5
2.9 1.3999999999999737 1.6
2.9 1.3999999999999737 1.7000000000000002
2.9 1.3999999999999737 1.8
2.9 1.3999999999999737 1.9000000000000001
2.9 1.3999999999999737 2.0
2.9 1.3999999999999737 2.1
2.9 1.3999999999999737 2.2
2.9 1.3999999999999737 2.3000000000000003
2.9 1.3999999999999737 2.4000000000000004
2.9 1.3999999999999737 2.5
2.9 1.4999999999999734 0.0
2.9 1.4999999999999734 0.1
2.9 1.4999999999999734 0.2
2.9 1.4999999999999734 0.30000000000000004
2.9 1.4999999999999734 0.4
2.9 1.4999999999999734 0.5
2.9 1.4999999999999734 0.6000000000000001
2.9 1.4999999999999734 0.7000000000000001
2.9 1.4999999999999734 0.8
2.9 1.4999999999999734 0.9
2.9 1.4999999999999734 1.0
2.9 1.4999999999999734 1.1
2.9 1.4999999999999734 1.2000000000000002
2.9 1.4999999999999734 1.3
2.9 1.4999999999999734 1.4000000000000001
2.9 1.4999999999999734 1.5
2.9 1.4999999999999734 1.6
2.9 1.4999999999999734 1.7000000000000002
2.9 1.4999999999999734 1.8
2.9 1.4999999999999734 1.9000000000000001
2.9 1.4999999999999734 2.0
2.9 1.4999999999999734 2.1
2.9 1.4999999999999734 2.2
2.9 1.4999999999999734 2.3000000000000003
2.9 1.4999999999999734 2.4000000000000004
2.9 1.4999999999999734 2.5
2.9 1.599999999999973 0.0
2.9 1.599999999999973 0.1
2.9 1.599999999999973 0.2
2.9 1.599999999999973 0.30000000000000004
2.9 1.599999999999973 0.4
2.9 1.599999999999973 0.5
2.9 1.599999999999973 0.6000000000000001
2.9 1.599999999999973 0.7000000000000001
2.9 1.599999999999973 0.8
2.9 1.599999999999973 0.9
2.9 1.599999999999973 1.0
2.9 1.599999999999973 1.1
2.9 1.599999999999973 1.2000000000000002
2.9 1.599999999999973 1.3
2.9 1.599999999999973 1.4000000000000001
2.9 1.599999999999973 1.5
2.9 1.599999999999973 1.6
2.9 1.599999999999973 1.7000000000000002
2.9 1.599999999999973 1.8
2.9 1.599999999999973 1.9000000000000001
2.9 1.599999999999973 2.0
2.9 1.599999999999973 2.1
2.9 1.599999999999973 2.2
2.9 1.599999999999973 2.3000000000000003
2.9 1.599999999999973 2.4000000000000004
2.9 1.599999999999973 2.5
2.9 1.6999999999999726 0.0
2.9 1.6999999999999726 0.1
2.9 1.6999999999999726 0.2
2.9 1.6999999999999726 0.30000000000000004
2.9 1.6999999999999726 0.4
2.9 1.6999999999999726 0.5
2.9 1.6999999999999726 0.6000000000000001
2.9 1.6999999999999726 0.7000000000000001
2.9 1.6999999999999726 0.8
2.9 1.6999999999999726 0.9
2.9 1.6999999999999726 1.0
2.9 1.6999999999999726 1.1
2.9 1.6999999999999726 1.2000000000000002
2.9 1.6999999999999726 1.3
2.9 1.6999999999999726 1.4000000000000001
2.9 1.6999999999999726 1.5
2.9 1.6999999999999726 1.6
2.9 1.6999999999999726 1.7000000000000002
2.9 1.6999999999999726 1.8
2.9 1.6999999999999726 1.9000000000000001
2.9 1.6999999999999726 2.0
2.9 1.6999999999999726 2.1
2.9 1.6999999999999726 2.2
2.9 1.6999999999999726 2.3000000000000003
2.9 1.6999999999999726 2.4000000000000004
2.9 1.6999999999999726 2.5
2.9 1.7999999999999723 0.0
2.9 1.7999999999999723 0.1
2.9 1.7999999999999723 0.2
2.9 1.7999999999999723 0.30000000000000004
2.9 1.7999999999999723 0.4
2.9 1.7999999999999723 0.5
2.9 1.7999999999999723 0.6000000000000001
2.9 1.7999999999999723 0.7000000000000001
2.9 1.7999999999999723 0.8
2.9 1.7999999999999723 0.9
2.9 1.7999999999999723 1.0
2.9 1.7999999999999723 1.1
2.9 1.7999999999999723 1.2000000000000002
2.9 1.7999999999999723 1.3
2.9 1.7999999999999723 1.4000000000000001
2.9 1.7999999999999723 1.5
2.9 1.7999999999999723 1.6
2.9 1.7999999999999723 1.7000000000000002
2.9 1.7999999999999723 1.8
2.9 1.7999999999999723 1.9000000000000001
2.9 1.7999999999999723 2.0
2.9 1.7999999999999723 2.1
2.9 1.7999999999999723 2.2
2.9 1.7999999999999723 2.3000000000000003
2.9 1.7999999999999723 2.4000000000000004
2.9 1.7999999999999723 2.5
2.9 1.899999999999972 0.0
2.9 1.899999999999972 0.1
2.9 1.899999999999972 0.2
2.9 1.899999999999972 0.30000000000000004
2.9 1.899999999999972 0.4
2.9 1.899999999999972 0.5
2.9 1.899999999999972 0.6000000000000001
2.9 1.899999999999972 0.7000000000000001
2.9 1.899999999999972 0.8
2.9 1.899999999999972 0.9
2.9 1.899999999999972 1.0
2.9 1.899999999999972 1.1
2.9 1.899999999999972 1.2000000000000002
2.9 1.899999999999972 1.3
2.9 1.899999999999972 1.4000000000000001
2.9 1.899999999999972 1.5
2.9 1.899999999999972 1.6
2.9 1.899999999999972 1.7000000000000002
2.9 1.899999999999972 1.8
2.9 1.899999999999972 1.9000000000000001
2.9 1.899999999999972 2.0
2.9 1.899999999999972 2.1
2.9 1.899999999999972 2.2
2.9 1.899999999999972 2.3000000000000003
2.9 1.899999999999972 2.4000000000000004
2.9 1.899999999999972 2.5
2.9 1.9999999999999716 0.0
2.9 1.9999999999999716 0.1
2.9 1.9999999999999716 0.2
2.9 1.9999999999999716 0.30000000000000004
2.9 1.9999999999999716 0.4
2.9 1.9999999999999716 0.5
2.9 1.9999999999999716 0.6000000000000001
2.9 1.9999999999999716 0.7000000000000001
2.9 1.9999999999999716 0.8
2.9 1.9999999999999716 0.9
2.9 1.9999999999999716 1.0
2.9 1.9999999999999716 1.1
2.9 1.9999999999999716 1.2000000000000002
2.9 1.9999999999999716 1.3
2.9 1.9999999999999716 1.4000000000000001
2.9 1.9999999999999716 1.5
2.9 1.9999999999999716 1.6
2.9 1.9999999999999716 1.7000000000000002
2.9 1.9999999999999716 1.8
2.9 1.9999999999999716 1.9000000000000001
2.9 1.9999999999999716 2.0
2.9 1.9999999999999716 2.1
2.9 1.9999999999999716 2.2
2.9 1.9999999999999716 2.3000000000000003
2.9 1.9999999999999716 2.4000000000000004
2.9 1.9999999999999716 2.5
2.9 2.0999999999999712 0.0
2.9 2.0999999999999712 0.1
2.9 2.0999999999999712 0.2
2.9 2.0999999999999712 0.30000000000000004
2.9 2.0999999999999712 0.4
2.9 2.0999999999999712 0.5
2.9 2.0999999999999712 0.6000000000000001
2.9 2.0999999999999712 0.7000000000000001
2.9 2.0999999999999712 0.8
2.9 2.0999999999999712 0.9
2.9 2.0999999999999712 1.0
2.9 2.0999999999999712 1.1
2.9 2.0999999999999712 1.2000000000000002
2.9 2.0999999999999712 1.3
2.9 2.0999999999999712 1.4000000000000001
2.9 2.0999999999999712 1.5
2.9 2.0999999999999712 1.6
2.9 2.0999999999999712 1.7000000000000002
2.9 2.0999999999999712 1.8
2.9 2.0999999999999712 1.9000000000000001
2.9 2.0999999999999712 2.0
2.9 2.0999999999999712 2.1
2.9 2.0999999999999712 2.2
2.9 2.0999999999999712 2.3000000000000003
2.9 2.0999999999999712 2.4000000000000004
2.9 2.0999999999999712 2.5
2.9 2.199999999999971 0.0
2.9 2.199999999999971 0.1
2.9 2.199999999999971 0.2
2.9 2.199999999999971 0.30000000000000004
2.9 2.199999999999971 0.4
2.9 2.199999999999971 0.5
2.9 2.199999999999971 0.6000000000000001
2.9 2.199999999999971 0.7000000000000001
2.9 2.199999999999971 0.8
2.9 2.199999999999971 0.9
2.9 2.199999999999971 1.0
2.9 2.199999999999971 1.1
2.9 2.199999999999971 1.2000000000000002
2.9 2.199999999999971 1.3
2.9 2.199999999999971 1.4000000000000001
2.9 2.199999999999971 1.5
2.9 2.199999999999971 1.6
2.9 2.199999999999971 1.7000000000000002
2.9 2.199999999999971 1.8
2.9 2.199999999999971 1.9000000000000001
2.9 2.199999999999971 2.0
2.9 2.199999999999971 2.1
2.9 2.199999999999971 2.2
2.9 2.199999999999971 2.3000000000000003
2.9 2.199999999999971 2.4000000000000004
2.9 2.199999999999971 2.5
2.9 2.2999999999999705 0.0
2.9 2.2999999999999705 0.1
2.9 2.2999999999999705 0.2
2.9 2.2999999999999705 0.30000000000000004
2.9 2.2999999999999705 0.4
2.9 2.2999999999999705 0.5
2.9 2.2999999999999705 0.6000000000000001
2.9 2.2999999999999705 0.7000000000000001
2.9 2.2999999999999705 0.8
2.9 2.2999999999999705 0.9
2.9 2.2999999999999705 1.0
2.9 2.2999999999999705 1.1
2.9 2.2999999999999705 1.2000000000000002
2.9 2.2999999999999705 1.3
2.9 2.2999999999999705 1.4000000000000001
2.9 2.2999999999999705 1.5
2.9 2.2999999999999705 1.6
2.9 2.2999999999999705 1.7000000000000002
2.9 2.2999999999999705 1.8
2.9 2.2999999999999705 1.9000000000000001
2.9 2.2999999999999705 2.0
2.9 2.2999999999999705 2.1
2.9 2.2999999999999705 2.2
2.9 2.2999999999999705 2.3000000000000003
2.9 2.2999999999999705 2.4000000000000004
2.9 2.2999999999999705 2.5
2.9 2.39999999999997 0.0
2.9 2.39999999999997 0.1
2.9 2.39999999999997 0.2
2.9 2.39999999999997 0.30000000000000004
2.9 2.39999999999997 0.4
2.9 2.39999999999997 0.5
2.9 2.39999999999997 0.6000000000000001
2.9 2.39999999999997 0.7000000000000001
2.9 2.39999999999997 0.8
2.9 2.39999999999997 0.9
2.9 2.39999999999997 1.0
2.9 2.39999999999997 1.1
2.9 2.39999999999997 1.2000000000000002
2.9 2.39999999999997 1.3
2.9 2.39999999999997 1.4000000000000001
2.9 2.39999999999997 1.5
2.9 2.39999999999997 1.6
2.9 2.39999999999997 1.7000000000000002
2.9 2.39999999999997 1.8
2.9 2.39999999999997 1.9000000000000001
2.9 2.39999999999997 2.0
2.9 2.39999999999997 2.1
2.9 2.39999999999997 2.2
2.9 2.39999999999997 2.3000000000000003
2.9 2.39999999999997 2.4000000000000004
2.9 2.39999999999997 2.5
2.9 2.49999999999997 0.0
2.9 2.49999999999997 0.1
2.9 2.49999999999997 0.2
2.9 2.49999999999997 0.30000000000000004
2.9 2.49999999999997 0.4
2.9 2.49999999999997 0.5
2.9 2.49999999999997 0.6000000000000001
2.9 2.49999999999997 0.7000000000000001
2.9 2.49999999999997 0.8
2.9 2.49999999999997 0.9
2.9 2.49999999999997 1.0
2.9 2.49999999999997 1.1
2.9 2.49999999999997 1.2000000000000002
2.9 2.49999999999997 1.3
2.9 2.49999999999997 1.4000000000000001
2.9 2.49999999999997 1.5
2.9 2.49999999999997 1.6
2.9 2.49999999999997 1.7000000000000002
2.9 2.49999999999997 1.8
2.9 2.49999999999997 1.9000000000000001
2.9 2.49999999999997 2.0
2.9 2.49999999999997 2.1
2.9 2.49999999999997 2.2
2.9 2.49999999999997 2.3000000000000003
2.9 2.49999999999997 2.4000000000000004
2.9 2.49999999999997 2.5
2.9 2.5999999999999694 0.0
2.9 2.5999999999999694 0.1
2.9 2.5999999999999694 0.2
2.9 2.5999999999999694 0.30000000000000004
2.9 2.5999999999999694 0.4
2.9 2.5999999999999694 0.5
2.9 2.5999999999999694 0.6000000000000001
2.9 2.5999999999999694 0.7000000000000001
2.9 2.5999999999999694 0.8
2.9 2.5999999999999694 0.9
2.9 2.5999999999999694 1.0
2.9 2.5999999999999694 1.1
2.9 2.5999999999999694 1.2000000000000002
2.9 2.5999999999999694 1.3
2.9 2.5999999999999694 1.4000000000000001
2.9 2.5999999999999694 1.5
2.9 2.5999999999999694 1.6
2.9 2.5999999999999694 1.7000000000000002
2.9 2.5999999999999694 1.8
2.9 2.5999999999999694 1.9000000000000001
2.9 2.5999999999999694 2.0
2.9 2.5999999999999694 2.1
2.9 2.5999999999999694 2.2
2.9 2.5999999999999694 2.3000000000000003
2.9 2.5999999999999694 2.4000000000000004
2.9 2.5999999999999694 2.5
2.9 2.699999999999969 0.0
2.9 2.699999999999969 0.1
2.9 2.699999999999969 0.2
2.9 2.699999999999969 0.30000000000000004
2.9 2.699999999999969 0.4
2.9 2.699999999999969 0.5
2.9 2.699999999999969 0.6000000000000001
2.9 2.699999999999969 0.7000000000000001
2.9 2.699999999999969 0.8
2.9 2.699999999999969 0.9
2.9 2.699999999999969 1.0
2.9 2.699999999999969 1.1
2.9 2.699999999999969 1.2000000000000002
2.9 2.699999999999969 1.3
2.9 2.699999999999969 1.4000000000000001
2.9 2.699999999999969 1.5
2.9 2.699999999999969 1.6
2.9 2.699999999999969 1.7000000000000002
2.9 2.699999999999969 1.8
2.9 2.699999999999969 1.9000000000000001
2.9 2.699999999999969 2.0
2.9 2.699999999999969 2.1
2.9 2.699999999999969 2.2
2.9 2.699999999999969 2.3000000000000003
2.9 2.699999999999969 2.4000000000000004
2.9 2.699999999999969 2.5
2.9 2.7999999999999687 0.0
2.9 2.7999999999999687 0.1
2.9 2.7999999999999687 0.2
2.9 2.7999999999999687 0.30000000000000004
2.9 2.7999999999999687 0.4
2.9 2.7999999999999687 0.5
2.9 2.7999999999999687 0.6000000000000001
2.9 2.7999999999999687 0.7000000000000001
2.9 2.7999999999999687 0.8
2.9 2.7999999999999687 0.9
2.9 2.7999999999999687 1.0
2.9 2.7999999999999687 1.1
2.9 2.7999999999999687 1.2000000000000002
2.9 2.7999999999999687 1.3
2.9 2.7999999999999687 1.4000000000000001
2.9 2.7999999999999687 1.5
2.9 2.7999999999999687 1.6
2.9 2.7999999999999687 1.7000000000000002
2.9 2.7999999999999687 1.8
2.9 2.7999999999999687 1.9000000000000001
2.9 2.7999999999999687 2.0
2.9 2.7999999999999687 2.1
2.9 2.7999999999999687 2.2
2.9 2.7999999999999687 2.3000000000000003
2.9 2.7999999999999687 2.4000000000000004
2.9 2.7999999999999687 2.5
2.9 2.8999999999999684 0.0
2.9 2.8999999999999684 0.1
2.9 2.8999999999999684 0.2
2.9 2.8999999999999684 0.30000000000000004
2.9 2.8999999999999684 0.4
2.9 2.8999999999999684 0.5
2.9 2.8999999999999684 0.6000000000000001
2.9 2.8999999999999684 0.7000000000000001
2.9 2.8999999999999684 0.8
2.9 2.8999999999999684 0.9
2.9 2.8999999999999684 1.0
2.9 2.8999999999999684 1.1
2.9 2.8999999999999684 1.2000000000000002
2.9 2.8999999999999684 1.3
2.9 2.8999999999999684 1.4000000000000001
2.9 2.8999999999999684 1.5
2.9 2.8999999999999684 1.6
2.9 2.8999999999999684 1.7000000000000002
2.9 2.8999999999999684 1.8
2.9 2.8999999999999684 1.9000000000000001
2.9 2.8999999999999684 2.0
2.9 2.8999999999999684 2.1
2.9 2.8999999999999684 2.2
2.9 2.8999999999999684 2.3000000000000003
2.9 2.8999999999999684 2.4000000000000004
2.9 2.8999999999999684 2.5
2.9 2.999999999999968 0.0
2.9 2.999999999999968 0.1
2.9 2.999999999999968 0.2
2.9 2.999999999999968 0.30000000000000004
2.9 2.999999999999968 0.4
2.9 2.999999999999968 0.5
2.9 2.999999999999968 0.6000000000000001
2.9 2.999999999999968 0.7000000000000001
2.9 2.999999999999968 0.8
2.9 2.999999999999968 0.9
2.9 2.999999999999968 1.0
2.9 2.999999999999968 1.1
2.9 2.999999999999968 1.2000000000000002
2.9 2.999999999999968 1.3
2.9 2.999999999999968 1.4000000000000001
2.9 2.999999999999968 1.5
2.9 2.999999999999968 1.6
2.9 2.999999999999968 1.7000000000000002
2.9 2.999999999999968 1.8
2.9 2.999999999999968 1.9000000000000001
2.9 2.999999999999968 2.0
2.9 2.999999999999968 2.1
2.9 2.999999999999968 2.2
2.9 2.999999999999968 2.3000000000000003
2.9 2.999999999999968 2.4000000000000004
2.9 2.999999999999968 2.5
2.9 3.0999999999999677 0.0
2.9 3.0999999999999677 0.1
2.9 3.0999999999999677 0.2
2.9 3.0999999999999677 0.30000000000000004
2.9 3.0999999999999677 0.4
2.9 3.0999999999999677 0.5
2.9 3.0999999999999677 0.6000000000000001
2.9 3.0999999999999677 0.7000000000000001
2.9 3.0999999999999677 0.8
2.9 3.0999999999999677 0.9
2.9 3.0999999999999677 1.0
2.9 3.0999999999999677 1.1
2.9 3.0999999999999677 1.2000000000000002
2.9 3.0999999999999677 1.3
2.9 3.0999999999999677 1.4000000000000001
2.9 3.0999999999999677 1.5
2.9 3.0999999999999677 1.6
2.9 3.0999999999999677 1.7000000000000002
2.9 3.0999999999999677 1.8
2.9 3.0999999999999677 1.9000000000000001
2.9 3.0999999999999677 2.0
2.9 3.0999999999999677 2.1
2.9 3.0999999999999677 2.2
2.9 3.0999999999999677 2.3000000000000003
2.9 3.0999999999999677 2.4000000000000004
2.9 3.0999999999999677 2.5
2.9 3.1999999999999673 0.0
2.9 3.1999999999999673 0.1
2.9 3.1999999999999673 0.2
2.9 3.1999999999999673 0.30000000000000004
2.9 3.1999999999999673 0.4
2.9 3.1999999999999673 0.5
2.9 3.1999999999999673 0.6000000000000001
2.9 3.1999999999999673 0.7000000000000001
2.9 3.1999999999999673 0.8
2.9 3.1999999999999673 0.9
2.9 3.1999999999999673 1.0
2.9 3.1999999999999673 1.1
2.9 3.1999999999999673 1.2000000000000002
2.9 3.1999999999999673 1.3
2.9 3.1999999999999673 1.4000000000000001
2.9 3.1999999999999673 1.5
2.9 3.1999999999999673 1.6
2.9 3.1999999999999673 1.7000000000000002
2.9 3.1999999999999673 1.8
2.9 3.1999999999999673 1.9000000000000001
2.9 3.1999999999999673 2.0
2.9 3.1999999999999673 2.1
2.9 3.1999999999999673 2.2
2.9 3.1999999999999673 2.3000000000000003
2.9 3.1999999999999673 2.4000000000000004
2.9 3.1999999999999673 2.5
2.9 3.299999999999967 0.0
2.9 3.299999999999967 0.1
2.9 3.299999999999967 0.2
2.9 3.299999999999967 0.30000000000000004
2.9 3.299999999999967 0.4
2.9 3.299999999999967 0.5
2.9 3.299999999999967 0.6000000000000001
2.9 3.299999999999967 0.7000000000000001
2.9 3.299999999999967 0.8
2.9 3.299999999999967 0.9
2.9 3.299999999999967 1.0
2.9 3.299999999999967 1.1
2.9 3.299999999999967 1.2000000000000002
2.9 3.299999999999967 1.3
2.9 3.299999999999967 1.4000000000000001
2.9 3.299999999999967 1.5
2.9 3.299999999999967 1.6
2.9 3.299999999999967 1.7000000000000002
2.9 3.299999999999967 1.8
2.9 3.299999999999967 1.9000000000000001
2.9 3.299999999999967 2.0
2.9 3.299999999999967 2.1
2.9 3.299999999999967 2.2
2.9 3.299999999999967 2.3000000000000003
2.9 3.299999999999967 2.4000000000000004
2.9 3.299999999999967 2.5
2.9 3.3999999999999666 0.0
2.9 3.3999999999999666 0.1
2.9 3.3999999999999666 0.2
2.9 3.3999999999999666 0.30000000000000004
2.9 3.3999999999999666 0.4
2.9 3.3999999999999666 0.5
2.9 3.3999999999999666 0.6000000000000001
2.9 3.3999999999999666 0.7000000000000001
2.9 3.3999999999999666 0.8
2.9 3.3999999999999666 0.9
2.9 3.3999999999999666 1.0
2.9 3.3999999999999666 1.1
2.9 3.3999999999999666 1.2000000000000002
2.9 3.3999999999999666 1.3
2.9 3.3999999999999666 1.4000000000000001
2.9 3.3999999999999666 1.5
2.9 3.3999999999999666 1.6
2.9 3.3999999999999666 1.7000000000000002
2.9 3.3999999999999666 1.8
2.9 3.3999999999999666 1.9000000000000001
2.9 3.3999999999999666 2.0
2.9 3.3999999999999666 2.1
2.9 3.3999999999999666 2.2
2.9 3.3999999999999666 2.3000000000000003
2.9 3.3999999999999666 2.4000000000000004
2.9 3.3999999999999666 2.5
2.9 3.4999999999999662 0.0
2.9 3.4999999999999662 0.1
2.9 3.4999999999999662 0.2
2.9 3.4999999999999662 0.30000000000000004
2.9 3.4999999999999662 0.4
2.9 3.4999999999999662 0.5
2.9 3.4999999999999662 0.6000000000000001
2.9 3.4999999999999662 0.7000000000000001
2.9 3.4999999999999662 0.8
2.9 3.4999999999999662 0.9
2.9 3.4999999999999662 1.0
2.9 3.4999999999999662 1.1
2.9 3.4999999999999662 1.2000000000000002
2.9 3.4999999999999662 1.3
2.9 3.4999999999999662 1.4000000000000001
2.9 3.4999999999999662 1.5
2.9 3.4999999999999662 1.6
2.9 3.4999999999999662 1.7000000000000002
2.9 3.4999999999999662 1.8
2.9 3.4999999999999662 1.9000000000000001
2.9 3.4999999999999662 2.0
2.9 3.4999999999999662 2.1
2.9 3.4999999999999662 2.2
2.9 3.4999999999999662 2.3000000000000003
2.9 3.4999999999999662 2.4000000000000004
2.9 3.4999999999999662 2.5
2.9 3.599999999999966 0.0
2.9 3.599999999999966 0.1
2.9 3.599999999999966 0.2
2.9 3.599999999999966 0.30000000000000004
2.9 3.599999999999966 0.4
2.9 3.599999999999966 0.5
2.9 3.599999999999966 0.6000000000000001
2.9 3.599999999999966 0.7000000000000001
2.9 3.599999999999966 0.8
2.9 3.599999999999966 0.9
2.9 3.599999999999966 1.0
2.9 3.599999999999966 1.1
2.9 3.599999999999966 1.2000000000000002
2.9 3.599999999999966 1.3
2.9 3.599999999999966 1.4000000000000001
2.9 3.599999999999966 1.5
2.9 3.599999999999966 1.6
2.9 3.599999999999966 1.7000000000000002
2.9 3.599999999999966 1.8
2.9 3.599999999999966 1.9000000000000001
2.9 3.599999999999966 2.0
2.9 3.599999999999966 2.1
2.9 3.599999999999966 2.2
2.9 3.599999999999966 2.3000000000000003
2.9 3.599999999999966 2.4000000000000004
2.9 3.599999999999966 2.5
2.9 3.6999999999999655 0.0
2.9 3.6999999999999655 0.1
2.9 3.6999999999999655 0.2
2.9 3.6999999999999655 0.30000000000000004
2.9 3.6999999999999655 0.4
2.9 3.6999999999999655 0.5
2.9 3.6999999999999655 0.6000000000000001
2.9 3.6999999999999655 0.7000000000000001
2.9 3.6999999999999655 0.8
2.9 3.6999999999999655 0.9
2.9 3.6999999999999655 1.0
2.9 3.6999999999999655 1.1
2.9 3.6999999999999655 1.2000000000000002
2.9 3.6999999999999655 1.3
2.9 3.6999999999999655 1.4000000000000001
2.9 3.6999999999999655 1.5
2.9 3.6999999999999655 1.6
2.9 3.6999999999999655 1.7000000000000002
2.9 3.6999999999999655 1.8
2.9 3.6999999999999655 1.9000000000000001
2.9 3.6999999999999655 2.0
2.9 3.6999999999999655 2.1
2.9 3.6999999999999655 2.2
2.9 3.6999999999999655 2.3000000000000003
2.9 3.6999999999999655 2.4000000000000004
2.9 3.6999999999999655 2.5
2.9 3.799999999999965 0.0
2.9 3.799999999999965 0.1
2.9 3.799999999999965 0.2
2.9 3.799999999999965 0.30000000000000004
2.9 3.799999999999965 0.4
2.9 3.799999999999965 0.5
2.9 3.799999999999965 0.6000000000000001
2.9 3.799999999999965 0.7000000000000001
2.9 3.799999999999965 0.8
2.9 3.799999999999965 0.9
2.9 3.799999999999965 1.0
2.9 3.799999999999965 1.1
2.9 3.799999999999965 1.2000000000000002
2.9 3.799999999999965 1.3
2.9 3.799999999999965 1.4000000000000001
2.9 3.799999999999965 1.5
2.9 3.799999999999965 1.6
2.9 3.799999999999965 1.7000000000000002
2.9 3.799999999999965 1.8
2.9 3.799999999999965 1.9000000000000001
2.9 3.799999999999965 2.0
2.9 3.799999999999965 2.1
2.9 3.799999999999965 2.2
2.9 3.799999999999965 2.3000000000000003
2.9 3.799999999999965 2.4000000000000004
2.9 3.799999999999965 2.5
2.9 3.899999999999965 0.0
2.9 3.899999999999965 0.1
2.9 3.899999999999965 0.2
2.9 3.899999999999965 0.30000000000000004
2.9 3.899999999999965 0.4
2.9 3.899999999999965 0.5
2.9 3.899999999999965 0.6000000000000001
2.9 3.899999999999965 0.7000000000000001
2.9 3.899999999999965 0.8
2.9 3.899999999999965 0.9
2.9 3.899999999999965 1.0
2.9 3.899999999999965 1.1
2.9 3.899999999999965 1.2000000000000002
2.9 3.899999999999965 1.3
2.9 3.899999999999965 1.4000000000000001
2.9 3.899999999999965 1.5
2.9 3.899999999999965 1.6
2.9 3.899999999999965 1.7000000000000002
2.9 3.899999999999965 1.8
2.9 3.899999999999965 1.9000000000000001
2.9 3.899999999999965 2.0
2.9 3.899999999999965 2.1
2.9 3.899999999999965 2.2
2.9 3.899999999999965 2.3000000000000003
2.9 3.899999999999965 2.4000000000000004
2.9 3.899999999999965 2.5
2.9 3.9999999999999645 0.0
2.9 3.9999999999999645 0.1
2.9 3.9999999999999645 0.2
2.9 3.9999999999999645 0.30000000000000004
2.9 3.9999999999999645 0.4
2.9 3.9999999999999645 0.5
2.9 3.9999999999999645 0.6000000000000001
2.9 3.9999999999999645 0.7000000000000001
2.9 3.9999999999999645 0.8
2.9 3.9999999999999645 0.9
2.9 3.9999999999999645 1.0
2.9 3.9999999999999645 1.1
2.9 3.9999999999999645 1.2000000000000002
2.9 3.9999999999999645 1.3
2.9 3.9999999999999645 1.4000000000000001
2.9 3.9999999999999645 1.5
2.9 3.9999999999999645 1.6
2.9 3.9999999999999645 1.7000000000000002
2.9 3.9999999999999645 1.8
2.9 3.9999999999999645 1.9000000000000001
2.9 3.9999999999999645 2.0
2.9 3.9999999999999645 2.1
2.9 3.9999999999999645 2.2
2.9 3.9999999999999645 2.3000000000000003
2.9 3.9999999999999645 2.4000000000000004
2.9 3.9999999999999645 2.5
2.9 4.099999999999964 0.0
2.9 4.099999999999964 0.1
2.9 4.099999999999964 0.2
2.9 4.099999999999964 0.30000000000000004
2.9 4.099999999999964 0.4
2.9 4.099999999999964 0.5
2.9 4.099999999999964 0.6000000000000001
2.9 4.099999999999964 0.7000000000000001
2.9 4.099999999999964 0.8
2.9 4.099999999999964 0.9
2.9 4.099999999999964 1.0
2.9 4.099999999999964 1.1
2.9 4.099999999999964 1.2000000000000002
2.9 4.099999999999964 1.3
2.9 4.099999999999964 1.4000000000000001
2.9 4.099999999999964 1.5
2.9 4.099999999999964 1.6
2.9 4.099999999999964 1.7000000000000002
2.9 4.099999999999964 1.8
2.9 4.099999999999964 1.9000000000000001
2.9 4.099999999999964 2.0
2.9 4.099999999999964 2.1
2.9 4.099999999999964 2.2
2.9 4.099999999999964 2.3000000000000003
2.9 4.099999999999964 2.4000000000000004
2.9 4.099999999999964 2.5
2.9 4.199999999999964 0.0
2.9 4.199999999999964 0.1
2.9 4.199999999999964 0.2
2.9 4.199999999999964 0.30000000000000004
2.9 4.199999999999964 0.4
2.9 4.199999999999964 0.5
2.9 4.199999999999964 0.6000000000000001
2.9 4.199999999999964 0.7000000000000001
2.9 4.199999999999964 0.8
2.9 4.199999999999964 0.9
2.9 4.199999999999964 1.0
2.9 4.199999999999964 1.1
2.9 4.199999999999964 1.2000000000000002
2.9 4.199999999999964 1.3
2.9 4.199999999999964 1.4000000000000001
2.9 4.199999999999964 1.5
2.9 4.199999999999964 1.6
2.9 4.199999999999964 1.7000000000000002
2.9 4.199999999999964 1.8
2.9 4.199999999999964 1.9000000000000001
2.9 4.199999999999964 2.0
2.9 4.199999999999964 2.1
2.9 4.199999999999964 2.2
2.9 4.199999999999964 2.3000000000000003
2.9 4.199999999999964 2.4000000000000004
2.9 4.199999999999964 2.5
2.9 4.299999999999963 0.0
2.9 4.299999999999963 0.1
2.9 4.299999999999963 0.2
2.9 4.299999999999963 0.30000000000000004
2.9 4.299999999999963 0.4
2.9 4.299999999999963 0.5
2.9 4.299999999999963 0.6000000000000001
2.9 4.299999999999963 0.7000000000000001
2.9 4.299999999999963 0.8
2.9 4.299999999999963 0.9
2.9 4.299999999999963 1.0
2.9 4.299999999999963 1.1
2.9 4.299999999999963 1.2000000000000002
2.9 4.299999999999963 1.3
2.9 4.299999999999963 1.4000000000000001
2.9 4.299999999999963 1.5
2.9 4.299999999999963 1.6
2.9 4.299999999999963 1.7000000000000002
2.9 4.299999999999963 1.8
2.9 4.299999999999963 1.9000000000000001
2.9 4.299999999999963 2.0
2.9 4.299999999999963 2.1
2.9 4.299999999999963 2.2
2.9 4.299999999999963 2.3000000000000003
2.9 4.299999999999963 2.4000000000000004
2.9 4.299999999999963 2.5
2.9 4.399999999999963 0.0
2.9 4.399999999999963 0.1
2.9 4.399999999999963 0.2
2.9 4.399999999999963 0.30000000000000004
2.9 4.399999999999963 0.4
2.9 4.399999999999963 0.5
2.9 4.399999999999963 0.6000000000000001
2.9 4.399999999999963 0.7000000000000001
2.9 4.399999999999963 0.8
2.9 4.399999999999963 0.9
2.9 4.399999999999963 1.0
2.9 4.399999999999963 1.1
2.9 4.399999999999963 1.2000000000000002
2.9 4.399999999999963 1.3
2.9 4.399999999999963 1.4000000000000001
2.9 4.399999999999963 1.5
2.9 4.399999999999963 1.6
2.9 4.399999999999963 1.7000000000000002
2.9 4.399999999999963 1.8
2.9 4.399999999999963 1.9000000000000001
2.9 4.399999999999963 2.0
2.9 4.399999999999963 2.1
2.9 4.399999999999963 2.2
2.9 4.399999999999963 2.3000000000000003
2.9 4.399999999999963 2.4000000000000004
2.9 4.399999999999963 2.5
2.9 4.499999999999963 0.0
2.9 4.499999999999963 0.1
2.9 4.499999999999963 0.2
2.9 4.499999999999963 0.30000000000000004
2.9 4.499999999999963 0.4
2.9 4.499999999999963 0.5
2.9 4.499999999999963 0.6000000000000001
2.9 4.499999999999963 0.7000000000000001
2.9 4.499999999999963 0.8
2.9 4.499999999999963 0.9
2.9 4.499999999999963 1.0
2.9 4.499999999999963 1.1
2.9 4.499999999999963 1.2000000000000002
2.9 4.499999999999963 1.3
2.9 4.499999999999963 1.4000000000000001
2.9 4.499999999999963 1.5
2.9 4.499999999999963 1.6
2.9 4.499999999999963 1.7000000000000002
2.9 4.499999999999963 1.8
2.9 4.499999999999963 1.9000000000000001
2.9 4.499999999999963 2.0
2.9 4.499999999999963 2.1
2.9 4.499999999999963 2.2
2.9 4.499999999999963 2.3000000000000003
2.9 4.499999999999963 2.4000000000000004
2.9 4.499999999999963 2.5
2.9 4.599999999999962 0.0
2.9 4.599999999999962 0.1
2.9 4.599999999999962 0.2
2.9 4.599999999999962 0.30000000000000004
2.9 4.599999999999962 0.4
2.9 4.599999999999962 0.5
2.9 4.599999999999962 0.6000000000000001
2.9 4.599999999999962 0.7000000000000001
2.9 4.599999999999962 0.8
2.9 4.599999999999962 0.9
2.9 4.599999999999962 1.0
2.9 4.599999999999962 1.1
2.9 4.599999999999962 1.2000000000000002
2.9 4.599999999999962 1.3
2.9 4.599999999999962 1.4000000000000001
2.9 4.599999999999962 1.5
2.9 4.599999999999962 1.6
2.9 4.599999999999962 1.7000000000000002
2.9 4.599999999999962 1.8
2.9 4.599999999999962 1.9000000000000001
2.9 4.599999999999962 2.0
2.9 4.599999999999962 2.1
2.9 4.599999999999962 2.2
2.9 4.599999999999962 2.3000000000000003
2.9 4.599999999999962 2.4000000000000004
2.9 4.599999999999962 2.5
2.9 4.699999999999962 0.0
2.9 4.699999999999962 0.1
2.9 4.699999999999962 0.2
2.9 4.699999999999962 0.30000000000000004
2.9 4.699999999999962 0.4
2.9 4.699999999999962 0.5
2.9 4.699999999999962 0.6000000000000001
2.9 4.699999999999962 0.7000000000000001
2.9 4.699999999999962 0.8
2.9 4.699999999999962 0.9
2.9 4.699999999999962 1.0
2.9 4.699999999999962 1.1
2.9 4.699999999999962 1.2000000000000002
2.9 4.699999999999962 1.3
2.9 4.699999999999962 1.4000000000000001
2.9 4.699999999999962 1.5
2.9 4.699999999999962 1.6
2.9 4.699999999999962 1.7000000000000002
2.9 4.699999999999962 1.8
2.9 4.699999999999962 1.9000000000000001
2.9 4.699999999999962 2.0
2.9 4.699999999999962 2.1
2.9 4.699999999999962 2.2
2.9 4.699999999999962 2.3000000000000003
2.9 4.699999999999962 2.4000000000000004
2.9 4.699999999999962 2.5
2.9 4.799999999999962 0.0
2.9 4.799999999999962 0.1
2.9 4.799999999999962 0.2
2.9 4.799999999999962 0.30000000000000004
2.9 4.799999999999962 0.4
2.9 4.799999999999962 0.5
2.9 4.799999999999962 0.6000000000000001
2.9 4.799999999999962 0.7000000000000001
2.9 4.799999999999962 0.8
2.9 4.799999999999962 0.9
2.9 4.799999999999962 1.0
2.9 4.799999999999962 1.1
2.9 4.799999999999962 1.2000000000000002
2.9 4.799999999999962 1.3
2.9 4.799999999999962 1.4000000000000001
2.9 4.799999999999962 1.5
2.9 4.799999999999962 1.6
2.9 4.799999999999962 1.7000000000000002
2.9 4.799999999999962 1.8
2.9 4.799999999999962 1.9000000000000001
2.9 4.799999999999962 2.0
2.9 4.799999999999962 2.1
2.9 4.799999999999962 2.2
2.9 4.799999999999962 2.3000000000000003
2.9 4.799999999999962 2.4000000000000004
2.9 4.799999999999962 2.5
2.9 4.899999999999961 0.0
2.9 4.899999999999961 0.1
2.9 4.899999999999961 0.2
2.9 4.899999999999961 0.30000000000000004
2.9 4.899999999999961 0.4
2.9 4.899999999999961 0.5
2.9 4.899999999999961 0.6000000000000001
2.9 4.899999999999961 0.7000000000000001
2.9 4.899999999999961 0.8
2.9 4.899999999999961 0.9
2.9 4.899999999999961 1.0
2.9 4.899999999999961 1.1
2.9 4.899999999999961 1.2000000000000002
2.9 4.899999999999961 1.3
2.9 4.899999999999961 1.4000000000000001
2.9 4.899999999999961 1.5
2.9 4.899999999999961 1.6
2.9 4.899999999999961 1.7000000000000002
2.9 4.899999999999961 1.8
2.9 4.899999999999961 1.9000000000000001
2.9 4.899999999999961 2.0
2.9 4.899999999999961 2.1
2.9 4.899999999999961 2.2
2.9 4.899999999999961 2.3000000000000003
2.9 4.899999999999961 2.4000000000000004
2.9 4.899999999999961 2.5
2.9 4.999999999999961 0.0
2.9 4.999999999999961 0.1
2.9 4.999999999999961 0.2
2.9 4.999999999999961 0.30000000000000004
2.9 4.999999999999961 0.4
2.9 4.999999999999961 0.5
2.9 4.999999999999961 0.6000000000000001
2.9 4.999999999999961 0.7000000000000001
2.9 4.999999999999961 0.8
2.9 4.999999999999961 0.9
2.9 4.999999999999961 1.0
2.9 4.999999999999961 1.1
2.9 4.999999999999961 1.2000000000000002
2.9 4.999999999999961 1.3
2.9 4.999999999999961 1.4000000000000001
2.9 4.999999999999961 1.5
2.9 4.999999999999961 1.6
2.9 4.999999999999961 1.7000000000000002
2.9 4.999999999999961 1.8
2.9 4.999999999999961 1.9000000000000001
2.9 4.999999999999961 2.0
2.9 4.999999999999961 2.1
2.9 4.999999999999961 2.2
2.9 4.999999999999961 2.3000000000000003
2.9 4.999999999999961 2.4000000000000004
2.9 4.999999999999961 2.5
2.9 5.099999999999961 0.0
2.9 5.099999999999961 0.1
2.9 5.099999999999961 0.2
2.9 5.099999999999961 0.30000000000000004
2.9 5.099999999999961 0.4
2.9 5.099999999999961 0.5
2.9 5.099999999999961 0.6000000000000001
2.9 5.099999999999961 0.7000000000000001
2.9 5.099999999999961 0.8
2.9 5.099999999999961 0.9
2.9 5.099999999999961 1.0
2.9 5.099999999999961 1.1
2.9 5.099999999999961 1.2000000000000002
2.9 5.099999999999961 1.3
2.9 5.099999999999961 1.4000000000000001
2.9 5.099999999999961 1.5
2.9 5.099999999999961 1.6
2.9 5.099999999999961 1.7000000000000002
2.9 5.099999999999961 1.8
2.9 5.099999999999961 1.9000000000000001
2.9 5.099999999999961 2.0
2.9 5.099999999999961 2.1
2.9 5.099999999999961 2.2
2.9 5.099999999999961 2.3000000000000003
2.9 5.099999999999961 2.4000000000000004
2.9 5.099999999999961 2.5
2.9 5.19999999999996 0.0
2.9 5.19999999999996 0.1
2.9 5.19999999999996 0.2
2.9 5.19999999999996 0.30000000000000004
2.9 5.19999999999996 0.4
2.9 5.19999999999996 0.5
2.9 5.19999999999996 0.6000000000000001
2.9 5.19999999999996 0.7000000000000001
2.9 5.19999999999996 0.8
2.9 5.19999999999996 0.9
2.9 5.19999999999996 1.0
2.9 5.19999999999996 1.1
2.9 5.19999999999996 1.2000000000000002
2.9 5.19999999999996 1.3
2.9 5.19999999999996 1.4000000000000001
2.9 5.19999999999996 1.5
2.9 5.19999999999996 1.6
2.9 5.19999999999996 1.7000000000000002
2.9 5.19999999999996 1.8
2.9 5.19999999999996 1.9000000000000001
2.9 5.19999999999996 2.0
2.9 5.19999999999996 2.1
2.9 5.19999999999996 2.2
2.9 5.19999999999996 2.3000000000000003
2.9 5.19999999999996 2.4000000000000004
2.9 5.19999999999996 2.5
2.9 5.29999999999996 0.0
2.9 5.29999999999996 0.1
2.9 5.29999999999996 0.2
2.9 5.29999999999996 0.30000000000000004
2.9 5.29999999999996 0.4
2.9 5.29999999999996 0.5
2.9 5.29999999999996 0.6000000000000001
2.9 5.29999999999996 0.7000000000000001
2.9 5.29999999999996 0.8
2.9 5.29999999999996 0.9
2.9 5.29999999999996 1.0
2.9 5.29999999999996 1.1
2.9 5.29999999999996 1.2000000000000002
2.9 5.29999999999996 1.3
2.9 5.29999999999996 1.4000000000000001
2.9 5.29999999999996 1.5
2.9 5.29999999999996 1.6
2.9 5.29999999999996 1.7000000000000002
2.9 5.29999999999996 1.8
2.9 5.29999999999996 1.9000000000000001
2.9 5.29999999999996 2.0
2.9 5.29999999999996 2.1
2.9 5.29999999999996 2.2
2.9 5.29999999999996 2.3000000000000003
2.9 5.29999999999996 2.4000000000000004
2.9 5.29999999999996 2.5
2.9 5.3999999999999595 0.0
2.9 5.3999999999999595 0.1
2.9 5.3999999999999595 0.2
2.9 5.3999999999999595 0.30000000000000004
2.9 5.3999999999999595 0.4
2.9 5.3999999999999595 0.5
2.9 5.3999999999999595 0.6000000000000001
2.9 5.3999999999999595 0.7000000000000001
2.9 5.3999999999999595 0.8
2.9 5.3999999999999595 0.9
2.9 5.3999999999999595 1.0
2.9 5.3999999999999595 1.1
2.9 5.3999999999999595 1.2000000000000002
2.9 5.3999999999999595 1.3
2.9 5.3999999999999595 1.4000000000000001
2.9 5.3999999999999595 1.5
2.9 5.3999999999999595 1.6
2.9 5.3999999999999595 1.7000000000000002
2.9 5.3999999999999595 1.8
2.9 5.3999999999999595 1.9000000000000001
2.9 5.3999999999999595 2.0
2.9 5.3999999999999595 2.1
2.9 5.3999999999999595 2.2
2.9 5.3999999999999595 2.3000000000000003
2.9 5.3999999999999595 2.4000000000000004
2.9 5.3999999999999595 2.5
2.9 5.499999999999959 0.0
2.9 5.499999999999959 0.1
2.9 5.499999999999959 0.2
2.9 5.499999999999959 0.30000000000000004
2.9 5.499999999999959 0.4
2.9 5.499999999999959 0.5
2.9 5.499999999999959 0.6000000000000001
2.9 5.499999999999959 0.7000000000000001
2.9 5.499999999999959 0.8
2.9 5.499999999999959 0.9
2.9 5.499999999999959 1.0
2.9 5.499999999999959 1.1
2.9 5.499999999999959 1.2000000000000002
2.9 5.499999999999959 1.3
2.9 5.499999999999959 1.4000000000000001
2.9 5.499999999999959 1.5
2.9 5.499999999999959 1.6
2.9 5.499999999999959 1.7000000000000002
2.9 5.499999999999959 1.8
2.9 5.499999999999959 1.9000000000000001
2.9 5.499999999999959 2.0
2.9 5.499999999999959 2.1
2.9 5.499999999999959 2.2
2.9 5.499999999999959 2.3000000000000003
2.9 5.499999999999959 2.4000000000000004
2.9 5.499999999999959 2.5
2.9 5.599999999999959 0.0
2.9 5.599999999999959 0.1
2.9 5.599999999999959 0.2
2.9 5.599999999999959 0.30000000000000004
2.9 5.599999999999959 0.4
2.9 5.599999999999959 0.5
2.9 5.599999999999959 0.6000000000000001
2.9 5.599999999999959 0.7000000000000001
2.9 5.599999999999959 0.8
2.9 5.599999999999959 0.9
2.9 5.599999999999959 1.0
2.9 5.599999999999959 1.1
2.9 5.599999999999959 1.2000000000000002
2.9 5.599999999999959 1.3
2.9 5.599999999999959 1.4000000000000001
2.9 5.599999999999959 1.5
2.9 5.599999999999959 1.6
2.9 5.599999999999959 1.7000000000000002
2.9 5.599999999999959 1.8
2.9 5.599999999999959 1.9000000000000001
2.9 5.599999999999959 2.0
2.9 5.599999999999959 2.1
2.9 5.599999999999959 2.2
2.9 5.599999999999959 2.3000000000000003
2.9 5.599999999999959 2.4000000000000004
2.9 5.599999999999959 2.5
2.9 5.699999999999958 0.0
2.9 5.699999999999958 0.1
2.9 5.699999999999958 0.2
2.9 5.699999999999958 0.30000000000000004
2.9 5.699999999999958 0.4
2.9 5.699999999999958 0.5
2.9 5.699999999999958 0.6000000000000001
2.9 5.699999999999958 0.7000000000000001
2.9 5.699999999999958 0.8
2.9 5.699999999999958 0.9
2.9 5.699999999999958 1.0
2.9 5.699999999999958 1.1
2.9 5.699999999999958 1.2000000000000002
2.9 5.699999999999958 1.3
2.9 5.699999999999958 1.4000000000000001
2.9 5.699999999999958 1.5
2.9 5.699999999999958 1.6
2.9 5.699999999999958 1.7000000000000002
2.9 5.699999999999958 1.8
2.9 5.699999999999958 1.9000000000000001
2.9 5.699999999999958 2.0
2.9 5.699999999999958 2.1
2.9 5.699999999999958 2.2
2.9 5.699999999999958 2.3000000000000003
2.9 5.699999999999958 2.4000000000000004
2.9 5.699999999999958 2.5
2.9 5.799999999999958 0.0
2.9 5.799999999999958 0.1
2.9 5.799999999999958 0.2
2.9 5.799999999999958 0.30000000000000004
2.9 5.799999999999958 0.4
2.9 5.799999999999958 0.5
2.9 5.799999999999958 0.6000000000000001
2.9 5.799999999999958 0.7000000000000001
2.9 5.799999999999958 0.8
2.9 5.799999999999958 0.9
2.9 5.799999999999958 1.0
2.9 5.799999999999958 1.1
2.9 5.799999999999958 1.2000000000000002
2.9 5.799999999999958 1.3
2.9 5.799999999999958 1.4000000000000001
2.9 5.799999999999958 1.5
2.9 5.799999999999958 1.6
2.9 5.799999999999958 1.7000000000000002
2.9 5.799999999999958 1.8
2.9 5.799999999999958 1.9000000000000001
2.9 5.799999999999958 2.0
2.9 5.799999999999958 2.1
2.9 5.799999999999958 2.2
2.9 5.799999999999958 2.3000000000000003
2.9 5.799999999999958 2.4000000000000004
2.9 5.799999999999958 2.5
2.9 5.899999999999958 0.0
2.9 5.899999999999958 0.1
2.9 5.899999999999958 0.2
2.9 5.899999999999958 0.30000000000000004
2.9 5.899999999999958 0.4
2.9 5.899999999999958 0.5
2.9 5.899999999999958 0.6000000000000001
2.9 5.899999999999958 0.7000000000000001
2.9 5.899999999999958 0.8
2.9 5.899999999999958 0.9
2.9 5.899999999999958 1.0
2.9 5.899999999999958 1.1
2.9 5.899999999999958 1.2000000000000002
2.9 5.899999999999958 1.3
2.9 5.899999999999958 1.4000000000000001
2.9 5.899999999999958 1.5
2.9 5.899999999999958 1.6
2.9 5.899999999999958 1.7000000000000002
2.9 5.899999999999958 1.8
2.9 5.899999999999958 1.9000000000000001
2.9 5.899999999999958 2.0
2.9 5.899999999999958 2.1
2.9 5.899999999999958 2.2
2.9 5.899999999999958 2.3000000000000003
2.9 5.899999999999958 2.4000000000000004
2.9 5.899999999999958 2.5
2.9 5.999999999999957 0.0
2.9 5.999999999999957 0.1
2.9 5.999999999999957 0.2
2.9 5.999999999999957 0.30000000000000004
2.9 5.999999999999957 0.4
2.9 5.999999999999957 0.5
2.9 5.999999999999957 0.6000000000000001
2.9 5.999999999999957 0.7000000000000001
2.9 5.999999999999957 0.8
2.9 5.999999999999957 0.9
2.9 5.999999999999957 1.0
2.9 5.999999999999957 1.1
2.9 5.999999999999957 1.2000000000000002
2.9 5.999999999999957 1.3
2.9 5.999999999999957 1.4000000000000001
2.9 5.999999999999957 1.5
2.9 5.999999999999957 1.6
2.9 5.999999999999957 1.7000000000000002
2.9 5.999999999999957 1.8
2.9 5.999999999999957 1.9000000000000001
2.9 5.999999999999957 2.0
2.9 5.999999999999957 2.1
2.9 5.999999999999957 2.2
2.9 5.999999999999957 2.3000000000000003
2.9 5.999999999999957 2.4000000000000004
2.9 5.999999999999957 2.5
3.0 -6.0 0.0
3.0 -6.0 0.1
3.0 -6.0 0.2
3.0 -6.0 0.30000000000000004
3.0 -6.0 0.4
3.0 -6.0 0.5
3.0 -6.0 0.6000000000000001
3.0 -6.0 0.7000000000000001
3.0 -6.0 0.8
3.0 -6.0 0.9
3.0 -6.0 1.0
3.0 -6.0 1.1
3.0 -6.0 1.2000000000000002
3.0 -6.0 1.3
3.0 -6.0 1.4000000000000001
3.0 -6.0 1.5
3.0 -6.0 1.6
3.0 -6.0 1.7000000000000002
3.0 -6.0 1.8
3.0 -6.0 1.9000000000000001
3.0 -6.0 2.0
3.0 -6.0 2.1
3.0 -6.0 2.2
3.0 -6.0 2.3000000000000003
3.0 -6.0 2.4000000000000004
3.0 -6.0 2.5
3.0 -5.9 0.0
3.0 -5.9 0.1
3.0 -5.9 0.2
3.0 -5.9 0.30000000000000004
3.0 -5.9 0.4
3.0 -5.9 0.5
3.0 -5.9 0.6000000000000001
3.0 -5.9 0.7000000000000001
3.0 -5.9 0.8
3.0 -5.9 0.9
3.0 -5.9 1.0
3.0 -5.9 1.1
3.0 -5.9 1.2000000000000002
3.0 -5.9 1.3
3.0 -5.9 1.4000000000000001
3.0 -5.9 1.5
3.0 -5.9 1.6
3.0 -5.9 1.7000000000000002
3.0 -5.9 1.8
3.0 -5.9 1.9000000000000001
3.0 -5.9 2.0
3.0 -5.9 2.1
3.0 -5.9 2.2
3.0 -5.9 2.3000000000000003
3.0 -5.9 2.4000000000000004
3.0 -5.9 2.5
3.0 -5.800000000000001 0.0
3.0 -5.800000000000001 0.1
3.0 -5.800000000000001 0.2
3.0 -5.800000000000001 0.30000000000000004
3.0 -5.800000000000001 0.4
3.0 -5.800000000000001 0.5
3.0 -5.800000000000001 0.6000000000000001
3.0 -5.800000000000001 0.7000000000000001
3.0 -5.800000000000001 0.8
3.0 -5.800000000000001 0.9
3.0 -5.800000000000001 1.0
3.0 -5.800000000000001 1.1
3.0 -5.800000000000001 1.2000000000000002
3.0 -5.800000000000001 1.3
3.0 -5.800000000000001 1.4000000000000001
3.0 -5.800000000000001 1.5
3.0 -5.800000000000001 1.6
3.0 -5.800000000000001 1.7000000000000002
3.0 -5.800000000000001 1.8
3.0 -5.800000000000001 1.9000000000000001
3.0 -5.800000000000001 2.0
3.0 -5.800000000000001 2.1
3.0 -5.800000000000001 2.2
3.0 -5.800000000000001 2.3000000000000003
3.0 -5.800000000000001 2.4000000000000004
3.0 -5.800000000000001 2.5
3.0 -5.700000000000001 0.0
3.0 -5.700000000000001 0.1
3.0 -5.700000000000001 0.2
3.0 -5.700000000000001 0.30000000000000004
3.0 -5.700000000000001 0.4
3.0 -5.700000000000001 0.5
3.0 -5.700000000000001 0.6000000000000001
3.0 -5.700000000000001 0.7000000000000001
3.0 -5.700000000000001 0.8
3.0 -5.700000000000001 0.9
3.0 -5.700000000000001 1.0
3.0 -5.700000000000001 1.1
3.0 -5.700000000000001 1.2000000000000002
3.0 -5.700000000000001 1.3
3.0 -5.700000000000001 1.4000000000000001
3.0 -5.700000000000001 1.5
3.0 -5.700000000000001 1.6
3.0 -5.700000000000001 1.7000000000000002
3.0 -5.700000000000001 1.8
3.0 -5.700000000000001 1.9000000000000001
3.0 -5.700000000000001 2.0
3.0 -5.700000000000001 2.1
3.0 -5.700000000000001 2.2
3.0 -5.700000000000001 2.3000000000000003
3.0 -5.700000000000001 2.4000000000000004
3.0 -5.700000000000001 2.5
3.0 -5.600000000000001 0.0
3.0 -5.600000000000001 0.1
3.0 -5.600000000000001 0.2
3.0 -5.600000000000001 0.30000000000000004
3.0 -5.600000000000001 0.4
3.0 -5.600000000000001 0.5
3.0 -5.600000000000001 0.6000000000000001
3.0 -5.600000000000001 0.7000000000000001
3.0 -5.600000000000001 0.8
3.0 -5.600000000000001 0.9
3.0 -5.600000000000001 1.0
3.0 -5.600000000000001 1.1
3.0 -5.600000000000001 1.2000000000000002
3.0 -5.600000000000001 1.3
3.0 -5.600000000000001 1.4000000000000001
3.0 -5.600000000000001 1.5
3.0 -5.600000000000001 1.6
3.0 -5.600000000000001 1.7000000000000002
3.0 -5.600000000000001 1.8
3.0 -5.600000000000001 1.9000000000000001
3.0 -5.600000000000001 2.0
3.0 -5.600000000000001 2.1
3.0 -5.600000000000001 2.2
3.0 -5.600000000000001 2.3000000000000003
3.0 -5.600000000000001 2.4000000000000004
3.0 -5.600000000000001 2.5
3.0 -5.500000000000002 0.0
3.0 -5.500000000000002 0.1
3.0 -5.500000000000002 0.2
3.0 -5.500000000000002 0.30000000000000004
3.0 -5.500000000000002 0.4
3.0 -5.500000000000002 0.5
3.0 -5.500000000000002 0.6000000000000001
3.0 -5.500000000000002 0.7000000000000001
3.0 -5.500000000000002 0.8
3.0 -5.500000000000002 0.9
3.0 -5.500000000000002 1.0
3.0 -5.500000000000002 1.1
3.0 -5.500000000000002 1.2000000000000002
3.0 -5.500000000000002 1.3
3.0 -5.500000000000002 1.4000000000000001
3.0 -5.500000000000002 1.5
3.0 -5.500000000000002 1.6
3.0 -5.500000000000002 1.7000000000000002
3.0 -5.500000000000002 1.8
3.0 -5.500000000000002 1.9000000000000001
3.0 -5.500000000000002 2.0
3.0 -5.500000000000002 2.1
3.0 -5.500000000000002 2.2
3.0 -5.500000000000002 2.3000000000000003
3.0 -5.500000000000002 2.4000000000000004
3.0 -5.500000000000002 2.5
3.0 -5.400000000000002 0.0
3.0 -5.400000000000002 0.1
3.0 -5.400000000000002 0.2
3.0 -5.400000000000002 0.30000000000000004
3.0 -5.400000000000002 0.4
3.0 -5.400000000000002 0.5
3.0 -5.400000000000002 0.6000000000000001
3.0 -5.400000000000002 0.7000000000000001
3.0 -5.400000000000002 0.8
3.0 -5.400000000000002 0.9
3.0 -5.400000000000002 1.0
3.0 -5.400000000000002 1.1
3.0 -5.400000000000002 1.2000000000000002
3.0 -5.400000000000002 1.3
3.0 -5.400000000000002 1.4000000000000001
3.0 -5.400000000000002 1.5
3.0 -5.400000000000002 1.6
3.0 -5.400000000000002 1.7000000000000002
3.0 -5.400000000000002 1.8
3.0 -5.400000000000002 1.9000000000000001
3.0 -5.400000000000002 2.0
3.0 -5.400000000000002 2.1
3.0 -5.400000000000002 2.2
3.0 -5.400000000000002 2.3000000000000003
3.0 -5.400000000000002 2.4000000000000004
3.0 -5.400000000000002 2.5
3.0 -5.3000000000000025 0.0
3.0 -5.3000000000000025 0.1
3.0 -5.3000000000000025 0.2
3.0 -5.3000000000000025 0.30000000000000004
3.0 -5.3000000000000025 0.4
3.0 -5.3000000000000025 0.5
3.0 -5.3000000000000025 0.6000000000000001
3.0 -5.3000000000000025 0.7000000000000001
3.0 -5.3000000000000025 0.8
3.0 -5.3000000000000025 0.9
3.0 -5.3000000000000025 1.0
3.0 -5.3000000000000025 1.1
3.0 -5.3000000000000025 1.2000000000000002
3.0 -5.3000000000000025 1.3
3.0 -5.3000000000000025 1.4000000000000001
3.0 -5.3000000000000025 1.5
3.0 -5.3000000000000025 1.6
3.0 -5.3000000000000025 1.7000000000000002
3.0 -5.3000000000000025 1.8
3.0 -5.3000000000000025 1.9000000000000001
3.0 -5.3000000000000025 2.0
3.0 -5.3000000000000025 2.1
3.0 -5.3000000000000025 2.2
3.0 -5.3000000000000025 2.3000000000000003
3.0 -5.3000000000000025 2.4000000000000004
3.0 -5.3000000000000025 2.5
3.0 -5.200000000000003 0.0
3.0 -5.200000000000003 0.1
3.0 -5.200000000000003 0.2
3.0 -5.200000000000003 0.30000000000000004
3.0 -5.200000000000003 0.4
3.0 -5.200000000000003 0.5
3.0 -5.200000000000003 0.6000000000000001
3.0 -5.200000000000003 0.7000000000000001
3.0 -5.200000000000003 0.8
3.0 -5.200000000000003 0.9
3.0 -5.200000000000003 1.0
3.0 -5.200000000000003 1.1
3.0 -5.200000000000003 1.2000000000000002
3.0 -5.200000000000003 1.3
3.0 -5.200000000000003 1.4000000000000001
3.0 -5.200000000000003 1.5
3.0 -5.200000000000003 1.6
3.0 -5.200000000000003 1.7000000000000002
3.0 -5.200000000000003 1.8
3.0 -5.200000000000003 1.9000000000000001
3.0 -5.200000000000003 2.0
3.0 -5.200000000000003 2.1
3.0 -5.200000000000003 2.2
3.0 -5.200000000000003 2.3000000000000003
3.0 -5.200000000000003 2.4000000000000004
3.0 -5.200000000000003 2.5
3.0 -5.100000000000003 0.0
3.0 -5.100000000000003 0.1
3.0 -5.100000000000003 0.2
3.0 -5.100000000000003 0.30000000000000004
3.0 -5.100000000000003 0.4
3.0 -5.100000000000003 0.5
3.0 -5.100000000000003 0.6000000000000001
3.0 -5.100000000000003 0.7000000000000001
3.0 -5.100000000000003 0.8
3.0 -5.100000000000003 0.9
3.0 -5.100000000000003 1.0
3.0 -5.100000000000003 1.1
3.0 -5.100000000000003 1.2000000000000002
3.0 -5.100000000000003 1.3
3.0 -5.100000000000003 1.4000000000000001
3.0 -5.100000000000003 1.5
3.0 -5.100000000000003 1.6
3.0 -5.100000000000003 1.7000000000000002
3.0 -5.100000000000003 1.8
3.0 -5.100000000000003 1.9000000000000001
3.0 -5.100000000000003 2.0
3.0 -5.100000000000003 2.1
3.0 -5.100000000000003 2.2
3.0 -5.100000000000003 2.3000000000000003
3.0 -5.100000000000003 2.4000000000000004
3.0 -5.100000000000003 2.5
3.0 -5.0000000000000036 0.0
3.0 -5.0000000000000036 0.1
3.0 -5.0000000000000036 0.2
3.0 -5.0000000000000036 0.30000000000000004
3.0 -5.0000000000000036 0.4
3.0 -5.0000000000000036 0.5
3.0 -5.0000000000000036 0.6000000000000001
3.0 -5.0000000000000036 0.7000000000000001
3.0 -5.0000000000000036 0.8
3.0 -5.0000000000000036 0.9
3.0 -5.0000000000000036 1.0
3.0 -5.0000000000000036 1.1
3.0 -5.0000000000000036 1.2000000000000002
3.0 -5.0000000000000036 1.3
3.0 -5.0000000000000036 1.4000000000000001
3.0 -5.0000000000000036 1.5
3.0 -5.0000000000000036 1.6
3.0 -5.0000000000000036 1.7000000000000002
3.0 -5.0000000000000036 1.8
3.0 -5.0000000000000036 1.9000000000000001
3.0 -5.0000000000000036 2.0
3.0 -5.0000000000000036 2.1
3.0 -5.0000000000000036 2.2
3.0 -5.0000000000000036 2.3000000000000003
3.0 -5.0000000000000036 2.4000000000000004
3.0 -5.0000000000000036 2.5
3.0 -4.900000000000004 0.0
3.0 -4.900000000000004 0.1
3.0 -4.900000000000004 0.2
3.0 -4.900000000000004 0.30000000000000004
3.0 -4.900000000000004 0.4
3.0 -4.900000000000004 0.5
3.0 -4.900000000000004 0.6000000000000001
3.0 -4.900000000000004 0.7000000000000001
3.0 -4.900000000000004 0.8
3.0 -4.900000000000004 0.9
3.0 -4.900000000000004 1.0
3.0 -4.900000000000004 1.1
3.0 -4.900000000000004 1.2000000000000002
3.0 -4.900000000000004 1.3
3.0 -4.900000000000004 1.4000000000000001
3.0 -4.900000000000004 1.5
3.0 -4.900000000000004 1.6
3.0 -4.900000000000004 1.7000000000000002
3.0 -4.900000000000004 1.8
3.0 -4.900000000000004 1.9000000000000001
3.0 -4.900000000000004 2.0
3.0 -4.900000000000004 2.1
3.0 -4.900000000000004 2.2
3.0 -4.900000000000004 2.3000000000000003
3.0 -4.900000000000004 2.4000000000000004
3.0 -4.900000000000004 2.5
3.0 -4.800000000000004 0.0
3.0 -4.800000000000004 0.1
3.0 -4.800000000000004 0.2
3.0 -4.800000000000004 0.30000000000000004
3.0 -4.800000000000004 0.4
3.0 -4.800000000000004 0.5
3.0 -4.800000000000004 0.6000000000000001
3.0 -4.800000000000004 0.7000000000000001
3.0 -4.800000000000004 0.8
3.0 -4.800000000000004 0.9
3.0 -4.800000000000004 1.0
3.0 -4.800000000000004 1.1
3.0 -4.800000000000004 1.2000000000000002
3.0 -4.800000000000004 1.3
3.0 -4.800000000000004 1.4000000000000001
3.0 -4.800000000000004 1.5
3.0 -4.800000000000004 1.6
3.0 -4.800000000000004 1.7000000000000002
3.0 -4.800000000000004 1.8
3.0 -4.800000000000004 1.9000000000000001
3.0 -4.800000000000004 2.0
3.0 -4.800000000000004 2.1
3.0 -4.800000000000004 2.2
3.0 -4.800000000000004 2.3000000000000003
3.0 -4.800000000000004 2.4000000000000004
3.0 -4.800000000000004 2.5
3.0 -4.700000000000005 0.0
3.0 -4.700000000000005 0.1
3.0 -4.700000000000005 0.2
3.0 -4.700000000000005 0.30000000000000004
3.0 -4.700000000000005 0.4
3.0 -4.700000000000005 0.5
3.0 -4.700000000000005 0.6000000000000001
3.0 -4.700000000000005 0.7000000000000001
3.0 -4.700000000000005 0.8
3.0 -4.700000000000005 0.9
3.0 -4.700000000000005 1.0
3.0 -4.700000000000005 1.1
3.0 -4.700000000000005 1.2000000000000002
3.0 -4.700000000000005 1.3
3.0 -4.700000000000005 1.4000000000000001
3.0 -4.700000000000005 1.5
3.0 -4.700000000000005 1.6
3.0 -4.700000000000005 1.7000000000000002
3.0 -4.700000000000005 1.8
3.0 -4.700000000000005 1.9000000000000001
3.0 -4.700000000000005 2.0
3.0 -4.700000000000005 2.1
3.0 -4.700000000000005 2.2
3.0 -4.700000000000005 2.3000000000000003
3.0 -4.700000000000005 2.4000000000000004
3.0 -4.700000000000005 2.5
3.0 -4.600000000000005 0.0
3.0 -4.600000000000005 0.1
3.0 -4.600000000000005 0.2
3.0 -4.600000000000005 0.30000000000000004
3.0 -4.600000000000005 0.4
3.0 -4.600000000000005 0.5
3.0 -4.600000000000005 0.6000000000000001
3.0 -4.600000000000005 0.7000000000000001
3.0 -4.600000000000005 0.8
3.0 -4.600000000000005 0.9
3.0 -4.600000000000005 1.0
3.0 -4.600000000000005 1.1
3.0 -4.600000000000005 1.2000000000000002
3.0 -4.600000000000005 1.3
3.0 -4.600000000000005 1.4000000000000001
3.0 -4.600000000000005 1.5
3.0 -4.600000000000005 1.6
3.0 -4.600000000000005 1.7000000000000002
3.0 -4.600000000000005 1.8
3.0 -4.600000000000005 1.9000000000000001
3.0 -4.600000000000005 2.0
3.0 -4.600000000000005 2.1
3.0 -4.600000000000005 2.2
3.0 -4.600000000000005 2.3000000000000003
3.0 -4.600000000000005 2.4000000000000004
3.0 -4.600000000000005 2.5
3.0 -4.500000000000005 0.0
3.0 -4.500000000000005 0.1
3.0 -4.500000000000005 0.2
3.0 -4.500000000000005 0.30000000000000004
3.0 -4.500000000000005 0.4
3.0 -4.500000000000005 0.5
3.0 -4.500000000000005 0.6000000000000001
3.0 -4.500000000000005 0.7000000000000001
3.0 -4.500000000000005 0.8
3.0 -4.500000000000005 0.9
3.0 -4.500000000000005 1.0
3.0 -4.500000000000005 1.1
3.0 -4.500000000000005 1.2000000000000002
3.0 -4.500000000000005 1.3
3.0 -4.500000000000005 1.4000000000000001
3.0 -4.500000000000005 1.5
3.0 -4.500000000000005 1.6
3.0 -4.500000000000005 1.7000000000000002
3.0 -4.500000000000005 1.8
3.0 -4.500000000000005 1.9000000000000001
3.0 -4.500000000000005 2.0
3.0 -4.500000000000005 2.1
3.0 -4.500000000000005 2.2
3.0 -4.500000000000005 2.3000000000000003
3.0 -4.500000000000005 2.4000000000000004
3.0 -4.500000000000005 2.5
3.0 -4.400000000000006 0.0
3.0 -4.400000000000006 0.1
3.0 -4.400000000000006 0.2
3.0 -4.400000000000006 0.30000000000000004
3.0 -4.400000000000006 0.4
3.0 -4.400000000000006 0.5
3.0 -4.400000000000006 0.6000000000000001
3.0 -4.400000000000006 0.7000000000000001
3.0 -4.400000000000006 0.8
3.0 -4.400000000000006 0.9
3.0 -4.400000000000006 1.0
3.0 -4.400000000000006 1.1
3.0 -4.400000000000006 1.2000000000000002
3.0 -4.400000000000006 1.3
3.0 -4.400000000000006 1.4000000000000001
3.0 -4.400000000000006 1.5
3.0 -4.400000000000006 1.6
3.0 -4.400000000000006 1.7000000000000002
3.0 -4.400000000000006 1.8
3.0 -4.400000000000006 1.9000000000000001
3.0 -4.400000000000006 2.0
3.0 -4.400000000000006 2.1
3.0 -4.400000000000006 2.2
3.0 -4.400000000000006 2.3000000000000003
3.0 -4.400000000000006 2.4000000000000004
3.0 -4.400000000000006 2.5
3.0 -4.300000000000006 0.0
3.0 -4.300000000000006 0.1
3.0 -4.300000000000006 0.2
3.0 -4.300000000000006 0.30000000000000004
3.0 -4.300000000000006 0.4
3.0 -4.300000000000006 0.5
3.0 -4.300000000000006 0.6000000000000001
3.0 -4.300000000000006 0.7000000000000001
3.0 -4.300000000000006 0.8
3.0 -4.300000000000006 0.9
3.0 -4.300000000000006 1.0
3.0 -4.300000000000006 1.1
3.0 -4.300000000000006 1.2000000000000002
3.0 -4.300000000000006 1.3
3.0 -4.300000000000006 1.4000000000000001
3.0 -4.300000000000006 1.5
3.0 -4.300000000000006 1.6
3.0 -4.300000000000006 1.7000000000000002
3.0 -4.300000000000006 1.8
3.0 -4.300000000000006 1.9000000000000001
3.0 -4.300000000000006 2.0
3.0 -4.300000000000006 2.1
3.0 -4.300000000000006 2.2
3.0 -4.300000000000006 2.3000000000000003
3.0 -4.300000000000006 2.4000000000000004
3.0 -4.300000000000006 2.5
3.0 -4.200000000000006 0.0
3.0 -4.200000000000006 0.1
3.0 -4.200000000000006 0.2
3.0 -4.200000000000006 0.30000000000000004
3.0 -4.200000000000006 0.4
3.0 -4.200000000000006 0.5
3.0 -4.200000000000006 0.6000000000000001
3.0 -4.200000000000006 0.7000000000000001
3.0 -4.200000000000006 0.8
3.0 -4.200000000000006 0.9
3.0 -4.200000000000006 1.0
3.0 -4.200000000000006 1.1
3.0 -4.200000000000006 1.2000000000000002
3.0 -4.200000000000006 1.3
3.0 -4.200000000000006 1.4000000000000001
3.0 -4.200000000000006 1.5
3.0 -4.200000000000006 1.6
3.0 -4.200000000000006 1.7000000000000002
3.0 -4.200000000000006 1.8
3.0 -4.200000000000006 1.9000000000000001
3.0 -4.200000000000006 2.0
3.0 -4.200000000000006 2.1
3.0 -4.200000000000006 2.2
3.0 -4.200000000000006 2.3000000000000003
3.0 -4.200000000000006 2.4000000000000004
3.0 -4.200000000000006 2.5
3.0 -4.100000000000007 0.0
3.0 -4.100000000000007 0.1
3.0 -4.100000000000007 0.2
3.0 -4.100000000000007 0.30000000000000004
3.0 -4.100000000000007 0.4
3.0 -4.100000000000007 0.5
3.0 -4.100000000000007 0.6000000000000001
3.0 -4.100000000000007 0.7000000000000001
3.0 -4.100000000000007 0.8
3.0 -4.100000000000007 0.9
3.0 -4.100000000000007 1.0
3.0 -4.100000000000007 1.1
3.0 -4.100000000000007 1.2000000000000002
3.0 -4.100000000000007 1.3
3.0 -4.100000000000007 1.4000000000000001
3.0 -4.100000000000007 1.5
3.0 -4.100000000000007 1.6
3.0 -4.100000000000007 1.7000000000000002
3.0 -4.100000000000007 1.8
3.0 -4.100000000000007 1.9000000000000001
3.0 -4.100000000000007 2.0
3.0 -4.100000000000007 2.1
3.0 -4.100000000000007 2.2
3.0 -4.100000000000007 2.3000000000000003
3.0 -4.100000000000007 2.4000000000000004
3.0 -4.100000000000007 2.5
3.0 -4.000000000000007 0.0
3.0 -4.000000000000007 0.1
3.0 -4.000000000000007 0.2
3.0 -4.000000000000007 0.30000000000000004
3.0 -4.000000000000007 0.4
3.0 -4.000000000000007 0.5
3.0 -4.000000000000007 0.6000000000000001
3.0 -4.000000000000007 0.7000000000000001
3.0 -4.000000000000007 0.8
3.0 -4.000000000000007 0.9
3.0 -4.000000000000007 1.0
3.0 -4.000000000000007 1.1
3.0 -4.000000000000007 1.2000000000000002
3.0 -4.000000000000007 1.3
3.0 -4.000000000000007 1.4000000000000001
3.0 -4.000000000000007 1.5
3.0 -4.000000000000007 1.6
3.0 -4.000000000000007 1.7000000000000002
3.0 -4.000000000000007 1.8
3.0 -4.000000000000007 1.9000000000000001
3.0 -4.000000000000007 2.0
3.0 -4.000000000000007 2.1
3.0 -4.000000000000007 2.2
3.0 -4.000000000000007 2.3000000000000003
3.0 -4.000000000000007 2.4000000000000004
3.0 -4.000000000000007 2.5
3.0 -3.9000000000000075 0.0
3.0 -3.9000000000000075 0.1
3.0 -3.9000000000000075 0.2
3.0 -3.9000000000000075 0.30000000000000004
3.0 -3.9000000000000075 0.4
3.0 -3.9000000000000075 0.5
3.0 -3.9000000000000075 0.6000000000000001
3.0 -3.9000000000000075 0.7000000000000001
3.0 -3.9000000000000075 0.8
3.0 -3.9000000000000075 0.9
3.0 -3.9000000000000075 1.0
3.0 -3.9000000000000075 1.1
3.0 -3.9000000000000075 1.2000000000000002
3.0 -3.9000000000000075 1.3
3.0 -3.9000000000000075 1.4000000000000001
3.0 -3.9000000000000075 1.5
3.0 -3.9000000000000075 1.6
3.0 -3.9000000000000075 1.7000000000000002
3.0 -3.9000000000000075 1.8
3.0 -3.9000000000000075 1.9000000000000001
3.0 -3.9000000000000075 2.0
3.0 -3.9000000000000075 2.1
3.0 -3.9000000000000075 2.2
3.0 -3.9000000000000075 2.3000000000000003
3.0 -3.9000000000000075 2.4000000000000004
3.0 -3.9000000000000075 2.5
3.0 -3.800000000000008 0.0
3.0 -3.800000000000008 0.1
3.0 -3.800000000000008 0.2
3.0 -3.800000000000008 0.30000000000000004
3.0 -3.800000000000008 0.4
3.0 -3.800000000000008 0.5
3.0 -3.800000000000008 0.6000000000000001
3.0 -3.800000000000008 0.7000000000000001
3.0 -3.800000000000008 0.8
3.0 -3.800000000000008 0.9
3.0 -3.800000000000008 1.0
3.0 -3.800000000000008 1.1
3.0 -3.800000000000008 1.2000000000000002
3.0 -3.800000000000008 1.3
3.0 -3.800000000000008 1.4000000000000001
3.0 -3.800000000000008 1.5
3.0 -3.800000000000008 1.6
3.0 -3.800000000000008 1.7000000000000002
3.0 -3.800000000000008 1.8
3.0 -3.800000000000008 1.9000000000000001
3.0 -3.800000000000008 2.0
3.0 -3.800000000000008 2.1
3.0 -3.800000000000008 2.2
3.0 -3.800000000000008 2.3000000000000003
3.0 -3.800000000000008 2.4000000000000004
3.0 -3.800000000000008 2.5
3.0 -3.700000000000008 0.0
3.0 -3.700000000000008 0.1
3.0 -3.700000000000008 0.2
3.0 -3.700000000000008 0.30000000000000004
3.0 -3.700000000000008 0.4
3.0 -3.700000000000008 0.5
3.0 -3.700000000000008 0.6000000000000001
3.0 -3.700000000000008 0.7000000000000001
3.0 -3.700000000000008 0.8
3.0 -3.700000000000008 0.9
3.0 -3.700000000000008 1.0
3.0 -3.700000000000008 1.1
3.0 -3.700000000000008 1.2000000000000002
3.0 -3.700000000000008 1.3
3.0 -3.700000000000008 1.4000000000000001
3.0 -3.700000000000008 1.5
3.0 -3.700000000000008 1.6
3.0 -3.700000000000008 1.7000000000000002
3.0 -3.700000000000008 1.8
3.0 -3.700000000000008 1.9000000000000001
3.0 -3.700000000000008 2.0
3.0 -3.700000000000008 2.1
3.0 -3.700000000000008 2.2
3.0 -3.700000000000008 2.3000000000000003
3.0 -3.700000000000008 2.4000000000000004
3.0 -3.700000000000008 2.5
3.0 -3.6000000000000085 0.0
3.0 -3.6000000000000085 0.1
3.0 -3.6000000000000085 0.2
3.0 -3.6000000000000085 0.30000000000000004
3.0 -3.6000000000000085 0.4
3.0 -3.6000000000000085 0.5
3.0 -3.6000000000000085 0.6000000000000001
3.0 -3.6000000000000085 0.7000000000000001
3.0 -3.6000000000000085 0.8
3.0 -3.6000000000000085 0.9
3.0 -3.6000000000000085 1.0
3.0 -3.6000000000000085 1.1
3.0 -3.6000000000000085 1.2000000000000002
3.0 -3.6000000000000085 1.3
3.0 -3.6000000000000085 1.4000000000000001
3.0 -3.6000000000000085 1.5
3.0 -3.6000000000000085 1.6
3.0 -3.6000000000000085 1.7000000000000002
3.0 -3.6000000000000085 1.8
3.0 -3.6000000000000085 1.9000000000000001
3.0 -3.6000000000000085 2.0
3.0 -3.6000000000000085 2.1
3.0 -3.6000000000000085 2.2
3.0 -3.6000000000000085 2.3000000000000003
3.0 -3.6000000000000085 2.4000000000000004
3.0 -3.6000000000000085 2.5
3.0 -3.500000000000009 0.0
3.0 -3.500000000000009 0.1
3.0 -3.500000000000009 0.2
3.0 -3.500000000000009 0.30000000000000004
3.0 -3.500000000000009 0.4
3.0 -3.500000000000009 0.5
3.0 -3.500000000000009 0.6000000000000001
3.0 -3.500000000000009 0.7000000000000001
3.0 -3.500000000000009 0.8
3.0 -3.500000000000009 0.9
3.0 -3.500000000000009 1.0
3.0 -3.500000000000009 1.1
3.0 -3.500000000000009 1.2000000000000002
3.0 -3.500000000000009 1.3
3.0 -3.500000000000009 1.4000000000000001
3.0 -3.500000000000009 1.5
3.0 -3.500000000000009 1.6
3.0 -3.500000000000009 1.7000000000000002
3.0 -3.500000000000009 1.8
3.0 -3.500000000000009 1.9000000000000001
3.0 -3.500000000000009 2.0
3.0 -3.500000000000009 2.1
3.0 -3.500000000000009 2.2
3.0 -3.500000000000009 2.3000000000000003
3.0 -3.500000000000009 2.4000000000000004
3.0 -3.500000000000009 2.5
3.0 -3.4000000000000092 0.0
3.0 -3.4000000000000092 0.1
3.0 -3.4000000000000092 0.2
3.0 -3.4000000000000092 0.30000000000000004
3.0 -3.4000000000000092 0.4
3.0 -3.4000000000000092 0.5
3.0 -3.4000000000000092 0.6000000000000001
3.0 -3.4000000000000092 0.7000000000000001
3.0 -3.4000000000000092 0.8
3.0 -3.4000000000000092 0.9
3.0 -3.4000000000000092 1.0
3.0 -3.4000000000000092 1.1
3.0 -3.4000000000000092 1.2000000000000002
3.0 -3.4000000000000092 1.3
3.0 -3.4000000000000092 1.4000000000000001
3.0 -3.4000000000000092 1.5
3.0 -3.4000000000000092 1.6
3.0 -3.4000000000000092 1.7000000000000002
3.0 -3.4000000000000092 1.8
3.0 -3.4000000000000092 1.9000000000000001
3.0 -3.4000000000000092 2.0
3.0 -3.4000000000000092 2.1
3.0 -3.4000000000000092 2.2
3.0 -3.4000000000000092 2.3000000000000003
3.0 -3.4000000000000092 2.4000000000000004
3.0 -3.4000000000000092 2.5
3.0 -3.3000000000000096 0.0
3.0 -3.3000000000000096 0.1
3.0 -3.3000000000000096 0.2
3.0 -3.3000000000000096 0.30000000000000004
3.0 -3.3000000000000096 0.4
3.0 -3.3000000000000096 0.5
3.0 -3.3000000000000096 0.6000000000000001
3.0 -3.3000000000000096 0.7000000000000001
3.0 -3.3000000000000096 0.8
3.0 -3.3000000000000096 0.9
3.0 -3.3000000000000096 1.0
3.0 -3.3000000000000096 1.1
3.0 -3.3000000000000096 1.2000000000000002
3.0 -3.3000000000000096 1.3
3.0 -3.3000000000000096 1.4000000000000001
3.0 -3.3000000000000096 1.5
3.0 -3.3000000000000096 1.6
3.0 -3.3000000000000096 1.7000000000000002
3.0 -3.3000000000000096 1.8
3.0 -3.3000000000000096 1.9000000000000001
3.0 -3.3000000000000096 2.0
3.0 -3.3000000000000096 2.1
3.0 -3.3000000000000096 2.2
3.0 -3.3000000000000096 2.3000000000000003
3.0 -3.3000000000000096 2.4000000000000004
3.0 -3.3000000000000096 2.5
3.0 -3.20000000000001 0.0
3.0 -3.20000000000001 0.1
3.0 -3.20000000000001 0.2
3.0 -3.20000000000001 0.30000000000000004
3.0 -3.20000000000001 0.4
3.0 -3.20000000000001 0.5
3.0 -3.20000000000001 0.6000000000000001
3.0 -3.20000000000001 0.7000000000000001
3.0 -3.20000000000001 0.8
3.0 -3.20000000000001 0.9
3.0 -3.20000000000001 1.0
3.0 -3.20000000000001 1.1
3.0 -3.20000000000001 1.2000000000000002
3.0 -3.20000000000001 1.3
3.0 -3.20000000000001 1.4000000000000001
3.0 -3.20000000000001 1.5
3.0 -3.20000000000001 1.6
3.0 -3.20000000000001 1.7000000000000002
3.0 -3.20000000000001 1.8
3.0 -3.20000000000001 1.9000000000000001
3.0 -3.20000000000001 2.0
3.0 -3.20000000000001 2.1
3.0 -3.20000000000001 2.2
3.0 -3.20000000000001 2.3000000000000003
3.0 -3.20000000000001 2.4000000000000004
3.0 -3.20000000000001 2.5
3.0 -3.1000000000000103 0.0
3.0 -3.1000000000000103 0.1
3.0 -3.1000000000000103 0.2
3.0 -3.1000000000000103 0.30000000000000004
3.0 -3.1000000000000103 0.4
3.0 -3.1000000000000103 0.5
3.0 -3.1000000000000103 0.6000000000000001
3.0 -3.1000000000000103 0.7000000000000001
3.0 -3.1000000000000103 0.8
3.0 -3.1000000000000103 0.9
3.0 -3.1000000000000103 1.0
3.0 -3.1000000000000103 1.1
3.0 -3.1000000000000103 1.2000000000000002
3.0 -3.1000000000000103 1.3
3.0 -3.1000000000000103 1.4000000000000001
3.0 -3.1000000000000103 1.5
3.0 -3.1000000000000103 1.6
3.0 -3.1000000000000103 1.7000000000000002
3.0 -3.1000000000000103 1.8
3.0 -3.1000000000000103 1.9000000000000001
3.0 -3.1000000000000103 2.0
3.0 -3.1000000000000103 2.1
3.0 -3.1000000000000103 2.2
3.0 -3.1000000000000103 2.3000000000000003
3.0 -3.1000000000000103 2.4000000000000004
3.0 -3.1000000000000103 2.5
3.0 -3.0000000000000107 0.0
3.0 -3.0000000000000107 0.1
3.0 -3.0000000000000107 0.2
3.0 -3.0000000000000107 0.30000000000000004
3.0 -3.0000000000000107 0.4
3.0 -3.0000000000000107 0.5
3.0 -3.0000000000000107 0.6000000000000001
3.0 -3.0000000000000107 0.7000000000000001
3.0 -3.0000000000000107 0.8
3.0 -3.0000000000000107 0.9
3.0 -3.0000000000000107 1.0
3.0 -3.0000000000000107 1.1
3.0 -3.0000000000000107 1.2000000000000002
3.0 -3.0000000000000107 1.3
3.0 -3.0000000000000107 1.4000000000000001
3.0 -3.0000000000000107 1.5
3.0 -3.0000000000000107 1.6
3.0 -3.0000000000000107 1.7000000000000002
3.0 -3.0000000000000107 1.8
3.0 -3.0000000000000107 1.9000000000000001
3.0 -3.0000000000000107 2.0
3.0 -3.0000000000000107 2.1
3.0 -3.0000000000000107 2.2
3.0 -3.0000000000000107 2.3000000000000003
3.0 -3.0000000000000107 2.4000000000000004
3.0 -3.0000000000000107 2.5
3.0 -2.900000000000011 0.0
3.0 -2.900000000000011 0.1
3.0 -2.900000000000011 0.2
3.0 -2.900000000000011 0.30000000000000004
3.0 -2.900000000000011 0.4
3.0 -2.900000000000011 0.5
3.0 -2.900000000000011 0.6000000000000001
3.0 -2.900000000000011 0.7000000000000001
3.0 -2.900000000000011 0.8
3.0 -2.900000000000011 0.9
3.0 -2.900000000000011 1.0
3.0 -2.900000000000011 1.1
3.0 -2.900000000000011 1.2000000000000002
3.0 -2.900000000000011 1.3
3.0 -2.900000000000011 1.4000000000000001
3.0 -2.900000000000011 1.5
3.0 -2.900000000000011 1.6
3.0 -2.900000000000011 1.7000000000000002
3.0 -2.900000000000011 1.8
3.0 -2.900000000000011 1.9000000000000001
3.0 -2.900000000000011 2.0
3.0 -2.900000000000011 2.1
3.0 -2.900000000000011 2.2
3.0 -2.900000000000011 2.3000000000000003
3.0 -2.900000000000011 2.4000000000000004
3.0 -2.900000000000011 2.5
3.0 -2.8000000000000114 0.0
3.0 -2.8000000000000114 0.1
3.0 -2.8000000000000114 0.2
3.0 -2.8000000000000114 0.30000000000000004
3.0 -2.8000000000000114 0.4
3.0 -2.8000000000000114 0.5
3.0 -2.8000000000000114 0.6000000000000001
3.0 -2.8000000000000114 0.7000000000000001
3.0 -2.8000000000000114 0.8
3.0 -2.8000000000000114 0.9
3.0 -2.8000000000000114 1.0
3.0 -2.8000000000000114 1.1
3.0 -2.8000000000000114 1.2000000000000002
3.0 -2.8000000000000114 1.3
3.0 -2.8000000000000114 1.4000000000000001
3.0 -2.8000000000000114 1.5
3.0 -2.8000000000000114 1.6
3.0 -2.8000000000000114 1.7000000000000002
3.0 -2.8000000000000114 1.8
3.0 -2.8000000000000114 1.9000000000000001
3.0 -2.8000000000000114 2.0
3.0 -2.8000000000000114 2.1
3.0 -2.8000000000000114 2.2
3.0 -2.8000000000000114 2.3000000000000003
3.0 -2.8000000000000114 2.4000000000000004
3.0 -2.8000000000000114 2.5
3.0 -2.7000000000000117 0.0
3.0 -2.7000000000000117 0.1
3.0 -2.7000000000000117 0.2
3.0 -2.7000000000000117 0.30000000000000004
3.0 -2.7000000000000117 0.4
3.0 -2.7000000000000117 0.5
3.0 -2.7000000000000117 0.6000000000000001
3.0 -2.7000000000000117 0.7000000000000001
3.0 -2.7000000000000117 0.8
3.0 -2.7000000000000117 0.9
3.0 -2.7000000000000117 1.0
3.0 -2.7000000000000117 1.1
3.0 -2.7000000000000117 1.2000000000000002
3.0 -2.7000000000000117 1.3
3.0 -2.7000000000000117 1.4000000000000001
3.0 -2.7000000000000117 1.5
3.0 -2.7000000000000117 1.6
3.0 -2.7000000000000117 1.7000000000000002
3.0 -2.7000000000000117 1.8
3.0 -2.7000000000000117 1.9000000000000001
3.0 -2.7000000000000117 2.0
3.0 -2.7000000000000117 2.1
3.0 -2.7000000000000117 2.2
3.0 -2.7000000000000117 2.3000000000000003
3.0 -2.7000000000000117 2.4000000000000004
3.0 -2.7000000000000117 2.5
3.0 -2.600000000000012 0.0
3.0 -2.600000000000012 0.1
3.0 -2.600000000000012 0.2
3.0 -2.600000000000012 0.30000000000000004
3.0 -2.600000000000012 0.4
3.0 -2.600000000000012 0.5
3.0 -2.600000000000012 0.6000000000000001
3.0 -2.600000000000012 0.7000000000000001
3.0 -2.600000000000012 0.8
3.0 -2.600000000000012 0.9
3.0 -2.600000000000012 1.0
3.0 -2.600000000000012 1.1
3.0 -2.600000000000012 1.2000000000000002
3.0 -2.600000000000012 1.3
3.0 -2.600000000000012 1.4000000000000001
3.0 -2.600000000000012 1.5
3.0 -2.600000000000012 1.6
3.0 -2.600000000000012 1.7000000000000002
3.0 -2.600000000000012 1.8
3.0 -2.600000000000012 1.9000000000000001
3.0 -2.600000000000012 2.0
3.0 -2.600000000000012 2.1
3.0 -2.600000000000012 2.2
3.0 -2.600000000000012 2.3000000000000003
3.0 -2.600000000000012 2.4000000000000004
3.0 -2.600000000000012 2.5
3.0 -2.5000000000000124 0.0
3.0 -2.5000000000000124 0.1
3.0 -2.5000000000000124 0.2
3.0 -2.5000000000000124 0.30000000000000004
3.0 -2.5000000000000124 0.4
3.0 -2.5000000000000124 0.5
3.0 -2.5000000000000124 0.6000000000000001
3.0 -2.5000000000000124 0.7000000000000001
3.0 -2.5000000000000124 0.8
3.0 -2.5000000000000124 0.9
3.0 -2.5000000000000124 1.0
3.0 -2.5000000000000124 1.1
3.0 -2.5000000000000124 1.2000000000000002
3.0 -2.5000000000000124 1.3
3.0 -2.5000000000000124 1.4000000000000001
3.0 -2.5000000000000124 1.5
3.0 -2.5000000000000124 1.6
3.0 -2.5000000000000124 1.7000000000000002
3.0 -2.5000000000000124 1.8
3.0 -2.5000000000000124 1.9000000000000001
3.0 -2.5000000000000124 2.0
3.0 -2.5000000000000124 2.1
3.0 -2.5000000000000124 2.2
3.0 -2.5000000000000124 2.3000000000000003
3.0 -2.5000000000000124 2.4000000000000004
3.0 -2.5000000000000124 2.5
3.0 -2.400000000000013 0.0
3.0 -2.400000000000013 0.1
3.0 -2.400000000000013 0.2
3.0 -2.400000000000013 0.30000000000000004
3.0 -2.400000000000013 0.4
3.0 -2.400000000000013 0.5
3.0 -2.400000000000013 0.6000000000000001
3.0 -2.400000000000013 0.7000000000000001
3.0 -2.400000000000013 0.8
3.0 -2.400000000000013 0.9
3.0 -2.400000000000013 1.0
3.0 -2.400000000000013 1.1
3.0 -2.400000000000013 1.2000000000000002
3.0 -2.400000000000013 1.3
3.0 -2.400000000000013 1.4000000000000001
3.0 -2.400000000000013 1.5
3.0 -2.400000000000013 1.6
3.0 -2.400000000000013 1.7000000000000002
3.0 -2.400000000000013 1.8
3.0 -2.400000000000013 1.9000000000000001
3.0 -2.400000000000013 2.0
3.0 -2.400000000000013 2.1
3.0 -2.400000000000013 2.2
3.0 -2.400000000000013 2.3000000000000003
3.0 -2.400000000000013 2.4000000000000004
3.0 -2.400000000000013 2.5
3.0 -2.300000000000013 0.0
3.0 -2.300000000000013 0.1
3.0 -2.300000000000013 0.2
3.0 -2.300000000000013 0.30000000000000004
3.0 -2.300000000000013 0.4
3.0 -2.300000000000013 0.5
3.0 -2.300000000000013 0.6000000000000001
3.0 -2.300000000000013 0.7000000000000001
3.0 -2.300000000000013 0.8
3.0 -2.300000000000013 0.9
3.0 -2.300000000000013 1.0
3.0 -2.300000000000013 1.1
3.0 -2.300000000000013 1.2000000000000002
3.0 -2.300000000000013 1.3
3.0 -2.300000000000013 1.4000000000000001
3.0 -2.300000000000013 1.5
3.0 -2.300000000000013 1.6
3.0 -2.300000000000013 1.7000000000000002
3.0 -2.300000000000013 1.8
3.0 -2.300000000000013 1.9000000000000001
3.0 -2.300000000000013 2.0
3.0 -2.300000000000013 2.1
3.0 -2.300000000000013 2.2
3.0 -2.300000000000013 2.3000000000000003
3.0 -2.300000000000013 2.4000000000000004
3.0 -2.300000000000013 2.5
3.0 -2.2000000000000135 0.0
3.0 -2.2000000000000135 0.1
3.0 -2.2000000000000135 0.2
3.0 -2.2000000000000135 0.30000000000000004
3.0 -2.2000000000000135 0.4
3.0 -2.2000000000000135 0.5
3.0 -2.2000000000000135 0.6000000000000001
3.0 -2.2000000000000135 0.7000000000000001
3.0 -2.2000000000000135 0.8
3.0 -2.2000000000000135 0.9
3.0 -2.2000000000000135 1.0
3.0 -2.2000000000000135 1.1
3.0 -2.2000000000000135 1.2000000000000002
3.0 -2.2000000000000135 1.3
3.0 -2.2000000000000135 1.4000000000000001
3.0 -2.2000000000000135 1.5
3.0 -2.2000000000000135 1.6
3.0 -2.2000000000000135 1.7000000000000002
3.0 -2.2000000000000135 1.8
3.0 -2.2000000000000135 1.9000000000000001
3.0 -2.2000000000000135 2.0
3.0 -2.2000000000000135 2.1
3.0 -2.2000000000000135 2.2
3.0 -2.2000000000000135 2.3000000000000003
3.0 -2.2000000000000135 2.4000000000000004
3.0 -2.2000000000000135 2.5
3.0 -2.100000000000014 0.0
3.0 -2.100000000000014 0.1
3.0 -2.100000000000014 0.2
3.0 -2.100000000000014 0.30000000000000004
3.0 -2.100000000000014 0.4
3.0 -2.100000000000014 0.5
3.0 -2.100000000000014 0.6000000000000001
3.0 -2.100000000000014 0.7000000000000001
3.0 -2.100000000000014 0.8
3.0 -2.100000000000014 0.9
3.0 -2.100000000000014 1.0
3.0 -2.100000000000014 1.1
3.0 -2.100000000000014 1.2000000000000002
3.0 -2.100000000000014 1.3
3.0 -2.100000000000014 1.4000000000000001
3.0 -2.100000000000014 1.5
3.0 -2.100000000000014 1.6
3.0 -2.100000000000014 1.7000000000000002
3.0 -2.100000000000014 1.8
3.0 -2.100000000000014 1.9000000000000001
3.0 -2.100000000000014 2.0
3.0 -2.100000000000014 2.1
3.0 -2.100000000000014 2.2
3.0 -2.100000000000014 2.3000000000000003
3.0 -2.100000000000014 2.4000000000000004
3.0 -2.100000000000014 2.5
3.0 -2.000000000000014 0.0
3.0 -2.000000000000014 0.1
3.0 -2.000000000000014 0.2
3.0 -2.000000000000014 0.30000000000000004
3.0 -2.000000000000014 0.4
3.0 -2.000000000000014 0.5
3.0 -2.000000000000014 0.6000000000000001
3.0 -2.000000000000014 0.7000000000000001
3.0 -2.000000000000014 0.8
3.0 -2.000000000000014 0.9
3.0 -2.000000000000014 1.0
3.0 -2.000000000000014 1.1
3.0 -2.000000000000014 1.2000000000000002
3.0 -2.000000000000014 1.3
3.0 -2.000000000000014 1.4000000000000001
3.0 -2.000000000000014 1.5
3.0 -2.000000000000014 1.6
3.0 -2.000000000000014 1.7000000000000002
3.0 -2.000000000000014 1.8
3.0 -2.000000000000014 1.9000000000000001
3.0 -2.000000000000014 2.0
3.0 -2.000000000000014 2.1
3.0 -2.000000000000014 2.2
3.0 -2.000000000000014 2.3000000000000003
3.0 -2.000000000000014 2.4000000000000004
3.0 -2.000000000000014 2.5
3.0 -1.9000000000000146 0.0
3.0 -1.9000000000000146 0.1
3.0 -1.9000000000000146 0.2
3.0 -1.9000000000000146 0.30000000000000004
3.0 -1.9000000000000146 0.4
3.0 -1.9000000000000146 0.5
3.0 -1.9000000000000146 0.6000000000000001
3.0 -1.9000000000000146 0.7000000000000001
3.0 -1.9000000000000146 0.8
3.0 -1.9000000000000146 0.9
3.0 -1.9000000000000146 1.0
3.0 -1.9000000000000146 1.1
3.0 -1.9000000000000146 1.2000000000000002
3.0 -1.9000000000000146 1.3
3.0 -1.9000000000000146 1.4000000000000001
3.0 -1.9000000000000146 1.5
3.0 -1.9000000000000146 1.6
3.0 -1.9000000000000146 1.7000000000000002
3.0 -1.9000000000000146 1.8
3.0 -1.9000000000000146 1.9000000000000001
3.0 -1.9000000000000146 2.0
3.0 -1.9000000000000146 2.1
3.0 -1.9000000000000146 2.2
3.0 -1.9000000000000146 2.3000000000000003
3.0 -1.9000000000000146 2.4000000000000004
3.0 -1.9000000000000146 2.5
3.0 -1.800000000000015 0.0
3.0 -1.800000000000015 0.1
3.0 -1.800000000000015 0.2
3.0 -1.800000000000015 0.30000000000000004
3.0 -1.800000000000015 0.4
3.0 -1.800000000000015 0.5
3.0 -1.800000000000015 0.6000000000000001
3.0 -1.800000000000015 0.7000000000000001
3.0 -1.800000000000015 0.8
3.0 -1.800000000000015 0.9
3.0 -1.800000000000015 1.0
3.0 -1.800000000000015 1.1
3.0 -1.800000000000015 1.2000000000000002
3.0 -1.800000000000015 1.3
3.0 -1.800000000000015 1.4000000000000001
3.0 -1.800000000000015 1.5
3.0 -1.800000000000015 1.6
3.0 -1.800000000000015 1.7000000000000002
3.0 -1.800000000000015 1.8
3.0 -1.800000000000015 1.9000000000000001
3.0 -1.800000000000015 2.0
3.0 -1.800000000000015 2.1
3.0 -1.800000000000015 2.2
3.0 -1.800000000000015 2.3000000000000003
3.0 -1.800000000000015 2.4000000000000004
3.0 -1.800000000000015 2.5
3.0 -1.7000000000000153 0.0
3.0 -1.7000000000000153 0.1
3.0 -1.7000000000000153 0.2
3.0 -1.7000000000000153 0.30000000000000004
3.0 -1.7000000000000153 0.4
3.0 -1.7000000000000153 0.5
3.0 -1.7000000000000153 0.6000000000000001
3.0 -1.7000000000000153 0.7000000000000001
3.0 -1.7000000000000153 0.8
3.0 -1.7000000000000153 0.9
3.0 -1.7000000000000153 1.0
3.0 -1.7000000000000153 1.1
3.0 -1.7000000000000153 1.2000000000000002
3.0 -1.7000000000000153 1.3
3.0 -1.7000000000000153 1.4000000000000001
3.0 -1.7000000000000153 1.5
3.0 -1.7000000000000153 1.6
3.0 -1.7000000000000153 1.7000000000000002
3.0 -1.7000000000000153 1.8
3.0 -1.7000000000000153 1.9000000000000001
3.0 -1.7000000000000153 2.0
3.0 -1.7000000000000153 2.1
3.0 -1.7000000000000153 2.2
3.0 -1.7000000000000153 2.3000000000000003
3.0 -1.7000000000000153 2.4000000000000004
3.0 -1.7000000000000153 2.5
3.0 -1.6000000000000156 0.0
3.0 -1.6000000000000156 0.1
3.0 -1.6000000000000156 0.2
3.0 -1.6000000000000156 0.30000000000000004
3.0 -1.6000000000000156 0.4
3.0 -1.6000000000000156 0.5
3.0 -1.6000000000000156 0.6000000000000001
3.0 -1.6000000000000156 0.7000000000000001
3.0 -1.6000000000000156 0.8
3.0 -1.6000000000000156 0.9
3.0 -1.6000000000000156 1.0
3.0 -1.6000000000000156 1.1
3.0 -1.6000000000000156 1.2000000000000002
3.0 -1.6000000000000156 1.3
3.0 -1.6000000000000156 1.4000000000000001
3.0 -1.6000000000000156 1.5
3.0 -1.6000000000000156 1.6
3.0 -1.6000000000000156 1.7000000000000002
3.0 -1.6000000000000156 1.8
3.0 -1.6000000000000156 1.9000000000000001
3.0 -1.6000000000000156 2.0
3.0 -1.6000000000000156 2.1
3.0 -1.6000000000000156 2.2
3.0 -1.6000000000000156 2.3000000000000003
3.0 -1.6000000000000156 2.4000000000000004
3.0 -1.6000000000000156 2.5
3.0 -1.500000000000016 0.0
3.0 -1.500000000000016 0.1
3.0 -1.500000000000016 0.2
3.0 -1.500000000000016 0.30000000000000004
3.0 -1.500000000000016 0.4
3.0 -1.500000000000016 0.5
3.0 -1.500000000000016 0.6000000000000001
3.0 -1.500000000000016 0.7000000000000001
3.0 -1.500000000000016 0.8
3.0 -1.500000000000016 0.9
3.0 -1.500000000000016 1.0
3.0 -1.500000000000016 1.1
3.0 -1.500000000000016 1.2000000000000002
3.0 -1.500000000000016 1.3
3.0 -1.500000000000016 1.4000000000000001
3.0 -1.500000000000016 1.5
3.0 -1.500000000000016 1.6
3.0 -1.500000000000016 1.7000000000000002
3.0 -1.500000000000016 1.8
3.0 -1.500000000000016 1.9000000000000001
3.0 -1.500000000000016 2.0
3.0 -1.500000000000016 2.1
3.0 -1.500000000000016 2.2
3.0 -1.500000000000016 2.3000000000000003
3.0 -1.500000000000016 2.4000000000000004
3.0 -1.500000000000016 2.5
3.0 -1.4000000000000163 0.0
3.0 -1.4000000000000163 0.1
3.0 -1.4000000000000163 0.2
3.0 -1.4000000000000163 0.30000000000000004
3.0 -1.4000000000000163 0.4
3.0 -1.4000000000000163 0.5
3.0 -1.4000000000000163 0.6000000000000001
3.0 -1.4000000000000163 0.7000000000000001
3.0 -1.4000000000000163 0.8
3.0 -1.4000000000000163 0.9
3.0 -1.4000000000000163 1.0
3.0 -1.4000000000000163 1.1
3.0 -1.4000000000000163 1.2000000000000002
3.0 -1.4000000000000163 1.3
3.0 -1.4000000000000163 1.4000000000000001
3.0 -1.4000000000000163 1.5
3.0 -1.4000000000000163 1.6
3.0 -1.4000000000000163 1.7000000000000002
3.0 -1.4000000000000163 1.8
3.0 -1.4000000000000163 1.9000000000000001
3.0 -1.4000000000000163 2.0
3.0 -1.4000000000000163 2.1
3.0 -1.4000000000000163 2.2
3.0 -1.4000000000000163 2.3000000000000003
3.0 -1.4000000000000163 2.4000000000000004
3.0 -1.4000000000000163 2.5
3.0 -1.3000000000000167 0.0
3.0 -1.3000000000000167 0.1
3.0 -1.3000000000000167 0.2
3.0 -1.3000000000000167 0.30000000000000004
3.0 -1.3000000000000167 0.4
3.0 -1.3000000000000167 0.5
3.0 -1.3000000000000167 0.6000000000000001
3.0 -1.3000000000000167 0.7000000000000001
3.0 -1.3000000000000167 0.8
3.0 -1.3000000000000167 0.9
3.0 -1.3000000000000167 1.0
3.0 -1.3000000000000167 1.1
3.0 -1.3000000000000167 1.2000000000000002
3.0 -1.3000000000000167 1.3
3.0 -1.3000000000000167 1.4000000000000001
3.0 -1.3000000000000167 1.5
3.0 -1.3000000000000167 1.6
3.0 -1.3000000000000167 1.7000000000000002
3.0 -1.3000000000000167 1.8
3.0 -1.3000000000000167 1.9000000000000001
3.0 -1.3000000000000167 2.0
3.0 -1.3000000000000167 2.1
3.0 -1.3000000000000167 2.2
3.0 -1.3000000000000167 2.3000000000000003
3.0 -1.3000000000000167 2.4000000000000004
3.0 -1.3000000000000167 2.5
3.0 -1.200000000000017 0.0
3.0 -1.200000000000017 0.1
3.0 -1.200000000000017 0.2
3.0 -1.200000000000017 0.30000000000000004
3.0 -1.200000000000017 0.4
3.0 -1.200000000000017 0.5
3.0 -1.200000000000017 0.6000000000000001
3.0 -1.200000000000017 0.7000000000000001
3.0 -1.200000000000017 0.8
3.0 -1.200000000000017 0.9
3.0 -1.200000000000017 1.0
3.0 -1.200000000000017 1.1
3.0 -1.200000000000017 1.2000000000000002
3.0 -1.200000000000017 1.3
3.0 -1.200000000000017 1.4000000000000001
3.0 -1.200000000000017 1.5
3.0 -1.200000000000017 1.6
3.0 -1.200000000000017 1.7000000000000002
3.0 -1.200000000000017 1.8
3.0 -1.200000000000017 1.9000000000000001
3.0 -1.200000000000017 2.0
3.0 -1.200000000000017 2.1
3.0 -1.200000000000017 2.2
3.0 -1.200000000000017 2.3000000000000003
3.0 -1.200000000000017 2.4000000000000004
3.0 -1.200000000000017 2.5
3.0 -1.1000000000000174 0.0
3.0 -1.1000000000000174 0.1
3.0 -1.1000000000000174 0.2
3.0 -1.1000000000000174 0.30000000000000004
3.0 -1.1000000000000174 0.4
3.0 -1.1000000000000174 0.5
3.0 -1.1000000000000174 0.6000000000000001
3.0 -1.1000000000000174 0.7000000000000001
3.0 -1.1000000000000174 0.8
3.0 -1.1000000000000174 0.9
3.0 -1.1000000000000174 1.0
3.0 -1.1000000000000174 1.1
3.0 -1.1000000000000174 1.2000000000000002
3.0 -1.1000000000000174 1.3
3.0 -1.1000000000000174 1.4000000000000001
3.0 -1.1000000000000174 1.5
3.0 -1.1000000000000174 1.6
3.0 -1.1000000000000174 1.7000000000000002
3.0 -1.1000000000000174 1.8
3.0 -1.1000000000000174 1.9000000000000001
3.0 -1.1000000000000174 2.0
3.0 -1.1000000000000174 2.1
3.0 -1.1000000000000174 2.2
3.0 -1.1000000000000174 2.3000000000000003
3.0 -1.1000000000000174 2.4000000000000004
3.0 -1.1000000000000174 2.5
3.0 -1.0000000000000178 0.0
3.0 -1.0000000000000178 0.1
3.0 -1.0000000000000178 0.2
3.0 -1.0000000000000178 0.30000000000000004
3.0 -1.0000000000000178 0.4
3.0 -1.0000000000000178 0.5
3.0 -1.0000000000000178 0.6000000000000001
3.0 -1.0000000000000178 0.7000000000000001
3.0 -1.0000000000000178 0.8
3.0 -1.0000000000000178 0.9
3.0 -1.0000000000000178 1.0
3.0 -1.0000000000000178 1.1
3.0 -1.0000000000000178 1.2000000000000002
3.0 -1.0000000000000178 1.3
3.0 -1.0000000000000178 1.4000000000000001
3.0 -1.0000000000000178 1.5
3.0 -1.0000000000000178 1.6
3.0 -1.0000000000000178 1.7000000000000002
3.0 -1.0000000000000178 1.8
3.0 -1.0000000000000178 1.9000000000000001
3.0 -1.0000000000000178 2.0
3.0 -1.0000000000000178 2.1
3.0 -1.0000000000000178 2.2
3.0 -1.0000000000000178 2.3000000000000003
3.0 -1.0000000000000178 2.4000000000000004
3.0 -1.0000000000000178 2.5
3.0 -0.9000000000000181 0.0
3.0 -0.9000000000000181 0.1
3.0 -0.9000000000000181 0.2
3.0 -0.9000000000000181 0.30000000000000004
3.0 -0.9000000000000181 0.4
3.0 -0.9000000000000181 0.5
3.0 -0.9000000000000181 0.6000000000000001
3.0 -0.9000000000000181 0.7000000000000001
3.0 -0.9000000000000181 0.8
3.0 -0.9000000000000181 0.9
3.0 -0.9000000000000181 1.0
3.0 -0.9000000000000181 1.1
3.0 -0.9000000000000181 1.2000000000000002
3.0 -0.9000000000000181 1.3
3.0 -0.9000000000000181 1.4000000000000001
3.0 -0.9000000000000181 1.5
3.0 -0.9000000000000181 1.6
3.0 -0.9000000000000181 1.7000000000000002
3.0 -0.9000000000000181 1.8
3.0 -0.9000000000000181 1.9000000000000001
3.0 -0.9000000000000181 2.0
3.0 -0.9000000000000181 2.1
3.0 -0.9000000000000181 2.2
3.0 -0.9000000000000181 2.3000000000000003
3.0 -0.9000000000000181 2.4000000000000004
3.0 -0.9000000000000181 2.5
3.0 -0.8000000000000185 0.0
3.0 -0.8000000000000185 0.1
3.0 -0.8000000000000185 0.2
3.0 -0.8000000000000185 0.30000000000000004
3.0 -0.8000000000000185 0.4
3.0 -0.8000000000000185 0.5
3.0 -0.8000000000000185 0.6000000000000001
3.0 -0.8000000000000185 0.7000000000000001
3.0 -0.8000000000000185 0.8
3.0 -0.8000000000000185 0.9
3.0 -0.8000000000000185 1.0
3.0 -0.8000000000000185 1.1
3.0 -0.8000000000000185 1.2000000000000002
3.0 -0.8000000000000185 1.3
3.0 -0.8000000000000185 1.4000000000000001
3.0 -0.8000000000000185 1.5
3.0 -0.8000000000000185 1.6
3.0 -0.8000000000000185 1.7000000000000002
3.0 -0.8000000000000185 1.8
3.0 -0.8000000000000185 1.9000000000000001
3.0 -0.8000000000000185 2.0
3.0 -0.8000000000000185 2.1
3.0 -0.8000000000000185 2.2
3.0 -0.8000000000000185 2.3000000000000003
3.0 -0.8000000000000185 2.4000000000000004
3.0 -0.8000000000000185 2.5
3.0 -0.7000000000000188 0.0
3.0 -0.7000000000000188 0.1
3.0 -0.7000000000000188 0.2
3.0 -0.7000000000000188 0.30000000000000004
3.0 -0.7000000000000188 0.4
3.0 -0.7000000000000188 0.5
3.0 -0.7000000000000188 0.6000000000000001
3.0 -0.7000000000000188 0.7000000000000001
3.0 -0.7000000000000188 0.8
3.0 -0.7000000000000188 0.9
3.0 -0.7000000000000188 1.0
3.0 -0.7000000000000188 1.1
3.0 -0.7000000000000188 1.2000000000000002
3.0 -0.7000000000000188 1.3
3.0 -0.7000000000000188 1.4000000000000001
3.0 -0.7000000000000188 1.5
3.0 -0.7000000000000188 1.6
3.0 -0.7000000000000188 1.7000000000000002
3.0 -0.7000000000000188 1.8
3.0 -0.7000000000000188 1.9000000000000001
3.0 -0.7000000000000188 2.0
3.0 -0.7000000000000188 2.1
3.0 -0.7000000000000188 2.2
3.0 -0.7000000000000188 2.3000000000000003
3.0 -0.7000000000000188 2.4000000000000004
3.0 -0.7000000000000188 2.5
3.0 -0.6000000000000192 0.0
3.0 -0.6000000000000192 0.1
3.0 -0.6000000000000192 0.2
3.0 -0.6000000000000192 0.30000000000000004
3.0 -0.6000000000000192 0.4
3.0 -0.6000000000000192 0.5
3.0 -0.6000000000000192 0.6000000000000001
3.0 -0.6000000000000192 0.7000000000000001
3.0 -0.6000000000000192 0.8
3.0 -0.6000000000000192 0.9
3.0 -0.6000000000000192 1.0
3.0 -0.6000000000000192 1.1
3.0 -0.6000000000000192 1.2000000000000002
3.0 -0.6000000000000192 1.3
3.0 -0.6000000000000192 1.4000000000000001
3.0 -0.6000000000000192 1.5
3.0 -0.6000000000000192 1.6
3.0 -0.6000000000000192 1.7000000000000002
3.0 -0.6000000000000192 1.8
3.0 -0.6000000000000192 1.9000000000000001
3.0 -0.6000000000000192 2.0
3.0 -0.6000000000000192 2.1
3.0 -0.6000000000000192 2.2
3.0 -0.6000000000000192 2.3000000000000003
3.0 -0.6000000000000192 2.4000000000000004
3.0 -0.6000000000000192 2.5
3.0 -0.5000000000000195 0.0
3.0 -0.5000000000000195 0.1
3.0 -0.5000000000000195 0.2
3.0 -0.5000000000000195 0.30000000000000004
3.0 -0.5000000000000195 0.4
3.0 -0.5000000000000195 0.5
3.0 -0.5000000000000195 0.6000000000000001
3.0 -0.5000000000000195 0.7000000000000001
3.0 -0.5000000000000195 0.8
3.0 -0.5000000000000195 0.9
3.0 -0.5000000000000195 1.0
3.0 -0.5000000000000195 1.1
3.0 -0.5000000000000195 1.2000000000000002
3.0 -0.5000000000000195 1.3
3.0 -0.5000000000000195 1.4000000000000001
3.0 -0.5000000000000195 1.5
3.0 -0.5000000000000195 1.6
3.0 -0.5000000000000195 1.7000000000000002
3.0 -0.5000000000000195 1.8
3.0 -0.5000000000000195 1.9000000000000001
3.0 -0.5000000000000195 2.0
3.0 -0.5000000000000195 2.1
3.0 -0.5000000000000195 2.2
3.0 -0.5000000000000195 2.3000000000000003
3.0 -0.5000000000000195 2.4000000000000004
3.0 -0.5000000000000195 2.5
3.0 -0.4000000000000199 0.0
3.0 -0.4000000000000199 0.1
3.0 -0.4000000000000199 0.2
3.0 -0.4000000000000199 0.30000000000000004
3.0 -0.4000000000000199 0.4
3.0 -0.4000000000000199 0.5
3.0 -0.4000000000000199 0.6000000000000001
3.0 -0.4000000000000199 0.7000000000000001
3.0 -0.4000000000000199 0.8
3.0 -0.4000000000000199 0.9
3.0 -0.4000000000000199 1.0
3.0 -0.4000000000000199 1.1
3.0 -0.4000000000000199 1.2000000000000002
3.0 -0.4000000000000199 1.3
3.0 -0.4000000000000199 1.4000000000000001
3.0 -0.4000000000000199 1.5
3.0 -0.4000000000000199 1.6
3.0 -0.4000000000000199 1.7000000000000002
3.0 -0.4000000000000199 1.8
3.0 -0.4000000000000199 1.9000000000000001
3.0 -0.4000000000000199 2.0
3.0 -0.4000000000000199 2.1
3.0 -0.4000000000000199 2.2
3.0 -0.4000000000000199 2.3000000000000003
3.0 -0.4000000000000199 2.4000000000000004
3.0 -0.4000000000000199 2.5
3.0 -0.30000000000002025 0.0
3.0 -0.30000000000002025 0.1
3.0 -0.30000000000002025 0.2
3.0 -0.30000000000002025 0.30000000000000004
3.0 -0.30000000000002025 0.4
3.0 -0.30000000000002025 0.5
3.0 -0.30000000000002025 0.6000000000000001
3.0 -0.30000000000002025 0.7000000000000001
3.0 -0.30000000000002025 0.8
3.0 -0.30000000000002025 0.9
3.0 -0.30000000000002025 1.0
3.0 -0.30000000000002025 1.1
3.0 -0.30000000000002025 1.2000000000000002
3.0 -0.30000000000002025 1.3
3.0 -0.30000000000002025 1.4000000000000001
3.0 -0.30000000000002025 1.5
3.0 -0.30000000000002025 1.6
3.0 -0.30000000000002025 1.7000000000000002
3.0 -0.30000000000002025 1.8
3.0 -0.30000000000002025 1.9000000000000001
3.0 -0.30000000000002025 2.0
3.0 -0.30000000000002025 2.1
3.0 -0.30000000000002025 2.2
3.0 -0.30000000000002025 2.3000000000000003
3.0 -0.30000000000002025 2.4000000000000004
3.0 -0.30000000000002025 2.5
3.0 -0.2000000000000206 0.0
3.0 -0.2000000000000206 0.1
3.0 -0.2000000000000206 0.2
3.0 -0.2000000000000206 0.30000000000000004
3.0 -0.2000000000000206 0.4
3.0 -0.2000000000000206 0.5
3.0 -0.2000000000000206 0.6000000000000001
3.0 -0.2000000000000206 0.7000000000000001
3.0 -0.2000000000000206 0.8
3.0 -0.2000000000000206 0.9
3.0 -0.2000000000000206 1.0
3.0 -0.2000000000000206 1.1
3.0 -0.2000000000000206 1.2000000000000002
3.0 -0.2000000000000206 1.3
3.0 -0.2000000000000206 1.4000000000000001
3.0 -0.2000000000000206 1.5
3.0 -0.2000000000000206 1.6
3.0 -0.2000000000000206 1.7000000000000002
3.0 -0.2000000000000206 1.8
3.0 -0.2000000000000206 1.9000000000000001
3.0 -0.2000000000000206 2.0
3.0 -0.2000000000000206 2.1
3.0 -0.2000000000000206 2.2
3.0 -0.2000000000000206 2.3000000000000003
3.0 -0.2000000000000206 2.4000000000000004
3.0 -0.2000000000000206 2.5
3.0 -0.10000000000002096 0.0
3.0 -0.10000000000002096 0.1
3.0 -0.10000000000002096 0.2
3.0 -0.10000000000002096 0.30000000000000004
3.0 -0.10000000000002096 0.4
3.0 -0.10000000000002096 0.5
3.0 -0.10000000000002096 0.6000000000000001
3.0 -0.10000000000002096 0.7000000000000001
3.0 -0.10000000000002096 0.8
3.0 -0.10000000000002096 0.9
3.0 -0.10000000000002096 1.0
3.0 -0.10000000000002096 1.1
3.0 -0.10000000000002096 1.2000000000000002
3.0 -0.10000000000002096 1.3
3.0 -0.10000000000002096 1.4000000000000001
3.0 -0.10000000000002096 1.5
3.0 -0.10000000000002096 1.6
3.0 -0.10000000000002096 1.7000000000000002
3.0 -0.10000000000002096 1.8
3.0 -0.10000000000002096 1.9000000000000001
3.0 -0.10000000000002096 2.0
3.0 -0.10000000000002096 2.1
3.0 -0.10000000000002096 2.2
3.0 -0.10000000000002096 2.3000000000000003
3.0 -0.10000000000002096 2.4000000000000004
3.0 -0.10000000000002096 2.5
3.0 -2.1316282072803006e-14 0.0
3.0 -2.1316282072803006e-14 0.1
3.0 -2.1316282072803006e-14 0.2
3.0 -2.1316282072803006e-14 0.30000000000000004
3.0 -2.1316282072803006e-14 0.4
3.0 -2.1316282072803006e-14 0.5
3.0 -2.1316282072803006e-14 0.6000000000000001
3.0 -2.1316282072803006e-14 0.7000000000000001
3.0 -2.1316282072803006e-14 0.8
3.0 -2.1316282072803006e-14 0.9
3.0 -2.1316282072803006e-14 1.0
3.0 -2.1316282072803006e-14 1.1
3.0 -2.1316282072803006e-14 1.2000000000000002
3.0 -2.1316282072803006e-14 1.3
3.0 -2.1316282072803006e-14 1.4000000000000001
3.0 -2.1316282072803006e-14 1.5
3.0 -2.1316282072803006e-14 1.6
3.0 -2.1316282072803006e-14 1.7000000000000002
3.0 -2.1316282072803006e-14 1.8
3.0 -2.1316282072803006e-14 1.9000000000000001
3.0 -2.1316282072803006e-14 2.0
3.0 -2.1316282072803006e-14 2.1
3.0 -2.1316282072803006e-14 2.2
3.0 -2.1316282072803006e-14 2.3000000000000003
3.0 -2.1316282072803006e-14 2.4000000000000004
3.0 -2.1316282072803006e-14 2.5
3.0 0.09999999999997833 0.0
3.0 0.09999999999997833 0.1
3.0 0.09999999999997833 0.2
3.0 0.09999999999997833 0.30000000000000004
3.0 0.09999999999997833 0.4
3.0 0.09999999999997833 0.5
3.0 0.09999999999997833 0.6000000000000001
3.0 0.09999999999997833 0.7000000000000001
3.0 0.09999999999997833 0.8
3.0 0.09999999999997833 0.9
3.0 0.09999999999997833 1.0
3.0 0.09999999999997833 1.1
3.0 0.09999999999997833 1.2000000000000002
3.0 0.09999999999997833 1.3
3.0 0.09999999999997833 1.4000000000000001
3.0 0.09999999999997833 1.5
3.0 0.09999999999997833 1.6
3.0 0.09999999999997833 1.7000000000000002
3.0 0.09999999999997833 1.8
3.0 0.09999999999997833 1.9000000000000001
3.0 0.09999999999997833 2.0
3.0 0.09999999999997833 2.1
3.0 0.09999999999997833 2.2
3.0 0.09999999999997833 2.3000000000000003
3.0 0.09999999999997833 2.4000000000000004
3.0 0.09999999999997833 2.5
3.0 0.19999999999997797 0.0
3.0 0.19999999999997797 0.1
3.0 0.19999999999997797 0.2
3.0 0.19999999999997797 0.30000000000000004
3.0 0.19999999999997797 0.4
3.0 0.19999999999997797 0.5
3.0 0.19999999999997797 0.6000000000000001
3.0 0.19999999999997797 0.7000000000000001
3.0 0.19999999999997797 0.8
3.0 0.19999999999997797 0.9
3.0 0.19999999999997797 1.0
3.0 0.19999999999997797 1.1
3.0 0.19999999999997797 1.2000000000000002
3.0 0.19999999999997797 1.3
3.0 0.19999999999997797 1.4000000000000001
3.0 0.19999999999997797 1.5
3.0 0.19999999999997797 1.6
3.0 0.19999999999997797 1.7000000000000002
3.0 0.19999999999997797 1.8
3.0 0.19999999999997797 1.9000000000000001
3.0 0.19999999999997797 2.0
3.0 0.19999999999997797 2.1
3.0 0.19999999999997797 2.2
3.0 0.19999999999997797 2.3000000000000003
3.0 0.19999999999997797 2.4000000000000004
3.0 0.19999999999997797 2.5
3.0 0.2999999999999776 0.0
3.0 0.2999999999999776 0.1
3.0 0.2999999999999776 0.2
3.0 0.2999999999999776 0.30000000000000004
3.0 0.2999999999999776 0.4
3.0 0.2999999999999776 0.5
3.0 0.2999999999999776 0.6000000000000001
3.0 0.2999999999999776 0.7000000000000001
3.0 0.2999999999999776 0.8
3.0 0.2999999999999776 0.9
3.0 0.2999999999999776 1.0
3.0 0.2999999999999776 1.1
3.0 0.2999999999999776 1.2000000000000002
3.0 0.2999999999999776 1.3
3.0 0.2999999999999776 1.4000000000000001
3.0 0.2999999999999776 1.5
3.0 0.2999999999999776 1.6
3.0 0.2999999999999776 1.7000000000000002
3.0 0.2999999999999776 1.8
3.0 0.2999999999999776 1.9000000000000001
3.0 0.2999999999999776 2.0
3.0 0.2999999999999776 2.1
3.0 0.2999999999999776 2.2
3.0 0.2999999999999776 2.3000000000000003
3.0 0.2999999999999776 2.4000000000000004
3.0 0.2999999999999776 2.5
3.0 0.39999999999997726 0.0
3.0 0.39999999999997726 0.1
3.0 0.39999999999997726 0.2
3.0 0.39999999999997726 0.30000000000000004
3.0 0.39999999999997726 0.4
3.0 0.39999999999997726 0.5
3.0 0.39999999999997726 0.6000000000000001
3.0 0.39999999999997726 0.7000000000000001
3.0 0.39999999999997726 0.8
3.0 0.39999999999997726 0.9
3.0 0.39999999999997726 1.0
3.0 0.39999999999997726 1.1
3.0 0.39999999999997726 1.2000000000000002
3.0 0.39999999999997726 1.3
3.0 0.39999999999997726 1.4000000000000001
3.0 0.39999999999997726 1.5
3.0 0.39999999999997726 1.6
3.0 0.39999999999997726 1.7000000000000002
3.0 0.39999999999997726 1.8
3.0 0.39999999999997726 1.9000000000000001
3.0 0.39999999999997726 2.0
3.0 0.39999999999997726 2.1
3.0 0.39999999999997726 2.2
3.0 0.39999999999997726 2.3000000000000003
3.0 0.39999999999997726 2.4000000000000004
3.0 0.39999999999997726 2.5
3.0 0.4999999999999769 0.0
3.0 0.4999999999999769 0.1
3.0 0.4999999999999769 0.2
3.0 0.4999999999999769 0.30000000000000004
3.0 0.4999999999999769 0.4
3.0 0.4999999999999769 0.5
3.0 0.4999999999999769 0.6000000000000001
3.0 0.4999999999999769 0.7000000000000001
3.0 0.4999999999999769 0.8
3.0 0.4999999999999769 0.9
3.0 0.4999999999999769 1.0
3.0 0.4999999999999769 1.1
3.0 0.4999999999999769 1.2000000000000002
3.0 0.4999999999999769 1.3
3.0 0.4999999999999769 1.4000000000000001
3.0 0.4999999999999769 1.5
3.0 0.4999999999999769 1.6
3.0 0.4999999999999769 1.7000000000000002
3.0 0.4999999999999769 1.8
3.0 0.4999999999999769 1.9000000000000001
3.0 0.4999999999999769 2.0
3.0 0.4999999999999769 2.1
3.0 0.4999999999999769 2.2
3.0 0.4999999999999769 2.3000000000000003
3.0 0.4999999999999769 2.4000000000000004
3.0 0.4999999999999769 2.5
3.0 0.5999999999999766 0.0
3.0 0.5999999999999766 0.1
3.0 0.5999999999999766 0.2
3.0 0.5999999999999766 0.30000000000000004
3.0 0.5999999999999766 0.4
3.0 0.5999999999999766 0.5
3.0 0.5999999999999766 0.6000000000000001
3.0 0.5999999999999766 0.7000000000000001
3.0 0.5999999999999766 0.8
3.0 0.5999999999999766 0.9
3.0 0.5999999999999766 1.0
3.0 0.5999999999999766 1.1
3.0 0.5999999999999766 1.2000000000000002
3.0 0.5999999999999766 1.3
3.0 0.5999999999999766 1.4000000000000001
3.0 0.5999999999999766 1.5
3.0 0.5999999999999766 1.6
3.0 0.5999999999999766 1.7000000000000002
3.0 0.5999999999999766 1.8
3.0 0.5999999999999766 1.9000000000000001
3.0 0.5999999999999766 2.0
3.0 0.5999999999999766 2.1
3.0 0.5999999999999766 2.2
3.0 0.5999999999999766 2.3000000000000003
3.0 0.5999999999999766 2.4000000000000004
3.0 0.5999999999999766 2.5
3.0 0.6999999999999762 0.0
3.0 0.6999999999999762 0.1
3.0 0.6999999999999762 0.2
3.0 0.6999999999999762 0.30000000000000004
3.0 0.6999999999999762 0.4
3.0 0.6999999999999762 0.5
3.0 0.6999999999999762 0.6000000000000001
3.0 0.6999999999999762 0.7000000000000001
3.0 0.6999999999999762 0.8
3.0 0.6999999999999762 0.9
3.0 0.6999999999999762 1.0
3.0 0.6999999999999762 1.1
3.0 0.6999999999999762 1.2000000000000002
3.0 0.6999999999999762 1.3
3.0 0.6999999999999762 1.4000000000000001
3.0 0.6999999999999762 1.5
3.0 0.6999999999999762 1.6
3.0 0.6999999999999762 1.7000000000000002
3.0 0.6999999999999762 1.8
3.0 0.6999999999999762 1.9000000000000001
3.0 0.6999999999999762 2.0
3.0 0.6999999999999762 2.1
3.0 0.6999999999999762 2.2
3.0 0.6999999999999762 2.3000000000000003
3.0 0.6999999999999762 2.4000000000000004
3.0 0.6999999999999762 2.5
3.0 0.7999999999999758 0.0
3.0 0.7999999999999758 0.1
3.0 0.7999999999999758 0.2
3.0 0.7999999999999758 0.30000000000000004
3.0 0.7999999999999758 0.4
3.0 0.7999999999999758 0.5
3.0 0.7999999999999758 0.6000000000000001
3.0 0.7999999999999758 0.7000000000000001
3.0 0.7999999999999758 0.8
3.0 0.7999999999999758 0.9
3.0 0.7999999999999758 1.0
3.0 0.7999999999999758 1.1
3.0 0.7999999999999758 1.2000000000000002
3.0 0.7999999999999758 1.3
3.0 0.7999999999999758 1.4000000000000001
3.0 0.7999999999999758 1.5
3.0 0.7999999999999758 1.6
3.0 0.7999999999999758 1.7000000000000002
3.0 0.7999999999999758 1.8
3.0 0.7999999999999758 1.9000000000000001
3.0 0.7999999999999758 2.0
3.0 0.7999999999999758 2.1
3.0 0.7999999999999758 2.2
3.0 0.7999999999999758 2.3000000000000003
3.0 0.7999999999999758 2.4000000000000004
3.0 0.7999999999999758 2.5
3.0 0.8999999999999755 0.0
3.0 0.8999999999999755 0.1
3.0 0.8999999999999755 0.2
3.0 0.8999999999999755 0.30000000000000004
3.0 0.8999999999999755 0.4
3.0 0.8999999999999755 0.5
3.0 0.8999999999999755 0.6000000000000001
3.0 0.8999999999999755 0.7000000000000001
3.0 0.8999999999999755 0.8
3.0 0.8999999999999755 0.9
3.0 0.8999999999999755 1.0
3.0 0.8999999999999755 1.1
3.0 0.8999999999999755 1.2000000000000002
3.0 0.8999999999999755 1.3
3.0 0.8999999999999755 1.4000000000000001
3.0 0.8999999999999755 1.5
3.0 0.8999999999999755 1.6
3.0 0.8999999999999755 1.7000000000000002
3.0 0.8999999999999755 1.8
3.0 0.8999999999999755 1.9000000000000001
3.0 0.8999999999999755 2.0
3.0 0.8999999999999755 2.1
3.0 0.8999999999999755 2.2
3.0 0.8999999999999755 2.3000000000000003
3.0 0.8999999999999755 2.4000000000000004
3.0 0.8999999999999755 2.5
3.0 0.9999999999999751 0.0
3.0 0.9999999999999751 0.1
3.0 0.9999999999999751 0.2
3.0 0.9999999999999751 0.30000000000000004
3.0 0.9999999999999751 0.4
3.0 0.9999999999999751 0.5
3.0 0.9999999999999751 0.6000000000000001
3.0 0.9999999999999751 0.7000000000000001
3.0 0.9999999999999751 0.8
3.0 0.9999999999999751 0.9
3.0 0.9999999999999751 1.0
3.0 0.9999999999999751 1.1
3.0 0.9999999999999751 1.2000000000000002
3.0 0.9999999999999751 1.3
3.0 0.9999999999999751 1.4000000000000001
3.0 0.9999999999999751 1.5
3.0 0.9999999999999751 1.6
3.0 0.9999999999999751 1.7000000000000002
3.0 0.9999999999999751 1.8
3.0 0.9999999999999751 1.9000000000000001
3.0 0.9999999999999751 2.0
3.0 0.9999999999999751 2.1
3.0 0.9999999999999751 2.2
3.0 0.9999999999999751 2.3000000000000003
3.0 0.9999999999999751 2.4000000000000004
3.0 0.9999999999999751 2.5
3.0 1.0999999999999748 0.0
3.0 1.0999999999999748 0.1
3.0 1.0999999999999748 0.2
3.0 1.0999999999999748 0.30000000000000004
3.0 1.0999999999999748 0.4
3.0 1.0999999999999748 0.5
3.0 1.0999999999999748 0.6000000000000001
3.0 1.0999999999999748 0.7000000000000001
3.0 1.0999999999999748 0.8
3.0 1.0999999999999748 0.9
3.0 1.0999999999999748 1.0
3.0 1.0999999999999748 1.1
3.0 1.0999999999999748 1.2000000000000002
3.0 1.0999999999999748 1.3
3.0 1.0999999999999748 1.4000000000000001
3.0 1.0999999999999748 1.5
3.0 1.0999999999999748 1.6
3.0 1.0999999999999748 1.7000000000000002
3.0 1.0999999999999748 1.8
3.0 1.0999999999999748 1.9000000000000001
3.0 1.0999999999999748 2.0
3.0 1.0999999999999748 2.1
3.0 1.0999999999999748 2.2
3.0 1.0999999999999748 2.3000000000000003
3.0 1.0999999999999748 2.4000000000000004
3.0 1.0999999999999748 2.5
3.0 1.1999999999999744 0.0
3.0 1.1999999999999744 0.1
3.0 1.1999999999999744 0.2
3.0 1.1999999999999744 0.30000000000000004
3.0 1.1999999999999744 0.4
3.0 1.1999999999999744 0.5
3.0 1.1999999999999744 0.6000000000000001
3.0 1.1999999999999744 0.7000000000000001
3.0 1.1999999999999744 0.8
3.0 1.1999999999999744 0.9
3.0 1.1999999999999744 1.0
3.0 1.1999999999999744 1.1
3.0 1.1999999999999744 1.2000000000000002
3.0 1.1999999999999744 1.3
3.0 1.1999999999999744 1.4000000000000001
3.0 1.1999999999999744 1.5
3.0 1.1999999999999744 1.6
3.0 1.1999999999999744 1.7000000000000002
3.0 1.1999999999999744 1.8
3.0 1.1999999999999744 1.9000000000000001
3.0 1.1999999999999744 2.0
3.0 1.1999999999999744 2.1
3.0 1.1999999999999744 2.2
3.0 1.1999999999999744 2.3000000000000003
3.0 1.1999999999999744 2.4000000000000004
3.0 1.1999999999999744 2.5
3.0 1.299999999999974 0.0
3.0 1.299999999999974 0.1
3.0 1.299999999999974 0.2
3.0 1.299999999999974 0.30000000000000004
3.0 1.299999999999974 0.4
3.0 1.299999999999974 0.5
3.0 1.299999999999974 0.6000000000000001
3.0 1.299999999999974 0.7000000000000001
3.0 1.299999999999974 0.8
3.0 1.299999999999974 0.9
3.0 1.299999999999974 1.0
3.0 1.299999999999974 1.1
3.0 1.299999999999974 1.2000000000000002
3.0 1.299999999999974 1.3
3.0 1.299999999999974 1.4000000000000001
3.0 1.299999999999974 1.5
3.0 1.299999999999974 1.6
3.0 1.299999999999974 1.7000000000000002
3.0 1.299999999999974 1.8
3.0 1.299999999999974 1.9000000000000001
3.0 1.299999999999974 2.0
3.0 1.299999999999974 2.1
3.0 1.299999999999974 2.2
3.0 1.299999999999974 2.3000000000000003
3.0 1.299999999999974 2.4000000000000004
3.0 1.299999999999974 2.5
3.0 1.3999999999999737 0.0
3.0 1.3999999999999737 0.1
3.0 1.3999999999999737 0.2
3.0 1.3999999999999737 0.30000000000000004
3.0 1.3999999999999737 0.4
3.0 1.3999999999999737 0.5
3.0 1.3999999999999737 0.6000000000000001
3.0 1.3999999999999737 0.7000000000000001
3.0 1.3999999999999737 0.8
3.0 1.3999999999999737 0.9
3.0 1.3999999999999737 1.0
3.0 1.3999999999999737 1.1
3.0 1.3999999999999737 1.2000000000000002
3.0 1.3999999999999737 1.3
3.0 1.3999999999999737 1.4000000000000001
3.0 1.3999999999999737 1.5
3.0 1.3999999999999737 1.6
3.0 1.3999999999999737 1.7000000000000002
3.0 1.3999999999999737 1.8
3.0 1.3999999999999737 1.9000000000000001
3.0 1.3999999999999737 2.0
3.0 1.3999999999999737 2.1
3.0 1.3999999999999737 2.2
3.0 1.3999999999999737 2.3000000000000003
3.0 1.3999999999999737 2.4000000000000004
3.0 1.3999999999999737 2.5
3.0 1.4999999999999734 0.0
3.0 1.4999999999999734 0.1
3.0 1.4999999999999734 0.2
3.0 1.4999999999999734 0.30000000000000004
3.0 1.4999999999999734 0.4
3.0 1.4999999999999734 0.5
3.0 1.4999999999999734 0.6000000000000001
3.0 1.4999999999999734 0.7000000000000001
3.0 1.4999999999999734 0.8
3.0 1.4999999999999734 0.9
3.0 1.4999999999999734 1.0
3.0 1.4999999999999734 1.1
3.0 1.4999999999999734 1.2000000000000002
3.0 1.4999999999999734 1.3
3.0 1.4999999999999734 1.4000000000000001
3.0 1.4999999999999734 1.5
3.0 1.4999999999999734 1.6
3.0 1.4999999999999734 1.7000000000000002
3.0 1.4999999999999734 1.8
3.0 1.4999999999999734 1.9000000000000001
3.0 1.4999999999999734 2.0
3.0 1.4999999999999734 2.1
3.0 1.4999999999999734 2.2
3.0 1.4999999999999734 2.3000000000000003
3.0 1.4999999999999734 2.4000000000000004
3.0 1.4999999999999734 2.5
3.0 1.599999999999973 0.0
3.0 1.599999999999973 0.1
3.0 1.599999999999973 0.2
3.0 1.599999999999973 0.30000000000000004
3.0 1.599999999999973 0.4
3.0 1.599999999999973 0.5
3.0 1.599999999999973 0.6000000000000001
3.0 1.599999999999973 0.7000000000000001
3.0 1.599999999999973 0.8
3.0 1.599999999999973 0.9
3.0 1.599999999999973 1.0
3.0 1.599999999999973 1.1
3.0 1.599999999999973 1.2000000000000002
3.0 1.599999999999973 1.3
3.0 1.599999999999973 1.4000000000000001
3.0 1.599999999999973 1.5
3.0 1.599999999999973 1.6
3.0 1.599999999999973 1.7000000000000002
3.0 1.599999999999973 1.8
3.0 1.599999999999973 1.9000000000000001
3.0 1.599999999999973 2.0
3.0 1.599999999999973 2.1
3.0 1.599999999999973 2.2
3.0 1.599999999999973 2.3000000000000003
3.0 1.599999999999973 2.4000000000000004
3.0 1.599999999999973 2.5
3.0 1.6999999999999726 0.0
3.0 1.6999999999999726 0.1
3.0 1.6999999999999726 0.2
3.0 1.6999999999999726 0.30000000000000004
3.0 1.6999999999999726 0.4
3.0 1.6999999999999726 0.5
3.0 1.6999999999999726 0.6000000000000001
3.0 1.6999999999999726 0.7000000000000001
3.0 1.6999999999999726 0.8
3.0 1.6999999999999726 0.9
3.0 1.6999999999999726 1.0
3.0 1.6999999999999726 1.1
3.0 1.6999999999999726 1.2000000000000002
3.0 1.6999999999999726 1.3
3.0 1.6999999999999726 1.4000000000000001
3.0 1.6999999999999726 1.5
3.0 1.6999999999999726 1.6
3.0 1.6999999999999726 1.7000000000000002
3.0 1.6999999999999726 1.8
3.0 1.6999999999999726 1.9000000000000001
3.0 1.6999999999999726 2.0
3.0 1.6999999999999726 2.1
3.0 1.6999999999999726 2.2
3.0 1.6999999999999726 2.3000000000000003
3.0 1.6999999999999726 2.4000000000000004
3.0 1.6999999999999726 2.5
3.0 1.7999999999999723 0.0
3.0 1.7999999999999723 0.1
3.0 1.7999999999999723 0.2
3.0 1.7999999999999723 0.30000000000000004
3.0 1.7999999999999723 0.4
3.0 1.7999999999999723 0.5
3.0 1.7999999999999723 0.6000000000000001
3.0 1.7999999999999723 0.7000000000000001
3.0 1.7999999999999723 0.8
3.0 1.7999999999999723 0.9
3.0 1.7999999999999723 1.0
3.0 1.7999999999999723 1.1
3.0 1.7999999999999723 1.2000000000000002
3.0 1.7999999999999723 1.3
3.0 1.7999999999999723 1.4000000000000001
3.0 1.7999999999999723 1.5
3.0 1.7999999999999723 1.6
3.0 1.7999999999999723 1.7000000000000002
3.0 1.7999999999999723 1.8
3.0 1.7999999999999723 1.9000000000000001
3.0 1.7999999999999723 2.0
3.0 1.7999999999999723 2.1
3.0 1.7999999999999723 2.2
3.0 1.7999999999999723 2.3000000000000003
3.0 1.7999999999999723 2.4000000000000004
3.0 1.7999999999999723 2.5
3.0 1.899999999999972 0.0
3.0 1.899999999999972 0.1
3.0 1.899999999999972 0.2
3.0 1.899999999999972 0.30000000000000004
3.0 1.899999999999972 0.4
3.0 1.899999999999972 0.5
3.0 1.899999999999972 0.6000000000000001
3.0 1.899999999999972 0.7000000000000001
3.0 1.899999999999972 0.8
3.0 1.899999999999972 0.9
3.0 1.899999999999972 1.0
3.0 1.899999999999972 1.1
3.0 1.899999999999972 1.2000000000000002
3.0 1.899999999999972 1.3
3.0 1.899999999999972 1.4000000000000001
3.0 1.899999999999972 1.5
3.0 1.899999999999972 1.6
3.0 1.899999999999972 1.7000000000000002
3.0 1.899999999999972 1.8
3.0 1.899999999999972 1.9000000000000001
3.0 1.899999999999972 2.0
3.0 1.899999999999972 2.1
3.0 1.899999999999972 2.2
3.0 1.899999999999972 2.3000000000000003
3.0 1.899999999999972 2.4000000000000004
3.0 1.899999999999972 2.5
3.0 1.9999999999999716 0.0
3.0 1.9999999999999716 0.1
3.0 1.9999999999999716 0.2
3.0 1.9999999999999716 0.30000000000000004
3.0 1.9999999999999716 0.4
3.0 1.9999999999999716 0.5
3.0 1.9999999999999716 0.6000000000000001
3.0 1.9999999999999716 0.7000000000000001
3.0 1.9999999999999716 0.8
3.0 1.9999999999999716 0.9
3.0 1.9999999999999716 1.0
3.0 1.9999999999999716 1.1
3.0 1.9999999999999716 1.2000000000000002
3.0 1.9999999999999716 1.3
3.0 1.9999999999999716 1.4000000000000001
3.0 1.9999999999999716 1.5
3.0 1.9999999999999716 1.6
3.0 1.9999999999999716 1.7000000000000002
3.0 1.9999999999999716 1.8
3.0 1.9999999999999716 1.9000000000000001
3.0 1.9999999999999716 2.0
3.0 1.9999999999999716 2.1
3.0 1.9999999999999716 2.2
3.0 1.9999999999999716 2.3000000000000003
3.0 1.9999999999999716 2.4000000000000004
3.0 1.9999999999999716 2.5
3.0 2.0999999999999712 0.0
3.0 2.0999999999999712 0.1
3.0 2.0999999999999712 0.2
3.0 2.0999999999999712 0.30000000000000004
3.0 2.0999999999999712 0.4
3.0 2.0999999999999712 0.5
3.0 2.0999999999999712 0.6000000000000001
3.0 2.0999999999999712 0.7000000000000001
3.0 2.0999999999999712 0.8
3.0 2.0999999999999712 0.9
3.0 2.0999999999999712 1.0
3.0 2.0999999999999712 1.1
3.0 2.0999999999999712 1.2000000000000002
3.0 2.0999999999999712 1.3
3.0 2.0999999999999712 1.4000000000000001
3.0 2.0999999999999712 1.5
3.0 2.0999999999999712 1.6
3.0 2.0999999999999712 1.7000000000000002
3.0 2.0999999999999712 1.8
3.0 2.0999999999999712 1.9000000000000001
3.0 2.0999999999999712 2.0
3.0 2.0999999999999712 2.1
3.0 2.0999999999999712 2.2
3.0 2.0999999999999712 2.3000000000000003
3.0 2.0999999999999712 2.4000000000000004
3.0 2.0999999999999712 2.5
3.0 2.199999999999971 0.0
3.0 2.199999999999971 0.1
3.0 2.199999999999971 0.2
3.0 2.199999999999971 0.30000000000000004
3.0 2.199999999999971 0.4
3.0 2.199999999999971 0.5
3.0 2.199999999999971 0.6000000000000001
3.0 2.199999999999971 0.7000000000000001
3.0 2.199999999999971 0.8
3.0 2.199999999999971 0.9
3.0 2.199999999999971 1.0
3.0 2.199999999999971 1.1
3.0 2.199999999999971 1.2000000000000002
3.0 2.199999999999971 1.3
3.0 2.199999999999971 1.4000000000000001
3.0 2.199999999999971 1.5
3.0 2.199999999999971 1.6
3.0 2.199999999999971 1.7000000000000002
3.0 2.199999999999971 1.8
3.0 2.199999999999971 1.9000000000000001
3.0 2.199999999999971 2.0
3.0 2.199999999999971 2.1
3.0 2.199999999999971 2.2
3.0 2.199999999999971 2.3000000000000003
3.0 2.199999999999971 2.4000000000000004
3.0 2.199999999999971 2.5
3.0 2.2999999999999705 0.0
3.0 2.2999999999999705 0.1
3.0 2.2999999999999705 0.2
3.0 2.2999999999999705 0.30000000000000004
3.0 2.2999999999999705 0.4
3.0 2.2999999999999705 0.5
3.0 2.2999999999999705 0.6000000000000001
3.0 2.2999999999999705 0.7000000000000001
3.0 2.2999999999999705 0.8
3.0 2.2999999999999705 0.9
3.0 2.2999999999999705 1.0
3.0 2.2999999999999705 1.1
3.0 2.2999999999999705 1.2000000000000002
3.0 2.2999999999999705 1.3
3.0 2.2999999999999705 1.4000000000000001
3.0 2.2999999999999705 1.5
3.0 2.2999999999999705 1.6
3.0 2.2999999999999705 1.7000000000000002
3.0 2.2999999999999705 1.8
3.0 2.2999999999999705 1.9000000000000001
3.0 2.2999999999999705 2.0
3.0 2.2999999999999705 2.1
3.0 2.2999999999999705 2.2
3.0 2.2999999999999705 2.3000000000000003
3.0 2.2999999999999705 2.4000000000000004
3.0 2.2999999999999705 2.5
3.0 2.39999999999997 0.0
3.0 2.39999999999997 0.1
3.0 2.39999999999997 0.2
3.0 2.39999999999997 0.30000000000000004
3.0 2.39999999999997 0.4
3.0 2.39999999999997 0.5
3.0 2.39999999999997 0.6000000000000001
3.0 2.39999999999997 0.7000000000000001
3.0 2.39999999999997 0.8
3.0 2.39999999999997 0.9
3.0 2.39999999999997 1.0
3.0 2.39999999999997 1.1
3.0 2.39999999999997 1.2000000000000002
3.0 2.39999999999997 1.3
3.0 2.39999999999997 1.4000000000000001
3.0 2.39999999999997 1.5
3.0 2.39999999999997 1.6
3.0 2.39999999999997 1.7000000000000002
3.0 2.39999999999997 1.8
3.0 2.39999999999997 1.9000000000000001
3.0 2.39999999999997 2.0
3.0 2.39999999999997 2.1
3.0 2.39999999999997 2.2
3.0 2.39999999999997 2.3000000000000003
3.0 2.39999999999997 2.4000000000000004
3.0 2.39999999999997 2.5
3.0 2.49999999999997 0.0
3.0 2.49999999999997 0.1
3.0 2.49999999999997 0.2
3.0 2.49999999999997 0.30000000000000004
3.0 2.49999999999997 0.4
3.0 2.49999999999997 0.5
3.0 2.49999999999997 0.6000000000000001
3.0 2.49999999999997 0.7000000000000001
3.0 2.49999999999997 0.8
3.0 2.49999999999997 0.9
3.0 2.49999999999997 1.0
3.0 2.49999999999997 1.1
3.0 2.49999999999997 1.2000000000000002
3.0 2.49999999999997 1.3
3.0 2.49999999999997 1.4000000000000001
3.0 2.49999999999997 1.5
3.0 2.49999999999997 1.6
3.0 2.49999999999997 1.7000000000000002
3.0 2.49999999999997 1.8
3.0 2.49999999999997 1.9000000000000001
3.0 2.49999999999997 2.0
3.0 2.49999999999997 2.1
3.0 2.49999999999997 2.2
3.0 2.49999999999997 2.3000000000000003
3.0 2.49999999999997 2.4000000000000004
3.0 2.49999999999997 2.5
3.0 2.5999999999999694 0.0
3.0 2.5999999999999694 0.1
3.0 2.5999999999999694 0.2
3.0 2.5999999999999694 0.30000000000000004
3.0 2.5999999999999694 0.4
3.0 2.5999999999999694 0.5
3.0 2.5999999999999694 0.6000000000000001
3.0 2.5999999999999694 0.7000000000000001
3.0 2.5999999999999694 0.8
3.0 2.5999999999999694 0.9
3.0 2.5999999999999694 1.0
3.0 2.5999999999999694 1.1
3.0 2.5999999999999694 1.2000000000000002
3.0 2.5999999999999694 1.3
3.0 2.5999999999999694 1.4000000000000001
3.0 2.5999999999999694 1.5
3.0 2.5999999999999694 1.6
3.0 2.5999999999999694 1.7000000000000002
3.0 2.5999999999999694 1.8
3.0 2.5999999999999694 1.9000000000000001
3.0 2.5999999999999694 2.0
3.0 2.5999999999999694 2.1
3.0 2.5999999999999694 2.2
3.0 2.5999999999999694 2.3000000000000003
3.0 2.5999999999999694 2.4000000000000004
3.0 2.5999999999999694 2.5
3.0 2.699999999999969 0.0
3.0 2.699999999999969 0.1
3.0 2.699999999999969 0.2
3.0 2.699999999999969 0.30000000000000004
3.0 2.699999999999969 0.4
3.0 2.699999999999969 0.5
3.0 2.699999999999969 0.6000000000000001
3.0 2.699999999999969 0.7000000000000001
3.0 2.699999999999969 0.8
3.0 2.699999999999969 0.9
3.0 2.699999999999969 1.0
3.0 2.699999999999969 1.1
3.0 2.699999999999969 1.2000000000000002
3.0 2.699999999999969 1.3
3.0 2.699999999999969 1.4000000000000001
3.0 2.699999999999969 1.5
3.0 2.699999999999969 1.6
3.0 2.699999999999969 1.7000000000000002
3.0 2.699999999999969 1.8
3.0 2.699999999999969 1.9000000000000001
3.0 2.699999999999969 2.0
3.0 2.699999999999969 2.1
3.0 2.699999999999969 2.2
3.0 2.699999999999969 2.3000000000000003
3.0 2.699999999999969 2.4000000000000004
3.0 2.699999999999969 2.5
3.0 2.7999999999999687 0.0
3.0 2.7999999999999687 0.1
3.0 2.7999999999999687 0.2
3.0 2.7999999999999687 0.30000000000000004
3.0 2.7999999999999687 0.4
3.0 2.7999999999999687 0.5
3.0 2.7999999999999687 0.6000000000000001
3.0 2.7999999999999687 0.7000000000000001
3.0 2.7999999999999687 0.8
3.0 2.7999999999999687 0.9
3.0 2.7999999999999687 1.0
3.0 2.7999999999999687 1.1
3.0 2.7999999999999687 1.2000000000000002
3.0 2.7999999999999687 1.3
3.0 2.7999999999999687 1.4000000000000001
3.0 2.7999999999999687 1.5
3.0 2.7999999999999687 1.6
3.0 2.7999999999999687 1.7000000000000002
3.0 2.7999999999999687 1.8
3.0 2.7999999999999687 1.9000000000000001
3.0 2.7999999999999687 2.0
3.0 2.7999999999999687 2.1
3.0 2.7999999999999687 2.2
3.0 2.7999999999999687 2.3000000000000003
3.0 2.7999999999999687 2.4000000000000004
3.0 2.7999999999999687 2.5
3.0 2.8999999999999684 0.0
3.0 2.8999999999999684 0.1
3.0 2.8999999999999684 0.2
3.0 2.8999999999999684 0.30000000000000004
3.0 2.8999999999999684 0.4
3.0 2.8999999999999684 0.5
3.0 2.8999999999999684 0.6000000000000001
3.0 2.8999999999999684 0.7000000000000001
3.0 2.8999999999999684 0.8
3.0 2.8999999999999684 0.9
3.0 2.8999999999999684 1.0
3.0 2.8999999999999684 1.1
3.0 2.8999999999999684 1.2000000000000002
3.0 2.8999999999999684 1.3
3.0 2.8999999999999684 1.4000000000000001
3.0 2.8999999999999684 1.5
3.0 2.8999999999999684 1.6
3.0 2.8999999999999684 1.7000000000000002
3.0 2.8999999999999684 1.8
3.0 2.8999999999999684 1.9000000000000001
3.0 2.8999999999999684 2.0
3.0 2.8999999999999684 2.1
3.0 2.8999999999999684 2.2
3.0 2.8999999999999684 2.3000000000000003
3.0 2.8999999999999684 2.4000000000000004
3.0 2.8999999999999684 2.5
3.0 2.999999999999968 0.0
3.0 2.999999999999968 0.1
3.0 2.999999999999968 0.2
3.0 2.999999999999968 0.30000000000000004
3.0 2.999999999999968 0.4
3.0 2.999999999999968 0.5
3.0 2.999999999999968 0.6000000000000001
3.0 2.999999999999968 0.7000000000000001
3.0 2.999999999999968 0.8
3.0 2.999999999999968 0.9
3.0 2.999999999999968 1.0
3.0 2.999999999999968 1.1
3.0 2.999999999999968 1.2000000000000002
3.0 2.999999999999968 1.3
3.0 2.999999999999968 1.4000000000000001
3.0 2.999999999999968 1.5
3.0 2.999999999999968 1.6
3.0 2.999999999999968 1.7000000000000002
3.0 2.999999999999968 1.8
3.0 2.999999999999968 1.9000000000000001
3.0 2.999999999999968 2.0
3.0 2.999999999999968 2.1
3.0 2.999999999999968 2.2
3.0 2.999999999999968 2.3000000000000003
3.0 2.999999999999968 2.4000000000000004
3.0 2.999999999999968 2.5
3.0 3.0999999999999677 0.0
3.0 3.0999999999999677 0.1
3.0 3.0999999999999677 0.2
3.0 3.0999999999999677 0.30000000000000004
3.0 3.0999999999999677 0.4
3.0 3.0999999999999677 0.5
3.0 3.0999999999999677 0.6000000000000001
3.0 3.0999999999999677 0.7000000000000001
3.0 3.0999999999999677 0.8
3.0 3.0999999999999677 0.9
3.0 3.0999999999999677 1.0
3.0 3.0999999999999677 1.1
3.0 3.0999999999999677 1.2000000000000002
3.0 3.0999999999999677 1.3
3.0 3.0999999999999677 1.4000000000000001
3.0 3.0999999999999677 1.5
3.0 3.0999999999999677 1.6
3.0 3.0999999999999677 1.7000000000000002
3.0 3.0999999999999677 1.8
3.0 3.0999999999999677 1.9000000000000001
3.0 3.0999999999999677 2.0
3.0 3.0999999999999677 2.1
3.0 3.0999999999999677 2.2
3.0 3.0999999999999677 2.3000000000000003
3.0 3.0999999999999677 2.4000000000000004
3.0 3.0999999999999677 2.5
3.0 3.1999999999999673 0.0
3.0 3.1999999999999673 0.1
3.0 3.1999999999999673 0.2
3.0 3.1999999999999673 0.30000000000000004
3.0 3.1999999999999673 0.4
3.0 3.1999999999999673 0.5
3.0 3.1999999999999673 0.6000000000000001
3.0 3.1999999999999673 0.7000000000000001
3.0 3.1999999999999673 0.8
3.0 3.1999999999999673 0.9
3.0 3.1999999999999673 1.0
3.0 3.1999999999999673 1.1
3.0 3.1999999999999673 1.2000000000000002
3.0 3.1999999999999673 1.3
3.0 3.1999999999999673 1.4000000000000001
3.0 3.1999999999999673 1.5
3.0 3.1999999999999673 1.6
3.0 3.1999999999999673 1.7000000000000002
3.0 3.1999999999999673 1.8
3.0 3.1999999999999673 1.9000000000000001
3.0 3.1999999999999673 2.0
3.0 3.1999999999999673 2.1
3.0 3.1999999999999673 2.2
3.0 3.1999999999999673 2.3000000000000003
3.0 3.1999999999999673 2.4000000000000004
3.0 3.1999999999999673 2.5
3.0 3.299999999999967 0.0
3.0 3.299999999999967 0.1
3.0 3.299999999999967 0.2
3.0 3.299999999999967 0.30000000000000004
3.0 3.299999999999967 0.4
3.0 3.299999999999967 0.5
3.0 3.299999999999967 0.6000000000000001
3.0 3.299999999999967 0.7000000000000001
3.0 3.299999999999967 0.8
3.0 3.299999999999967 0.9
3.0 3.299999999999967 1.0
3.0 3.299999999999967 1.1
3.0 3.299999999999967 1.2000000000000002
3.0 3.299999999999967 1.3
3.0 3.299999999999967 1.4000000000000001
3.0 3.299999999999967 1.5
3.0 3.299999999999967 1.6
3.0 3.299999999999967 1.7000000000000002
3.0 3.299999999999967 1.8
3.0 3.299999999999967 1.9000000000000001
3.0 3.299999999999967 2.0
3.0 3.299999999999967 2.1
3.0 3.299999999999967 2.2
3.0 3.299999999999967 2.3000000000000003
3.0 3.299999999999967 2.4000000000000004
3.0 3.299999999999967 2.5
3.0 3.3999999999999666 0.0
3.0 3.3999999999999666 0.1
3.0 3.3999999999999666 0.2
3.0 3.3999999999999666 0.30000000000000004
3.0 3.3999999999999666 0.4
3.0 3.3999999999999666 0.5
3.0 3.3999999999999666 0.6000000000000001
3.0 3.3999999999999666 0.7000000000000001
3.0 3.3999999999999666 0.8
3.0 3.3999999999999666 0.9
3.0 3.3999999999999666 1.0
3.0 3.3999999999999666 1.1
3.0 3.3999999999999666 1.2000000000000002
3.0 3.3999999999999666 1.3
3.0 3.3999999999999666 1.4000000000000001
3.0 3.3999999999999666 1.5
3.0 3.3999999999999666 1.6
3.0 3.3999999999999666 1.7000000000000002
3.0 3.3999999999999666 1.8
3.0 3.3999999999999666 1.9000000000000001
3.0 3.3999999999999666 2.0
3.0 3.3999999999999666 2.1
3.0 3.3999999999999666 2.2
3.0 3.3999999999999666 2.3000000000000003
3.0 3.3999999999999666 2.4000000000000004
3.0 3.3999999999999666 2.5
3.0 3.4999999999999662 0.0
3.0 3.4999999999999662 0.1
3.0 3.4999999999999662 0.2
3.0 3.4999999999999662 0.30000000000000004
3.0 3.4999999999999662 0.4
3.0 3.4999999999999662 0.5
3.0 3.4999999999999662 0.6000000000000001
3.0 3.4999999999999662 0.7000000000000001
3.0 3.4999999999999662 0.8
3.0 3.4999999999999662 0.9
3.0 3.4999999999999662 1.0
3.0 3.4999999999999662 1.1
3.0 3.4999999999999662 1.2000000000000002
3.0 3.4999999999999662 1.3
3.0 3.4999999999999662 1.4000000000000001
3.0 3.4999999999999662 1.5
3.0 3.4999999999999662 1.6
3.0 3.4999999999999662 1.7000000000000002
3.0 3.4999999999999662 1.8
3.0 3.4999999999999662 1.9000000000000001
3.0 3.4999999999999662 2.0
3.0 3.4999999999999662 2.1
3.0 3.4999999999999662 2.2
3.0 3.4999999999999662 2.3000000000000003
3.0 3.4999999999999662 2.4000000000000004
3.0 3.4999999999999662 2.5
3.0 3.599999999999966 0.0
3.0 3.599999999999966 0.1
3.0 3.599999999999966 0.2
3.0 3.599999999999966 0.30000000000000004
3.0 3.599999999999966 0.4
3.0 3.599999999999966 0.5
3.0 3.599999999999966 0.6000000000000001
3.0 3.599999999999966 0.7000000000000001
3.0 3.599999999999966 0.8
3.0 3.599999999999966 0.9
3.0 3.599999999999966 1.0
3.0 3.599999999999966 1.1
3.0 3.599999999999966 1.2000000000000002
3.0 3.599999999999966 1.3
3.0 3.599999999999966 1.4000000000000001
3.0 3.599999999999966 1.5
3.0 3.599999999999966 1.6
3.0 3.599999999999966 1.7000000000000002
3.0 3.599999999999966 1.8
3.0 3.599999999999966 1.9000000000000001
3.0 3.599999999999966 2.0
3.0 3.599999999999966 2.1
3.0 3.599999999999966 2.2
3.0 3.599999999999966 2.3000000000000003
3.0 3.599999999999966 2.4000000000000004
3.0 3.599999999999966 2.5
3.0 3.6999999999999655 0.0
3.0 3.6999999999999655 0.1
3.0 3.6999999999999655 0.2
3.0 3.6999999999999655 0.30000000000000004
3.0 3.6999999999999655 0.4
3.0 3.6999999999999655 0.5
3.0 3.6999999999999655 0.6000000000000001
3.0 3.6999999999999655 0.7000000000000001
3.0 3.6999999999999655 0.8
3.0 3.6999999999999655 0.9
3.0 3.6999999999999655 1.0
3.0 3.6999999999999655 1.1
3.0 3.6999999999999655 1.2000000000000002
3.0 3.6999999999999655 1.3
3.0 3.6999999999999655 1.4000000000000001
3.0 3.6999999999999655 1.5
3.0 3.6999999999999655 1.6
3.0 3.6999999999999655 1.7000000000000002
3.0 3.6999999999999655 1.8
3.0 3.6999999999999655 1.9000000000000001
3.0 3.6999999999999655 2.0
3.0 3.6999999999999655 2.1
3.0 3.6999999999999655 2.2
3.0 3.6999999999999655 2.3000000000000003
3.0 3.6999999999999655 2.4000000000000004
3.0 3.6999999999999655 2.5
3.0 3.799999999999965 0.0
3.0 3.799999999999965 0.1
3.0 3.799999999999965 0.2
3.0 3.799999999999965 0.30000000000000004
3.0 3.799999999999965 0.4
3.0 3.799999999999965 0.5
3.0 3.799999999999965 0.6000000000000001
3.0 3.799999999999965 0.7000000000000001
3.0 3.799999999999965 0.8
3.0 3.799999999999965 0.9
3.0 3.799999999999965 1.0
3.0 3.799999999999965 1.1
3.0 3.799999999999965 1.2000000000000002
3.0 3.799999999999965 1.3
3.0 3.799999999999965 1.4000000000000001
3.0 3.799999999999965 1.5
3.0 3.799999999999965 1.6
3.0 3.799999999999965 1.7000000000000002
3.0 3.799999999999965 1.8
3.0 3.799999999999965 1.9000000000000001
3.0 3.799999999999965 2.0
3.0 3.799999999999965 2.1
3.0 3.799999999999965 2.2
3.0 3.799999999999965 2.3000000000000003
3.0 3.799999999999965 2.4000000000000004
3.0 3.799999999999965 2.5
3.0 3.899999999999965 0.0
3.0 3.899999999999965 0.1
3.0 3.899999999999965 0.2
3.0 3.899999999999965 0.30000000000000004
3.0 3.899999999999965 0.4
3.0 3.899999999999965 0.5
3.0 3.899999999999965 0.6000000000000001
3.0 3.899999999999965 0.7000000000000001
3.0 3.899999999999965 0.8
3.0 3.899999999999965 0.9
3.0 3.899999999999965 1.0
3.0 3.899999999999965 1.1
3.0 3.899999999999965 1.2000000000000002
3.0 3.899999999999965 1.3
3.0 3.899999999999965 1.4000000000000001
3.0 3.899999999999965 1.5
3.0 3.899999999999965 1.6
3.0 3.899999999999965 1.7000000000000002
3.0 3.899999999999965 1.8
3.0 3.899999999999965 1.9000000000000001
3.0 3.899999999999965 2.0
3.0 3.899999999999965 2.1
3.0 3.899999999999965 2.2
3.0 3.899999999999965 2.3000000000000003
3.0 3.899999999999965 2.4000000000000004
3.0 3.899999999999965 2.5
3.0 3.9999999999999645 0.0
3.0 3.9999999999999645 0.1
3.0 3.9999999999999645 0.2
3.0 3.9999999999999645 0.30000000000000004
3.0 3.9999999999999645 0.4
3.0 3.9999999999999645 0.5
3.0 3.9999999999999645 0.6000000000000001
3.0 3.9999999999999645 0.7000000000000001
3.0 3.9999999999999645 0.8
3.0 3.9999999999999645 0.9
3.0 3.9999999999999645 1.0
3.0 3.9999999999999645 1.1
3.0 3.9999999999999645 1.2000000000000002
3.0 3.9999999999999645 1.3
3.0 3.9999999999999645 1.4000000000000001
3.0 3.9999999999999645 1.5
3.0 3.9999999999999645 1.6
3.0 3.9999999999999645 1.7000000000000002
3.0 3.9999999999999645 1.8
3.0 3.9999999999999645 1.9000000000000001
3.0 3.9999999999999645 2.0
3.0 3.9999999999999645 2.1
3.0 3.9999999999999645 2.2
3.0 3.9999999999999645 2.3000000000000003
3.0 3.9999999999999645 2.4000000000000004
3.0 3.9999999999999645 2.5
3.0 4.099999999999964 0.0
3.0 4.099999999999964 0.1
3.0 4.099999999999964 0.2
3.0 4.099999999999964 0.30000000000000004
3.0 4.099999999999964 0.4
3.0 4.099999999999964 0.5
3.0 4.099999999999964 0.6000000000000001
3.0 4.099999999999964 0.7000000000000001
3.0 4.099999999999964 0.8
3.0 4.099999999999964 0.9
3.0 4.099999999999964 1.0
3.0 4.099999999999964 1.1
3.0 4.099999999999964 1.2000000000000002
3.0 4.099999999999964 1.3
3.0 4.099999999999964 1.4000000000000001
3.0 4.099999999999964 1.5
3.0 4.099999999999964 1.6
3.0 4.099999999999964 1.7000000000000002
3.0 4.099999999999964 1.8
3.0 4.099999999999964 1.9000000000000001
3.0 4.099999999999964 2.0
3.0 4.099999999999964 2.1
3.0 4.099999999999964 2.2
3.0 4.099999999999964 2.3000000000000003
3.0 4.099999999999964 2.4000000000000004
3.0 4.099999999999964 2.5
3.0 4.199999999999964 0.0
3.0 4.199999999999964 0.1
3.0 4.199999999999964 0.2
3.0 4.199999999999964 0.30000000000000004
3.0 4.199999999999964 0.4
3.0 4.199999999999964 0.5
3.0 4.199999999999964 0.6000000000000001
3.0 4.199999999999964 0.7000000000000001
3.0 4.199999999999964 0.8
3.0 4.199999999999964 0.9
3.0 4.199999999999964 1.0
3.0 4.199999999999964 1.1
3.0 4.199999999999964 1.2000000000000002
3.0 4.199999999999964 1.3
3.0 4.199999999999964 1.4000000000000001
3.0 4.199999999999964 1.5
3.0 4.199999999999964 1.6
3.0 4.199999999999964 1.7000000000000002
3.0 4.199999999999964 1.8
3.0 4.199999999999964 1.9000000000000001
3.0 4.199999999999964 2.0
3.0 4.199999999999964 2.1
3.0 4.199999999999964 2.2
3.0 4.199999999999964 2.3000000000000003
3.0 4.199999999999964 2.4000000000000004
3.0 4.199999999999964 2.5
3.0 4.299999999999963 0.0
3.0 4.299999999999963 0.1
3.0 4.299999999999963 0.2
3.0 4.299999999999963 0.30000000000000004
3.0 4.299999999999963 0.4
3.0 4.299999999999963 0.5
3.0 4.299999999999963 0.6000000000000001
3.0 4.299999999999963 0.7000000000000001
3.0 4.299999999999963 0.8
3.0 4.299999999999963 0.9
3.0 4.299999999999963 1.0
3.0 4.299999999999963 1.1
3.0 4.299999999999963 1.2000000000000002
3.0 4.299999999999963 1.3
3.0 4.299999999999963 1.4000000000000001
3.0 4.299999999999963 1.5
3.0 4.299999999999963 1.6
3.0 4.299999999999963 1.7000000000000002
3.0 4.299999999999963 1.8
3.0 4.299999999999963 1.9000000000000001
3.0 4.299999999999963 2.0
3.0 4.299999999999963 2.1
3.0 4.299999999999963 2.2
3.0 4.299999999999963 2.3000000000000003
3.0 4.299999999999963 2.4000000000000004
3.0 4.299999999999963 2.5
3.0 4.399999999999963 0.0
3.0 4.399999999999963 0.1
3.0 4.399999999999963 0.2
3.0 4.399999999999963 0.30000000000000004
3.0 4.399999999999963 0.4
3.0 4.399999999999963 0.5
3.0 4.399999999999963 0.6000000000000001
3.0 4.399999999999963 0.7000000000000001
3.0 4.399999999999963 0.8
3.0 4.399999999999963 0.9
3.0 4.399999999999963 1.0
3.0 4.399999999999963 1.1
3.0 4.399999999999963 1.2000000000000002
3.0 4.399999999999963 1.3
3.0 4.399999999999963 1.4000000000000001
3.0 4.399999999999963 1.5
3.0 4.399999999999963 1.6
3.0 4.399999999999963 1.7000000000000002
3.0 4.399999999999963 1.8
3.0 4.399999999999963 1.9000000000000001
3.0 4.399999999999963 2.0
3.0 4.399999999999963 2.1
3.0 4.399999999999963 2.2
3.0 4.399999999999963 2.3000000000000003
3.0 4.399999999999963 2.4000000000000004
3.0 4.399999999999963 2.5
3.0 4.499999999999963 0.0
3.0 4.499999999999963 0.1
3.0 4.499999999999963 0.2
3.0 4.499999999999963 0.30000000000000004
3.0 4.499999999999963 0.4
3.0 4.499999999999963 0.5
3.0 4.499999999999963 0.6000000000000001
3.0 4.499999999999963 0.7000000000000001
3.0 4.499999999999963 0.8
3.0 4.499999999999963 0.9
3.0 4.499999999999963 1.0
3.0 4.499999999999963 1.1
3.0 4.499999999999963 1.2000000000000002
3.0 4.499999999999963 1.3
3.0 4.499999999999963 1.4000000000000001
3.0 4.499999999999963 1.5
3.0 4.499999999999963 1.6
3.0 4.499999999999963 1.7000000000000002
3.0 4.499999999999963 1.8
3.0 4.499999999999963 1.9000000000000001
3.0 4.499999999999963 2.0
3.0 4.499999999999963 2.1
3.0 4.499999999999963 2.2
3.0 4.499999999999963 2.3000000000000003
3.0 4.499999999999963 2.4000000000000004
3.0 4.499999999999963 2.5
3.0 4.599999999999962 0.0
3.0 4.599999999999962 0.1
3.0 4.599999999999962 0.2
3.0 4.599999999999962 0.30000000000000004
3.0 4.599999999999962 0.4
3.0 4.599999999999962 0.5
3.0 4.599999999999962 0.6000000000000001
3.0 4.599999999999962 0.7000000000000001
3.0 4.599999999999962 0.8
3.0 4.599999999999962 0.9
3.0 4.599999999999962 1.0
3.0 4.599999999999962 1.1
3.0 4.599999999999962 1.2000000000000002
3.0 4.599999999999962 1.3
3.0 4.599999999999962 1.4000000000000001
3.0 4.599999999999962 1.5
3.0 4.599999999999962 1.6
3.0 4.599999999999962 1.7000000000000002
3.0 4.599999999999962 1.8
3.0 4.599999999999962 1.9000000000000001
3.0 4.599999999999962 2.0
3.0 4.599999999999962 2.1
3.0 4.599999999999962 2.2
3.0 4.599999999999962 2.3000000000000003
3.0 4.599999999999962 2.4000000000000004
3.0 4.599999999999962 2.5
3.0 4.699999999999962 0.0
3.0 4.699999999999962 0.1
3.0 4.699999999999962 0.2
3.0 4.699999999999962 0.30000000000000004
3.0 4.699999999999962 0.4
3.0 4.699999999999962 0.5
3.0 4.699999999999962 0.6000000000000001
3.0 4.699999999999962 0.7000000000000001
3.0 4.699999999999962 0.8
3.0 4.699999999999962 0.9
3.0 4.699999999999962 1.0
3.0 4.699999999999962 1.1
3.0 4.699999999999962 1.2000000000000002
3.0 4.699999999999962 1.3
3.0 4.699999999999962 1.4000000000000001
3.0 4.699999999999962 1.5
3.0 4.699999999999962 1.6
3.0 4.699999999999962 1.7000000000000002
3.0 4.699999999999962 1.8
3.0 4.699999999999962 1.9000000000000001
3.0 4.699999999999962 2.0
3.0 4.699999999999962 2.1
3.0 4.699999999999962 2.2
3.0 4.699999999999962 2.3000000000000003
3.0 4.699999999999962 2.4000000000000004
3.0 4.699999999999962 2.5
3.0 4.799999999999962 0.0
3.0 4.799999999999962 0.1
3.0 4.799999999999962 0.2
3.0 4.799999999999962 0.30000000000000004
3.0 4.799999999999962 0.4
3.0 4.799999999999962 0.5
3.0 4.799999999999962 0.6000000000000001
3.0 4.799999999999962 0.7000000000000001
3.0 4.799999999999962 0.8
3.0 4.799999999999962 0.9
3.0 4.799999999999962 1.0
3.0 4.799999999999962 1.1
3.0 4.799999999999962 1.2000000000000002
3.0 4.799999999999962 1.3
3.0 4.799999999999962 1.4000000000000001
3.0 4.799999999999962 1.5
3.0 4.799999999999962 1.6
3.0 4.799999999999962 1.7000000000000002
3.0 4.799999999999962 1.8
3.0 4.799999999999962 1.9000000000000001
3.0 4.799999999999962 2.0
3.0 4.799999999999962 2.1
3.0 4.799999999999962 2.2
3.0 4.799999999999962 2.3000000000000003
3.0 4.799999999999962 2.4000000000000004
3.0 4.799999999999962 2.5
3.0 4.899999999999961 0.0
3.0 4.899999999999961 0.1
3.0 4.899999999999961 0.2
3.0 4.899999999999961 0.30000000000000004
3.0 4.899999999999961 0.4
3.0 4.899999999999961 0.5
3.0 4.899999999999961 0.6000000000000001
3.0 4.899999999999961 0.7000000000000001
3.0 4.899999999999961 0.8
3.0 4.899999999999961 0.9
3.0 4.899999999999961 1.0
3.0 4.899999999999961 1.1
3.0 4.899999999999961 1.2000000000000002
3.0 4.899999999999961 1.3
3.0 4.899999999999961 1.4000000000000001
3.0 4.899999999999961 1.5
3.0 4.899999999999961 1.6
3.0 4.899999999999961 1.7000000000000002
3.0 4.899999999999961 1.8
3.0 4.899999999999961 1.9000000000000001
3.0 4.899999999999961 2.0
3.0 4.899999999999961 2.1
3.0 4.899999999999961 2.2
3.0 4.899999999999961 2.3000000000000003
3.0 4.899999999999961 2.4000000000000004
3.0 4.899999999999961 2.5
3.0 4.999999999999961 0.0
3.0 4.999999999999961 0.1
3.0 4.999999999999961 0.2
3.0 4.999999999999961 0.30000000000000004
3.0 4.999999999999961 0.4
3.0 4.999999999999961 0.5
3.0 4.999999999999961 0.6000000000000001
3.0 4.999999999999961 0.7000000000000001
3.0 4.999999999999961 0.8
3.0 4.999999999999961 0.9
3.0 4.999999999999961 1.0
3.0 4.999999999999961 1.1
3.0 4.999999999999961 1.2000000000000002
3.0 4.999999999999961 1.3
3.0 4.999999999999961 1.4000000000000001
3.0 4.999999999999961 1.5
3.0 4.999999999999961 1.6
3.0 4.999999999999961 1.7000000000000002
3.0 4.999999999999961 1.8
3.0 4.999999999999961 1.9000000000000001
3.0 4.999999999999961 2.0
3.0 4.999999999999961 2.1
3.0 4.999999999999961 2.2
3.0 4.999999999999961 2.3000000000000003
3.0 4.999999999999961 2.4000000000000004
3.0 4.999999999999961 2.5
3.0 5.099999999999961 0.0
3.0 5.099999999999961 0.1
3.0 5.099999999999961 0.2
3.0 5.099999999999961 0.30000000000000004
3.0 5.099999999999961 0.4
3.0 5.099999999999961 0.5
3.0 5.099999999999961 0.6000000000000001
3.0 5.099999999999961 0.7000000000000001
3.0 5.099999999999961 0.8
3.0 5.099999999999961 0.9
3.0 5.099999999999961 1.0
3.0 5.099999999999961 1.1
3.0 5.099999999999961 1.2000000000000002
3.0 5.099999999999961 1.3
3.0 5.099999999999961 1.4000000000000001
3.0 5.099999999999961 1.5
3.0 5.099999999999961 1.6
3.0 5.099999999999961 1.7000000000000002
3.0 5.099999999999961 1.8
3.0 5.099999999999961 1.9000000000000001
3.0 5.099999999999961 2.0
3.0 5.099999999999961 2.1
3.0 5.099999999999961 2.2
3.0 5.099999999999961 2.3000000000000003
3.0 5.099999999999961 2.4000000000000004
3.0 5.099999999999961 2.5
3.0 5.19999999999996 0.0
3.0 5.19999999999996 0.1
3.0 5.19999999999996 0.2
3.0 5.19999999999996 0.30000000000000004
3.0 5.19999999999996 0.4
3.0 5.19999999999996 0.5
3.0 5.19999999999996 0.6000000000000001
3.0 5.19999999999996 0.7000000000000001
3.0 5.19999999999996 0.8
3.0 5.19999999999996 0.9
3.0 5.19999999999996 1.0
3.0 5.19999999999996 1.1
3.0 5.19999999999996 1.2000000000000002
3.0 5.19999999999996 1.3
3.0 5.19999999999996 1.4000000000000001
3.0 5.19999999999996 1.5
3.0 5.19999999999996 1.6
3.0 5.19999999999996 1.7000000000000002
3.0 5.19999999999996 1.8
3.0 5.19999999999996 1.9000000000000001
3.0 5.19999999999996 2.0
3.0 5.19999999999996 2.1
3.0 5.19999999999996 2.2
3.0 5.19999999999996 2.3000000000000003
3.0 5.19999999999996 2.4000000000000004
3.0 5.19999999999996 2.5
3.0 5.29999999999996 0.0
3.0 5.29999999999996 0.1
3.0 5.29999999999996 0.2
3.0 5.29999999999996 0.30000000000000004
3.0 5.29999999999996 0.4
3.0 5.29999999999996 0.5
3.0 5.29999999999996 0.6000000000000001
3.0 5.29999999999996 0.7000000000000001
3.0 5.29999999999996 0.8
3.0 5.29999999999996 0.9
3.0 5.29999999999996 1.0
3.0 5.29999999999996 1.1
3.0 5.29999999999996 1.2000000000000002
3.0 5.29999999999996 1.3
3.0 5.29999999999996 1.4000000000000001
3.0 5.29999999999996 1.5
3.0 5.29999999999996 1.6
3.0 5.29999999999996 1.7000000000000002
3.0 5.29999999999996 1.8
3.0 5.29999999999996 1.9000000000000001
3.0 5.29999999999996 2.0
3.0 5.29999999999996 2.1
3.0 5.29999999999996 2.2
3.0 5.29999999999996 2.3000000000000003
3.0 5.29999999999996 2.4000000000000004
3.0 5.29999999999996 2.5
3.0 5.3999999999999595 0.0
3.0 5.3999999999999595 0.1
3.0 5.3999999999999595 0.2
3.0 5.3999999999999595 0.30000000000000004
3.0 5.3999999999999595 0.4
3.0 5.3999999999999595 0.5
3.0 5.3999999999999595 0.6000000000000001
3.0 5.3999999999999595 0.7000000000000001
3.0 5.3999999999999595 0.8
3.0 5.3999999999999595 0.9
3.0 5.3999999999999595 1.0
3.0 5.3999999999999595 1.1
3.0 5.3999999999999595 1.2000000000000002
3.0 5.3999999999999595 1.3
3.0 5.3999999999999595 1.4000000000000001
3.0 5.3999999999999595 1.5
3.0 5.3999999999999595 1.6
3.0 5.3999999999999595 1.7000000000000002
3.0 5.3999999999999595 1.8
3.0 5.3999999999999595 1.9000000000000001
3.0 5.3999999999999595 2.0
3.0 5.3999999999999595 2.1
3.0 5.3999999999999595 2.2
3.0 5.3999999999999595 2.3000000000000003
3.0 5.3999999999999595 2.4000000000000004
3.0 5.3999999999999595 2.5
3.0 5.499999999999959 0.0
3.0 5.499999999999959 0.1
3.0 5.499999999999959 0.2
3.0 5.499999999999959 0.30000000000000004
3.0 5.499999999999959 0.4
3.0 5.499999999999959 0.5
3.0 5.499999999999959 0.6000000000000001
3.0 5.499999999999959 0.7000000000000001
3.0 5.499999999999959 0.8
3.0 5.499999999999959 0.9
3.0 5.499999999999959 1.0
3.0 5.499999999999959 1.1
3.0 5.499999999999959 1.2000000000000002
3.0 5.499999999999959 1.3
3.0 5.499999999999959 1.4000000000000001
3.0 5.499999999999959 1.5
3.0 5.499999999999959 1.6
3.0 5.499999999999959 1.7000000000000002
3.0 5.499999999999959 1.8
3.0 5.499999999999959 1.9000000000000001
3.0 5.499999999999959 2.0
3.0 5.499999999999959 2.1
3.0 5.499999999999959 2.2
3.0 5.499999999999959 2.3000000000000003
3.0 5.499999999999959 2.4000000000000004
3.0 5.499999999999959 2.5
3.0 5.599999999999959 0.0
3.0 5.599999999999959 0.1
3.0 5.599999999999959 0.2
3.0 5.599999999999959 0.30000000000000004
3.0 5.599999999999959 0.4
3.0 5.599999999999959 0.5
3.0 5.599999999999959 0.6000000000000001
3.0 5.599999999999959 0.7000000000000001
3.0 5.599999999999959 0.8
3.0 5.599999999999959 0.9
3.0 5.599999999999959 1.0
3.0 5.599999999999959 1.1
3.0 5.599999999999959 1.2000000000000002
3.0 5.599999999999959 1.3
3.0 5.599999999999959 1.4000000000000001
3.0 5.599999999999959 1.5
3.0 5.599999999999959 1.6
3.0 5.599999999999959 1.7000000000000002
3.0 5.599999999999959 1.8
3.0 5.599999999999959 1.9000000000000001
3.0 5.599999999999959 2.0
3.0 5.599999999999959 2.1
3.0 5.599999999999959 2.2
3.0 5.599999999999959 2.3000000000000003
3.0 5.599999999999959 2.4000000000000004
3.0 5.599999999999959 2.5
3.0 5.699999999999958 0.0
3.0 5.699999999999958 0.1
3.0 5.699999999999958 0.2
3.0 5.699999999999958 0.30000000000000004
3.0 5.699999999999958 0.4
3.0 5.699999999999958 0.5
3.0 5.699999999999958 0.6000000000000001
3.0 5.699999999999958 0.7000000000000001
3.0 5.699999999999958 0.8
3.0 5.699999999999958 0.9
3.0 5.699999999999958 1.0
3.0 5.699999999999958 1.1
3.0 5.699999999999958 1.2000000000000002
3.0 5.699999999999958 1.3
3.0 5.699999999999958 1.4000000000000001
3.0 5.699999999999958 1.5
3.0 5.699999999999958 1.6
3.0 5.699999999999958 1.7000000000000002
3.0 5.699999999999958 1.8
3.0 5.699999999999958 1.9000000000000001
3.0 5.699999999999958 2.0
3.0 5.699999999999958 2.1
3.0 5.699999999999958 2.2
3.0 5.699999999999958 2.3000000000000003
3.0 5.699999999999958 2.4000000000000004
3.0 5.699999999999958 2.5
3.0 5.799999999999958 0.0
3.0 5.799999999999958 0.1
3.0 5.799999999999958 0.2
3.0 5.799999999999958 0.30000000000000004
3.0 5.799999999999958 0.4
3.0 5.799999999999958 0.5
3.0 5.799999999999958 0.6000000000000001
3.0 5.799999999999958 0.7000000000000001
3.0 5.799999999999958 0.8
3.0 5.799999999999958 0.9
3.0 5.799999999999958 1.0
3.0 5.799999999999958 1.1
3.0 5.799999999999958 1.2000000000000002
3.0 5.799999999999958 1.3
3.0 5.799999999999958 1.4000000000000001
3.0 5.799999999999958 1.5
3.0 5.799999999999958 1.6
3.0 5.799999999999958 1.7000000000000002
3.0 5.799999999999958 1.8
3.0 5.799999999999958 1.9000000000000001
3.0 5.799999999999958 2.0
3.0 5.799999999999958 2.1
3.0 5.799999999999958 2.2
3.0 5.799999999999958 2.3000000000000003
3.0 5.799999999999958 2.4000000000000004
3.0 5.799999999999958 2.5
3.0 5.899999999999958 0.0
3.0 5.899999999999958 0.1
3.0 5.899999999999958 0.2
3.0 5.899999999999958 0.30000000000000004
3.0 5.899999999999958 0.4
3.0 5.899999999999958 0.5
3.0 5.899999999999958 0.6000000000000001
3.0 5.899999999999958 0.7000000000000001
3.0 5.899999999999958 0.8
3.0 5.899999999999958 0.9
3.0 5.899999999999958 1.0
3.0 5.899999999999958 1.1
3.0 5.899999999999958 1.2000000000000002
3.0 5.899999999999958 1.3
3.0 5.899999999999958 1.4000000000000001
3.0 5.899999999999958 1.5
3.0 5.899999999999958 1.6
3.0 5.899999999999958 1.7000000000000002
3.0 5.899999999999958 1.8
3.0 5.899999999999958 1.9000000000000001
3.0 5.899999999999958 2.0
3.0 5.899999999999958 2.1
3.0 5.899999999999958 2.2
3.0 5.899999999999958 2.3000000000000003
3.0 5.899999999999958 2.4000000000000004
3.0 5.899999999999958 2.5
3.0 5.999999999999957 0.0
3.0 5.999999999999957 0.1
3.0 5.999999999999957 0.2
3.0 5.999999999999957 0.30000000000000004
3.0 5.999999999999957 0.4
3.0 5.999999999999957 0.5
3.0 5.999999999999957 0.6000000000000001
3.0 5.999999999999957 0.7000000000000001
3.0 5.999999999999957 0.8
3.0 5.999999999999957 0.9
3.0 5.999999999999957 1.0
3.0 5.999999999999957 1.1
3.0 5.999999999999957 1.2000000000000002
3.0 5.999999999999957 1.3
3.0 5.999999999999957 1.4000000000000001
3.0 5.999999999999957 1.5
3.0 5.999999999999957 1.6
3.0 5.999999999999957 1.7000000000000002
3.0 5.999999999999957 1.8
3.0 5.999999999999957 1.9000000000000001
3.0 5.999999999999957 2.0
3.0 5.999999999999957 2.1
3.0 5.999999999999957 2.2
3.0 5.999999999999957 2.3000000000000003
3.0 5.999999999999957 2.4000000000000004
3.0 5.999999999999957 2.5
3.1 -6.0 0.0
3.1 -6.0 0.1
3.1 -6.0 0.2
3.1 -6.0 0.30000000000000004
3.1 -6.0 0.4
3.1 -6.0 0.5
3.1 -6.0 0.6000000000000001
3.1 -6.0 0.7000000000000001
3.1 -6.0 0.8
3.1 -6.0 0.9
3.1 -6.0 1.0
3.1 -6.0 1.1
3.1 -6.0 1.2000000000000002
3.1 -6.0 1.3
3.1 -6.0 1.4000000000000001
3.1 -6.0 1.5
3.1 -6.0 1.6
3.1 -6.0 1.7000000000000002
3.1 -6.0 1.8
3.1 -6.0 1.9000000000000001
3.1 -6.0 2.0
3.1 -6.0 2.1
3.1 -6.0 2.2
3.1 -6.0 2.3000000000000003
3.1 -6.0 2.4000000000000004
3.1 -6.0 2.5
3.1 -5.9 0.0
3.1 -5.9 0.1
3.1 -5.9 0.2
3.1 -5.9 0.30000000000000004
3.1 -5.9 0.4
3.1 -5.9 0.5
3.1 -5.9 0.6000000000000001
3.1 -5.9 0.7000000000000001
3.1 -5.9 0.8
3.1 -5.9 0.9
3.1 -5.9 1.0
3.1 -5.9 1.1
3.1 -5.9 1.2000000000000002
3.1 -5.9 1.3
3.1 -5.9 1.4000000000000001
3.1 -5.9 1.5
3.1 -5.9 1.6
3.1 -5.9 1.7000000000000002
3.1 -5.9 1.8
3.1 -5.9 1.9000000000000001
3.1 -5.9 2.0
3.1 -5.9 2.1
3.1 -5.9 2.2
3.1 -5.9 2.3000000000000003
3.1 -5.9 2.4000000000000004
3.1 -5.9 2.5
3.1 -5.800000000000001 0.0
3.1 -5.800000000000001 0.1
3.1 -5.800000000000001 0.2
3.1 -5.800000000000001 0.30000000000000004
3.1 -5.800000000000001 0.4
3.1 -5.800000000000001 0.5
3.1 -5.800000000000001 0.6000000000000001
3.1 -5.800000000000001 0.7000000000000001
3.1 -5.800000000000001 0.8
3.1 -5.800000000000001 0.9
3.1 -5.800000000000001 1.0
3.1 -5.800000000000001 1.1
3.1 -5.800000000000001 1.2000000000000002
3.1 -5.800000000000001 1.3
3.1 -5.800000000000001 1.4000000000000001
3.1 -5.800000000000001 1.5
3.1 -5.800000000000001 1.6
3.1 -5.800000000000001 1.7000000000000002
3.1 -5.800000000000001 1.8
3.1 -5.800000000000001 1.9000000000000001
3.1 -5.800000000000001 2.0
3.1 -5.800000000000001 2.1
3.1 -5.800000000000001 2.2
3.1 -5.800000000000001 2.3000000000000003
3.1 -5.800000000000001 2.4000000000000004
3.1 -5.800000000000001 2.5
3.1 -5.700000000000001 0.0
3.1 -5.700000000000001 0.1
3.1 -5.700000000000001 0.2
3.1 -5.700000000000001 0.30000000000000004
3.1 -5.700000000000001 0.4
3.1 -5.700000000000001 0.5
3.1 -5.700000000000001 0.6000000000000001
3.1 -5.700000000000001 0.7000000000000001
3.1 -5.700000000000001 0.8
3.1 -5.700000000000001 0.9
3.1 -5.700000000000001 1.0
3.1 -5.700000000000001 1.1
3.1 -5.700000000000001 1.2000000000000002
3.1 -5.700000000000001 1.3
3.1 -5.700000000000001 1.4000000000000001
3.1 -5.700000000000001 1.5
3.1 -5.700000000000001 1.6
3.1 -5.700000000000001 1.7000000000000002
3.1 -5.700000000000001 1.8
3.1 -5.700000000000001 1.9000000000000001
3.1 -5.700000000000001 2.0
3.1 -5.700000000000001 2.1
3.1 -5.700000000000001 2.2
3.1 -5.700000000000001 2.3000000000000003
3.1 -5.700000000000001 2.4000000000000004
3.1 -5.700000000000001 2.5
3.1 -5.600000000000001 0.0
3.1 -5.600000000000001 0.1
3.1 -5.600000000000001 0.2
3.1 -5.600000000000001 0.30000000000000004
3.1 -5.600000000000001 0.4
3.1 -5.600000000000001 0.5
3.1 -5.600000000000001 0.6000000000000001
3.1 -5.600000000000001 0.7000000000000001
3.1 -5.600000000000001 0.8
3.1 -5.600000000000001 0.9
3.1 -5.600000000000001 1.0
3.1 -5.600000000000001 1.1
3.1 -5.600000000000001 1.2000000000000002
3.1 -5.600000000000001 1.3
3.1 -5.600000000000001 1.4000000000000001
3.1 -5.600000000000001 1.5
3.1 -5.600000000000001 1.6
3.1 -5.600000000000001 1.7000000000000002
3.1 -5.600000000000001 1.8
3.1 -5.600000000000001 1.9000000000000001
3.1 -5.600000000000001 2.0
3.1 -5.600000000000001 2.1
3.1 -5.600000000000001 2.2
3.1 -5.600000000000001 2.3000000000000003
3.1 -5.600000000000001 2.4000000000000004
3.1 -5.600000000000001 2.5
3.1 -5.500000000000002 0.0
3.1 -5.500000000000002 0.1
3.1 -5.500000000000002 0.2
3.1 -5.500000000000002 0.30000000000000004
3.1 -5.500000000000002 0.4
3.1 -5.500000000000002 0.5
3.1 -5.500000000000002 0.6000000000000001
3.1 -5.500000000000002 0.7000000000000001
3.1 -5.500000000000002 0.8
3.1 -5.500000000000002 0.9
3.1 -5.500000000000002 1.0
3.1 -5.500000000000002 1.1
3.1 -5.500000000000002 1.2000000000000002
3.1 -5.500000000000002 1.3
3.1 -5.500000000000002 1.4000000000000001
3.1 -5.500000000000002 1.5
3.1 -5.500000000000002 1.6
3.1 -5.500000000000002 1.7000000000000002
3.1 -5.500000000000002 1.8
3.1 -5.500000000000002 1.9000000000000001
3.1 -5.500000000000002 2.0
3.1 -5.500000000000002 2.1
3.1 -5.500000000000002 2.2
3.1 -5.500000000000002 2.3000000000000003
3.1 -5.500000000000002 2.4000000000000004
3.1 -5.500000000000002 2.5
3.1 -5.400000000000002 0.0
3.1 -5.400000000000002 0.1
3.1 -5.400000000000002 0.2
3.1 -5.400000000000002 0.30000000000000004
3.1 -5.400000000000002 0.4
3.1 -5.400000000000002 0.5
3.1 -5.400000000000002 0.6000000000000001
3.1 -5.400000000000002 0.7000000000000001
3.1 -5.400000000000002 0.8
3.1 -5.400000000000002 0.9
3.1 -5.400000000000002 1.0
3.1 -5.400000000000002 1.1
3.1 -5.400000000000002 1.2000000000000002
3.1 -5.400000000000002 1.3
3.1 -5.400000000000002 1.4000000000000001
3.1 -5.400000000000002 1.5
3.1 -5.400000000000002 1.6
3.1 -5.400000000000002 1.7000000000000002
3.1 -5.400000000000002 1.8
3.1 -5.400000000000002 1.9000000000000001
3.1 -5.400000000000002 2.0
3.1 -5.400000000000002 2.1
3.1 -5.400000000000002 2.2
3.1 -5.400000000000002 2.3000000000000003
3.1 -5.400000000000002 2.4000000000000004
3.1 -5.400000000000002 2.5
3.1 -5.3000000000000025 0.0
3.1 -5.3000000000000025 0.1
3.1 -5.3000000000000025 0.2
3.1 -5.3000000000000025 0.30000000000000004
3.1 -5.3000000000000025 0.4
3.1 -5.3000000000000025 0.5
3.1 -5.3000000000000025 0.6000000000000001
3.1 -5.3000000000000025 0.7000000000000001
3.1 -5.3000000000000025 0.8
3.1 -5.3000000000000025 0.9
3.1 -5.3000000000000025 1.0
3.1 -5.3000000000000025 1.1
3.1 -5.3000000000000025 1.2000000000000002
3.1 -5.3000000000000025 1.3
3.1 -5.3000000000000025 1.4000000000000001
3.1 -5.3000000000000025 1.5
3.1 -5.3000000000000025 1.6
3.1 -5.3000000000000025 1.7000000000000002
3.1 -5.3000000000000025 1.8
3.1 -5.3000000000000025 1.9000000000000001
3.1 -5.3000000000000025 2.0
3.1 -5.3000000000000025 2.1
3.1 -5.3000000000000025 2.2
3.1 -5.3000000000000025 2.3000000000000003
3.1 -5.3000000000000025 2.4000000000000004
3.1 -5.3000000000000025 2.5
3.1 -5.200000000000003 0.0
3.1 -5.200000000000003 0.1
3.1 -5.200000000000003 0.2
3.1 -5.200000000000003 0.30000000000000004
3.1 -5.200000000000003 0.4
3.1 -5.200000000000003 0.5
3.1 -5.200000000000003 0.6000000000000001
3.1 -5.200000000000003 0.7000000000000001
3.1 -5.200000000000003 0.8
3.1 -5.200000000000003 0.9
3.1 -5.200000000000003 1.0
3.1 -5.200000000000003 1.1
3.1 -5.200000000000003 1.2000000000000002
3.1 -5.200000000000003 1.3
3.1 -5.200000000000003 1.4000000000000001
3.1 -5.200000000000003 1.5
3.1 -5.200000000000003 1.6
3.1 -5.200000000000003 1.7000000000000002
3.1 -5.200000000000003 1.8
3.1 -5.200000000000003 1.9000000000000001
3.1 -5.200000000000003 2.0
3.1 -5.200000000000003 2.1
3.1 -5.200000000000003 2.2
3.1 -5.200000000000003 2.3000000000000003
3.1 -5.200000000000003 2.4000000000000004
3.1 -5.200000000000003 2.5
3.1 -5.100000000000003 0.0
3.1 -5.100000000000003 0.1
3.1 -5.100000000000003 0.2
3.1 -5.100000000000003 0.30000000000000004
3.1 -5.100000000000003 0.4
3.1 -5.100000000000003 0.5
3.1 -5.100000000000003 0.6000000000000001
3.1 -5.100000000000003 0.7000000000000001
3.1 -5.100000000000003 0.8
3.1 -5.100000000000003 0.9
3.1 -5.100000000000003 1.0
3.1 -5.100000000000003 1.1
3.1 -5.100000000000003 1.2000000000000002
3.1 -5.100000000000003 1.3
3.1 -5.100000000000003 1.4000000000000001
3.1 -5.100000000000003 1.5
3.1 -5.100000000000003 1.6
3.1 -5.100000000000003 1.7000000000000002
3.1 -5.100000000000003 1.8
3.1 -5.100000000000003 1.9000000000000001
3.1 -5.100000000000003 2.0
3.1 -5.100000000000003 2.1
3.1 -5.100000000000003 2.2
3.1 -5.100000000000003 2.3000000000000003
3.1 -5.100000000000003 2.4000000000000004
3.1 -5.100000000000003 2.5
3.1 -5.0000000000000036 0.0
3.1 -5.0000000000000036 0.1
3.1 -5.0000000000000036 0.2
3.1 -5.0000000000000036 0.30000000000000004
3.1 -5.0000000000000036 0.4
3.1 -5.0000000000000036 0.5
3.1 -5.0000000000000036 0.6000000000000001
3.1 -5.0000000000000036 0.7000000000000001
3.1 -5.0000000000000036 0.8
3.1 -5.0000000000000036 0.9
3.1 -5.0000000000000036 1.0
3.1 -5.0000000000000036 1.1
3.1 -5.0000000000000036 1.2000000000000002
3.1 -5.0000000000000036 1.3
3.1 -5.0000000000000036 1.4000000000000001
3.1 -5.0000000000000036 1.5
3.1 -5.0000000000000036 1.6
3.1 -5.0000000000000036 1.7000000000000002
3.1 -5.0000000000000036 1.8
3.1 -5.0000000000000036 1.9000000000000001
3.1 -5.0000000000000036 2.0
3.1 -5.0000000000000036 2.1
3.1 -5.0000000000000036 2.2
3.1 -5.0000000000000036 2.3000000000000003
3.1 -5.0000000000000036 2.4000000000000004
3.1 -5.0000000000000036 2.5
3.1 -4.900000000000004 0.0
3.1 -4.900000000000004 0.1
3.1 -4.900000000000004 0.2
3.1 -4.900000000000004 0.30000000000000004
3.1 -4.900000000000004 0.4
3.1 -4.900000000000004 0.5
3.1 -4.900000000000004 0.6000000000000001
3.1 -4.900000000000004 0.7000000000000001
3.1 -4.900000000000004 0.8
3.1 -4.900000000000004 0.9
3.1 -4.900000000000004 1.0
3.1 -4.900000000000004 1.1
3.1 -4.900000000000004 1.2000000000000002
3.1 -4.900000000000004 1.3
3.1 -4.900000000000004 1.4000000000000001
3.1 -4.900000000000004 1.5
3.1 -4.900000000000004 1.6
3.1 -4.900000000000004 1.7000000000000002
3.1 -4.900000000000004 1.8
3.1 -4.900000000000004 1.9000000000000001
3.1 -4.900000000000004 2.0
3.1 -4.900000000000004 2.1
3.1 -4.900000000000004 2.2
3.1 -4.900000000000004 2.3000000000000003
3.1 -4.900000000000004 2.4000000000000004
3.1 -4.900000000000004 2.5
3.1 -4.800000000000004 0.0
3.1 -4.800000000000004 0.1
3.1 -4.800000000000004 0.2
3.1 -4.800000000000004 0.30000000000000004
3.1 -4.800000000000004 0.4
3.1 -4.800000000000004 0.5
3.1 -4.800000000000004 0.6000000000000001
3.1 -4.800000000000004 0.7000000000000001
3.1 -4.800000000000004 0.8
3.1 -4.800000000000004 0.9
3.1 -4.800000000000004 1.0
3.1 -4.800000000000004 1.1
3.1 -4.800000000000004 1.2000000000000002
3.1 -4.800000000000004 1.3
3.1 -4.800000000000004 1.4000000000000001
3.1 -4.800000000000004 1.5
3.1 -4.800000000000004 1.6
3.1 -4.800000000000004 1.7000000000000002
3.1 -4.800000000000004 1.8
3.1 -4.800000000000004 1.9000000000000001
3.1 -4.800000000000004 2.0
3.1 -4.800000000000004 2.1
3.1 -4.800000000000004 2.2
3.1 -4.800000000000004 2.3000000000000003
3.1 -4.800000000000004 2.4000000000000004
3.1 -4.800000000000004 2.5
3.1 -4.700000000000005 0.0
3.1 -4.700000000000005 0.1
3.1 -4.700000000000005 0.2
3.1 -4.700000000000005 0.30000000000000004
3.1 -4.700000000000005 0.4
3.1 -4.700000000000005 0.5
3.1 -4.700000000000005 0.6000000000000001
3.1 -4.700000000000005 0.7000000000000001
3.1 -4.700000000000005 0.8
3.1 -4.700000000000005 0.9
3.1 -4.700000000000005 1.0
3.1 -4.700000000000005 1.1
3.1 -4.700000000000005 1.2000000000000002
3.1 -4.700000000000005 1.3
3.1 -4.700000000000005 1.4000000000000001
3.1 -4.700000000000005 1.5
3.1 -4.700000000000005 1.6
3.1 -4.700000000000005 1.7000000000000002
3.1 -4.700000000000005 1.8
3.1 -4.700000000000005 1.9000000000000001
3.1 -4.700000000000005 2.0
3.1 -4.700000000000005 2.1
3.1 -4.700000000000005 2.2
3.1 -4.700000000000005 2.3000000000000003
3.1 -4.700000000000005 2.4000000000000004
3.1 -4.700000000000005 2.5
3.1 -4.600000000000005 0.0
3.1 -4.600000000000005 0.1
3.1 -4.600000000000005 0.2
3.1 -4.600000000000005 0.30000000000000004
3.1 -4.600000000000005 0.4
3.1 -4.600000000000005 0.5
3.1 -4.600000000000005 0.6000000000000001
3.1 -4.600000000000005 0.7000000000000001
3.1 -4.600000000000005 0.8
3.1 -4.600000000000005 0.9
3.1 -4.600000000000005 1.0
3.1 -4.600000000000005 1.1
3.1 -4.600000000000005 1.2000000000000002
3.1 -4.600000000000005 1.3
3.1 -4.600000000000005 1.4000000000000001
3.1 -4.600000000000005 1.5
3.1 -4.600000000000005 1.6
3.1 -4.600000000000005 1.7000000000000002
3.1 -4.600000000000005 1.8
3.1 -4.600000000000005 1.9000000000000001
3.1 -4.600000000000005 2.0
3.1 -4.600000000000005 2.1
3.1 -4.600000000000005 2.2
3.1 -4.600000000000005 2.3000000000000003
3.1 -4.600000000000005 2.4000000000000004
3.1 -4.600000000000005 2.5
3.1 -4.500000000000005 0.0
3.1 -4.500000000000005 0.1
3.1 -4.500000000000005 0.2
3.1 -4.500000000000005 0.30000000000000004
3.1 -4.500000000000005 0.4
3.1 -4.500000000000005 0.5
3.1 -4.500000000000005 0.6000000000000001
3.1 -4.500000000000005 0.7000000000000001
3.1 -4.500000000000005 0.8
3.1 -4.500000000000005 0.9
3.1 -4.500000000000005 1.0
3.1 -4.500000000000005 1.1
3.1 -4.500000000000005 1.2000000000000002
3.1 -4.500000000000005 1.3
3.1 -4.500000000000005 1.4000000000000001
3.1 -4.500000000000005 1.5
3.1 -4.500000000000005 1.6
3.1 -4.500000000000005 1.7000000000000002
3.1 -4.500000000000005 1.8
3.1 -4.500000000000005 1.9000000000000001
3.1 -4.500000000000005 2.0
3.1 -4.500000000000005 2.1
3.1 -4.500000000000005 2.2
3.1 -4.500000000000005 2.3000000000000003
3.1 -4.500000000000005 2.4000000000000004
3.1 -4.500000000000005 2.5
3.1 -4.400000000000006 0.0
3.1 -4.400000000000006 0.1
3.1 -4.400000000000006 0.2
3.1 -4.400000000000006 0.30000000000000004
3.1 -4.400000000000006 0.4
3.1 -4.400000000000006 0.5
3.1 -4.400000000000006 0.6000000000000001
3.1 -4.400000000000006 0.7000000000000001
3.1 -4.400000000000006 0.8
3.1 -4.400000000000006 0.9
3.1 -4.400000000000006 1.0
3.1 -4.400000000000006 1.1
3.1 -4.400000000000006 1.2000000000000002
3.1 -4.400000000000006 1.3
3.1 -4.400000000000006 1.4000000000000001
3.1 -4.400000000000006 1.5
3.1 -4.400000000000006 1.6
3.1 -4.400000000000006 1.7000000000000002
3.1 -4.400000000000006 1.8
3.1 -4.400000000000006 1.9000000000000001
3.1 -4.400000000000006 2.0
3.1 -4.400000000000006 2.1
3.1 -4.400000000000006 2.2
3.1 -4.400000000000006 2.3000000000000003
3.1 -4.400000000000006 2.4000000000000004
3.1 -4.400000000000006 2.5
3.1 -4.300000000000006 0.0
3.1 -4.300000000000006 0.1
3.1 -4.300000000000006 0.2
3.1 -4.300000000000006 0.30000000000000004
3.1 -4.300000000000006 0.4
3.1 -4.300000000000006 0.5
3.1 -4.300000000000006 0.6000000000000001
3.1 -4.300000000000006 0.7000000000000001
3.1 -4.300000000000006 0.8
3.1 -4.300000000000006 0.9
3.1 -4.300000000000006 1.0
3.1 -4.300000000000006 1.1
3.1 -4.300000000000006 1.2000000000000002
3.1 -4.300000000000006 1.3
3.1 -4.300000000000006 1.4000000000000001
3.1 -4.300000000000006 1.5
3.1 -4.300000000000006 1.6
3.1 -4.300000000000006 1.7000000000000002
3.1 -4.300000000000006 1.8
3.1 -4.300000000000006 1.9000000000000001
3.1 -4.300000000000006 2.0
3.1 -4.300000000000006 2.1
3.1 -4.300000000000006 2.2
3.1 -4.300000000000006 2.3000000000000003
3.1 -4.300000000000006 2.4000000000000004
3.1 -4.300000000000006 2.5
3.1 -4.200000000000006 0.0
3.1 -4.200000000000006 0.1
3.1 -4.200000000000006 0.2
3.1 -4.200000000000006 0.30000000000000004
3.1 -4.200000000000006 0.4
3.1 -4.200000000000006 0.5
3.1 -4.200000000000006 0.6000000000000001
3.1 -4.200000000000006 0.7000000000000001
3.1 -4.200000000000006 0.8
3.1 -4.200000000000006 0.9
3.1 -4.200000000000006 1.0
3.1 -4.200000000000006 1.1
3.1 -4.200000000000006 1.2000000000000002
3.1 -4.200000000000006 1.3
3.1 -4.200000000000006 1.4000000000000001
3.1 -4.200000000000006 1.5
3.1 -4.200000000000006 1.6
3.1 -4.200000000000006 1.7000000000000002
3.1 -4.200000000000006 1.8
3.1 -4.200000000000006 1.9000000000000001
3.1 -4.200000000000006 2.0
3.1 -4.200000000000006 2.1
3.1 -4.200000000000006 2.2
3.1 -4.200000000000006 2.3000000000000003
3.1 -4.200000000000006 2.4000000000000004
3.1 -4.200000000000006 2.5
3.1 -4.100000000000007 0.0
3.1 -4.100000000000007 0.1
3.1 -4.100000000000007 0.2
3.1 -4.100000000000007 0.30000000000000004
3.1 -4.100000000000007 0.4
3.1 -4.100000000000007 0.5
3.1 -4.100000000000007 0.6000000000000001
3.1 -4.100000000000007 0.7000000000000001
3.1 -4.100000000000007 0.8
3.1 -4.100000000000007 0.9
3.1 -4.100000000000007 1.0
3.1 -4.100000000000007 1.1
3.1 -4.100000000000007 1.2000000000000002
3.1 -4.100000000000007 1.3
3.1 -4.100000000000007 1.4000000000000001
3.1 -4.100000000000007 1.5
3.1 -4.100000000000007 1.6
3.1 -4.100000000000007 1.7000000000000002
3.1 -4.100000000000007 1.8
3.1 -4.100000000000007 1.9000000000000001
3.1 -4.100000000000007 2.0
3.1 -4.100000000000007 2.1
3.1 -4.100000000000007 2.2
3.1 -4.100000000000007 2.3000000000000003
3.1 -4.100000000000007 2.4000000000000004
3.1 -4.100000000000007 2.5
3.1 -4.000000000000007 0.0
3.1 -4.000000000000007 0.1
3.1 -4.000000000000007 0.2
3.1 -4.000000000000007 0.30000000000000004
3.1 -4.000000000000007 0.4
3.1 -4.000000000000007 0.5
3.1 -4.000000000000007 0.6000000000000001
3.1 -4.000000000000007 0.7000000000000001
3.1 -4.000000000000007 0.8
3.1 -4.000000000000007 0.9
3.1 -4.000000000000007 1.0
3.1 -4.000000000000007 1.1
3.1 -4.000000000000007 1.2000000000000002
3.1 -4.000000000000007 1.3
3.1 -4.000000000000007 1.4000000000000001
3.1 -4.000000000000007 1.5
3.1 -4.000000000000007 1.6
3.1 -4.000000000000007 1.7000000000000002
3.1 -4.000000000000007 1.8
3.1 -4.000000000000007 1.9000000000000001
3.1 -4.000000000000007 2.0
3.1 -4.000000000000007 2.1
3.1 -4.000000000000007 2.2
3.1 -4.000000000000007 2.3000000000000003
3.1 -4.000000000000007 2.4000000000000004
3.1 -4.000000000000007 2.5
3.1 -3.9000000000000075 0.0
3.1 -3.9000000000000075 0.1
3.1 -3.9000000000000075 0.2
3.1 -3.9000000000000075 0.30000000000000004
3.1 -3.9000000000000075 0.4
3.1 -3.9000000000000075 0.5
3.1 -3.9000000000000075 0.6000000000000001
3.1 -3.9000000000000075 0.7000000000000001
3.1 -3.9000000000000075 0.8
3.1 -3.9000000000000075 0.9
3.1 -3.9000000000000075 1.0
3.1 -3.9000000000000075 1.1
3.1 -3.9000000000000075 1.2000000000000002
3.1 -3.9000000000000075 1.3
3.1 -3.9000000000000075 1.4000000000000001
3.1 -3.9000000000000075 1.5
3.1 -3.9000000000000075 1.6
3.1 -3.9000000000000075 1.7000000000000002
3.1 -3.9000000000000075 1.8
3.1 -3.9000000000000075 1.9000000000000001
3.1 -3.9000000000000075 2.0
3.1 -3.9000000000000075 2.1
3.1 -3.9000000000000075 2.2
3.1 -3.9000000000000075 2.3000000000000003
3.1 -3.9000000000000075 2.4000000000000004
3.1 -3.9000000000000075 2.5
3.1 -3.800000000000008 0.0
3.1 -3.800000000000008 0.1
3.1 -3.800000000000008 0.2
3.1 -3.800000000000008 0.30000000000000004
3.1 -3.800000000000008 0.4
3.1 -3.800000000000008 0.5
3.1 -3.800000000000008 0.6000000000000001
3.1 -3.800000000000008 0.7000000000000001
3.1 -3.800000000000008 0.8
3.1 -3.800000000000008 0.9
3.1 -3.800000000000008 1.0
3.1 -3.800000000000008 1.1
3.1 -3.800000000000008 1.2000000000000002
3.1 -3.800000000000008 1.3
3.1 -3.800000000000008 1.4000000000000001
3.1 -3.800000000000008 1.5
3.1 -3.800000000000008 1.6
3.1 -3.800000000000008 1.7000000000000002
3.1 -3.800000000000008 1.8
3.1 -3.800000000000008 1.9000000000000001
3.1 -3.800000000000008 2.0
3.1 -3.800000000000008 2.1
3.1 -3.800000000000008 2.2
3.1 -3.800000000000008 2.3000000000000003
3.1 -3.800000000000008 2.4000000000000004
3.1 -3.800000000000008 2.5
3.1 -3.700000000000008 0.0
3.1 -3.700000000000008 0.1
3.1 -3.700000000000008 0.2
3.1 -3.700000000000008 0.30000000000000004
3.1 -3.700000000000008 0.4
3.1 -3.700000000000008 0.5
3.1 -3.700000000000008 0.6000000000000001
3.1 -3.700000000000008 0.7000000000000001
3.1 -3.700000000000008 0.8
3.1 -3.700000000000008 0.9
3.1 -3.700000000000008 1.0
3.1 -3.700000000000008 1.1
3.1 -3.700000000000008 1.2000000000000002
3.1 -3.700000000000008 1.3
3.1 -3.700000000000008 1.4000000000000001
3.1 -3.700000000000008 1.5
3.1 -3.700000000000008 1.6
3.1 -3.700000000000008 1.7000000000000002
3.1 -3.700000000000008 1.8
3.1 -3.700000000000008 1.9000000000000001
3.1 -3.700000000000008 2.0
3.1 -3.700000000000008 2.1
3.1 -3.700000000000008 2.2
3.1 -3.700000000000008 2.3000000000000003
3.1 -3.700000000000008 2.4000000000000004
3.1 -3.700000000000008 2.5
3.1 -3.6000000000000085 0.0
3.1 -3.6000000000000085 0.1
3.1 -3.6000000000000085 0.2
3.1 -3.6000000000000085 0.30000000000000004
3.1 -3.6000000000000085 0.4
3.1 -3.6000000000000085 0.5
3.1 -3.6000000000000085 0.6000000000000001
3.1 -3.6000000000000085 0.7000000000000001
3.1 -3.6000000000000085 0.8
3.1 -3.6000000000000085 0.9
3.1 -3.6000000000000085 1.0
3.1 -3.6000000000000085 1.1
3.1 -3.6000000000000085 1.2000000000000002
3.1 -3.6000000000000085 1.3
3.1 -3.6000000000000085 1.4000000000000001
3.1 -3.6000000000000085 1.5
3.1 -3.6000000000000085 1.6
3.1 -3.6000000000000085 1.7000000000000002
3.1 -3.6000000000000085 1.8
3.1 -3.6000000000000085 1.9000000000000001
3.1 -3.6000000000000085 2.0
3.1 -3.6000000000000085 2.1
3.1 -3.6000000000000085 2.2
3.1 -3.6000000000000085 2.3000000000000003
3.1 -3.6000000000000085 2.4000000000000004
3.1 -3.6000000000000085 2.5
3.1 -3.500000000000009 0.0
3.1 -3.500000000000009 0.1
3.1 -3.500000000000009 0.2
3.1 -3.500000000000009 0.30000000000000004
3.1 -3.500000000000009 0.4
3.1 -3.500000000000009 0.5
3.1 -3.500000000000009 0.6000000000000001
3.1 -3.500000000000009 0.7000000000000001
3.1 -3.500000000000009 0.8
3.1 -3.500000000000009 0.9
3.1 -3.500000000000009 1.0
3.1 -3.500000000000009 1.1
3.1 -3.500000000000009 1.2000000000000002
3.1 -3.500000000000009 1.3
3.1 -3.500000000000009 1.4000000000000001
3.1 -3.500000000000009 1.5
3.1 -3.500000000000009 1.6
3.1 -3.500000000000009 1.7000000000000002
3.1 -3.500000000000009 1.8
3.1 -3.500000000000009 1.9000000000000001
3.1 -3.500000000000009 2.0
3.1 -3.500000000000009 2.1
3.1 -3.500000000000009 2.2
3.1 -3.500000000000009 2.3000000000000003
3.1 -3.500000000000009 2.4000000000000004
3.1 -3.500000000000009 2.5
3.1 -3.4000000000000092 0.0
3.1 -3.4000000000000092 0.1
3.1 -3.4000000000000092 0.2
3.1 -3.4000000000000092 0.30000000000000004
3.1 -3.4000000000000092 0.4
3.1 -3.4000000000000092 0.5
3.1 -3.4000000000000092 0.6000000000000001
3.1 -3.4000000000000092 0.7000000000000001
3.1 -3.4000000000000092 0.8
3.1 -3.4000000000000092 0.9
3.1 -3.4000000000000092 1.0
3.1 -3.4000000000000092 1.1
3.1 -3.4000000000000092 1.2000000000000002
3.1 -3.4000000000000092 1.3
3.1 -3.4000000000000092 1.4000000000000001
3.1 -3.4000000000000092 1.5
3.1 -3.4000000000000092 1.6
3.1 -3.4000000000000092 1.7000000000000002
3.1 -3.4000000000000092 1.8
3.1 -3.4000000000000092 1.9000000000000001
3.1 -3.4000000000000092 2.0
3.1 -3.4000000000000092 2.1
3.1 -3.4000000000000092 2.2
3.1 -3.4000000000000092 2.3000000000000003
3.1 -3.4000000000000092 2.4000000000000004
3.1 -3.4000000000000092 2.5
3.1 -3.3000000000000096 0.0
3.1 -3.3000000000000096 0.1
3.1 -3.3000000000000096 0.2
3.1 -3.3000000000000096 0.30000000000000004
3.1 -3.3000000000000096 0.4
3.1 -3.3000000000000096 0.5
3.1 -3.3000000000000096 0.6000000000000001
3.1 -3.3000000000000096 0.7000000000000001
3.1 -3.3000000000000096 0.8
3.1 -3.3000000000000096 0.9
3.1 -3.3000000000000096 1.0
3.1 -3.3000000000000096 1.1
3.1 -3.3000000000000096 1.2000000000000002
3.1 -3.3000000000000096 1.3
3.1 -3.3000000000000096 1.4000000000000001
3.1 -3.3000000000000096 1.5
3.1 -3.3000000000000096 1.6
3.1 -3.3000000000000096 1.7000000000000002
3.1 -3.3000000000000096 1.8
3.1 -3.3000000000000096 1.9000000000000001
3.1 -3.3000000000000096 2.0
3.1 -3.3000000000000096 2.1
3.1 -3.3000000000000096 2.2
3.1 -3.3000000000000096 2.3000000000000003
3.1 -3.3000000000000096 2.4000000000000004
3.1 -3.3000000000000096 2.5
3.1 -3.20000000000001 0.0
3.1 -3.20000000000001 0.1
3.1 -3.20000000000001 0.2
3.1 -3.20000000000001 0.30000000000000004
3.1 -3.20000000000001 0.4
3.1 -3.20000000000001 0.5
3.1 -3.20000000000001 0.6000000000000001
3.1 -3.20000000000001 0.7000000000000001
3.1 -3.20000000000001 0.8
3.1 -3.20000000000001 0.9
3.1 -3.20000000000001 1.0
3.1 -3.20000000000001 1.1
3.1 -3.20000000000001 1.2000000000000002
3.1 -3.20000000000001 1.3
3.1 -3.20000000000001 1.4000000000000001
3.1 -3.20000000000001 1.5
3.1 -3.20000000000001 1.6
3.1 -3.20000000000001 1.7000000000000002
3.1 -3.20000000000001 1.8
3.1 -3.20000000000001 1.9000000000000001
3.1 -3.20000000000001 2.0
3.1 -3.20000000000001 2.1
3.1 -3.20000000000001 2.2
3.1 -3.20000000000001 2.3000000000000003
3.1 -3.20000000000001 2.4000000000000004
3.1 -3.20000000000001 2.5
3.1 -3.1000000000000103 0.0
3.1 -3.1000000000000103 0.1
3.1 -3.1000000000000103 0.2
3.1 -3.1000000000000103 0.30000000000000004
3.1 -3.1000000000000103 0.4
3.1 -3.1000000000000103 0.5
3.1 -3.1000000000000103 0.6000000000000001
3.1 -3.1000000000000103 0.7000000000000001
3.1 -3.1000000000000103 0.8
3.1 -3.1000000000000103 0.9
3.1 -3.1000000000000103 1.0
3.1 -3.1000000000000103 1.1
3.1 -3.1000000000000103 1.2000000000000002
3.1 -3.1000000000000103 1.3
3.1 -3.1000000000000103 1.4000000000000001
3.1 -3.1000000000000103 1.5
3.1 -3.1000000000000103 1.6
3.1 -3.1000000000000103 1.7000000000000002
3.1 -3.1000000000000103 1.8
3.1 -3.1000000000000103 1.9000000000000001
3.1 -3.1000000000000103 2.0
3.1 -3.1000000000000103 2.1
3.1 -3.1000000000000103 2.2
3.1 -3.1000000000000103 2.3000000000000003
3.1 -3.1000000000000103 2.4000000000000004
3.1 -3.1000000000000103 2.5
3.1 -3.0000000000000107 0.0
3.1 -3.0000000000000107 0.1
3.1 -3.0000000000000107 0.2
3.1 -3.0000000000000107 0.30000000000000004
3.1 -3.0000000000000107 0.4
3.1 -3.0000000000000107 0.5
3.1 -3.0000000000000107 0.6000000000000001
3.1 -3.0000000000000107 0.7000000000000001
3.1 -3.0000000000000107 0.8
3.1 -3.0000000000000107 0.9
3.1 -3.0000000000000107 1.0
3.1 -3.0000000000000107 1.1
3.1 -3.0000000000000107 1.2000000000000002
3.1 -3.0000000000000107 1.3
3.1 -3.0000000000000107 1.4000000000000001
3.1 -3.0000000000000107 1.5
3.1 -3.0000000000000107 1.6
3.1 -3.0000000000000107 1.7000000000000002
3.1 -3.0000000000000107 1.8
3.1 -3.0000000000000107 1.9000000000000001
3.1 -3.0000000000000107 2.0
3.1 -3.0000000000000107 2.1
3.1 -3.0000000000000107 2.2
3.1 -3.0000000000000107 2.3000000000000003
3.1 -3.0000000000000107 2.4000000000000004
3.1 -3.0000000000000107 2.5
3.1 -2.900000000000011 0.0
3.1 -2.900000000000011 0.1
3.1 -2.900000000000011 0.2
3.1 -2.900000000000011 0.30000000000000004
3.1 -2.900000000000011 0.4
3.1 -2.900000000000011 0.5
3.1 -2.900000000000011 0.6000000000000001
3.1 -2.900000000000011 0.7000000000000001
3.1 -2.900000000000011 0.8
3.1 -2.900000000000011 0.9
3.1 -2.900000000000011 1.0
3.1 -2.900000000000011 1.1
3.1 -2.900000000000011 1.2000000000000002
3.1 -2.900000000000011 1.3
3.1 -2.900000000000011 1.4000000000000001
3.1 -2.900000000000011 1.5
3.1 -2.900000000000011 1.6
3.1 -2.900000000000011 1.7000000000000002
3.1 -2.900000000000011 1.8
3.1 -2.900000000000011 1.9000000000000001
3.1 -2.900000000000011 2.0
3.1 -2.900000000000011 2.1
3.1 -2.900000000000011 2.2
3.1 -2.900000000000011 2.3000000000000003
3.1 -2.900000000000011 2.4000000000000004
3.1 -2.900000000000011 2.5
3.1 -2.8000000000000114 0.0
3.1 -2.8000000000000114 0.1
3.1 -2.8000000000000114 0.2
3.1 -2.8000000000000114 0.30000000000000004
3.1 -2.8000000000000114 0.4
3.1 -2.8000000000000114 0.5
3.1 -2.8000000000000114 0.6000000000000001
3.1 -2.8000000000000114 0.7000000000000001
3.1 -2.8000000000000114 0.8
3.1 -2.8000000000000114 0.9
3.1 -2.8000000000000114 1.0
3.1 -2.8000000000000114 1.1
3.1 -2.8000000000000114 1.2000000000000002
3.1 -2.8000000000000114 1.3
3.1 -2.8000000000000114 1.4000000000000001
3.1 -2.8000000000000114 1.5
3.1 -2.8000000000000114 1.6
3.1 -2.8000000000000114 1.7000000000000002
3.1 -2.8000000000000114 1.8
3.1 -2.8000000000000114 1.9000000000000001
3.1 -2.8000000000000114 2.0
3.1 -2.8000000000000114 2.1
3.1 -2.8000000000000114 2.2
3.1 -2.8000000000000114 2.3000000000000003
3.1 -2.8000000000000114 2.4000000000000004
3.1 -2.8000000000000114 2.5
3.1 -2.7000000000000117 0.0
3.1 -2.7000000000000117 0.1
3.1 -2.7000000000000117 0.2
3.1 -2.7000000000000117 0.30000000000000004
3.1 -2.7000000000000117 0.4
3.1 -2.7000000000000117 0.5
3.1 -2.7000000000000117 0.6000000000000001
3.1 -2.7000000000000117 0.7000000000000001
3.1 -2.7000000000000117 0.8
3.1 -2.7000000000000117 0.9
3.1 -2.7000000000000117 1.0
3.1 -2.7000000000000117 1.1
3.1 -2.7000000000000117 1.2000000000000002
3.1 -2.7000000000000117 1.3
3.1 -2.7000000000000117 1.4000000000000001
3.1 -2.7000000000000117 1.5
3.1 -2.7000000000000117 1.6
3.1 -2.7000000000000117 1.7000000000000002
3.1 -2.7000000000000117 1.8
3.1 -2.7000000000000117 1.9000000000000001
3.1 -2.7000000000000117 2.0
3.1 -2.7000000000000117 2.1
3.1 -2.7000000000000117 2.2
3.1 -2.7000000000000117 2.3000000000000003
3.1 -2.7000000000000117 2.4000000000000004
3.1 -2.7000000000000117 2.5
3.1 -2.600000000000012 0.0
3.1 -2.600000000000012 0.1
3.1 -2.600000000000012 0.2
3.1 -2.600000000000012 0.30000000000000004
3.1 -2.600000000000012 0.4
3.1 -2.600000000000012 0.5
3.1 -2.600000000000012 0.6000000000000001
3.1 -2.600000000000012 0.7000000000000001
3.1 -2.600000000000012 0.8
3.1 -2.600000000000012 0.9
3.1 -2.600000000000012 1.0
3.1 -2.600000000000012 1.1
3.1 -2.600000000000012 1.2000000000000002
3.1 -2.600000000000012 1.3
3.1 -2.600000000000012 1.4000000000000001
3.1 -2.600000000000012 1.5
3.1 -2.600000000000012 1.6
3.1 -2.600000000000012 1.7000000000000002
3.1 -2.600000000000012 1.8
3.1 -2.600000000000012 1.9000000000000001
3.1 -2.600000000000012 2.0
3.1 -2.600000000000012 2.1
3.1 -2.600000000000012 2.2
3.1 -2.600000000000012 2.3000000000000003
3.1 -2.600000000000012 2.4000000000000004
3.1 -2.600000000000012 2.5
3.1 -2.5000000000000124 0.0
3.1 -2.5000000000000124 0.1
3.1 -2.5000000000000124 0.2
3.1 -2.5000000000000124 0.30000000000000004
3.1 -2.5000000000000124 0.4
3.1 -2.5000000000000124 0.5
3.1 -2.5000000000000124 0.6000000000000001
3.1 -2.5000000000000124 0.7000000000000001
3.1 -2.5000000000000124 0.8
3.1 -2.5000000000000124 0.9
3.1 -2.5000000000000124 1.0
3.1 -2.5000000000000124 1.1
3.1 -2.5000000000000124 1.2000000000000002
3.1 -2.5000000000000124 1.3
3.1 -2.5000000000000124 1.4000000000000001
3.1 -2.5000000000000124 1.5
3.1 -2.5000000000000124 1.6
3.1 -2.5000000000000124 1.7000000000000002
3.1 -2.5000000000000124 1.8
3.1 -2.5000000000000124 1.9000000000000001
3.1 -2.5000000000000124 2.0
3.1 -2.5000000000000124 2.1
3.1 -2.5000000000000124 2.2
3.1 -2.5000000000000124 2.3000000000000003
3.1 -2.5000000000000124 2.4000000000000004
3.1 -2.5000000000000124 2.5
3.1 -2.400000000000013 0.0
3.1 -2.400000000000013 0.1
3.1 -2.400000000000013 0.2
3.1 -2.400000000000013 0.30000000000000004
3.1 -2.400000000000013 0.4
3.1 -2.400000000000013 0.5
3.1 -2.400000000000013 0.6000000000000001
3.1 -2.400000000000013 0.7000000000000001
3.1 -2.400000000000013 0.8
3.1 -2.400000000000013 0.9
3.1 -2.400000000000013 1.0
3.1 -2.400000000000013 1.1
3.1 -2.400000000000013 1.2000000000000002
3.1 -2.400000000000013 1.3
3.1 -2.400000000000013 1.4000000000000001
3.1 -2.400000000000013 1.5
3.1 -2.400000000000013 1.6
3.1 -2.400000000000013 1.7000000000000002
3.1 -2.400000000000013 1.8
3.1 -2.400000000000013 1.9000000000000001
3.1 -2.400000000000013 2.0
3.1 -2.400000000000013 2.1
3.1 -2.400000000000013 2.2
3.1 -2.400000000000013 2.3000000000000003
3.1 -2.400000000000013 2.4000000000000004
3.1 -2.400000000000013 2.5
3.1 -2.300000000000013 0.0
3.1 -2.300000000000013 0.1
3.1 -2.300000000000013 0.2
3.1 -2.300000000000013 0.30000000000000004
3.1 -2.300000000000013 0.4
3.1 -2.300000000000013 0.5
3.1 -2.300000000000013 0.6000000000000001
3.1 -2.300000000000013 0.7000000000000001
3.1 -2.300000000000013 0.8
3.1 -2.300000000000013 0.9
3.1 -2.300000000000013 1.0
3.1 -2.300000000000013 1.1
3.1 -2.300000000000013 1.2000000000000002
3.1 -2.300000000000013 1.3
3.1 -2.300000000000013 1.4000000000000001
3.1 -2.300000000000013 1.5
3.1 -2.300000000000013 1.6
3.1 -2.300000000000013 1.7000000000000002
3.1 -2.300000000000013 1.8
3.1 -2.300000000000013 1.9000000000000001
3.1 -2.300000000000013 2.0
3.1 -2.300000000000013 2.1
3.1 -2.300000000000013 2.2
3.1 -2.300000000000013 2.3000000000000003
3.1 -2.300000000000013 2.4000000000000004
3.1 -2.300000000000013 2.5
3.1 -2.2000000000000135 0.0
3.1 -2.2000000000000135 0.1
3.1 -2.2000000000000135 0.2
3.1 -2.2000000000000135 0.30000000000000004
3.1 -2.2000000000000135 0.4
3.1 -2.2000000000000135 0.5
3.1 -2.2000000000000135 0.6000000000000001
3.1 -2.2000000000000135 0.7000000000000001
3.1 -2.2000000000000135 0.8
3.1 -2.2000000000000135 0.9
3.1 -2.2000000000000135 1.0
3.1 -2.2000000000000135 1.1
3.1 -2.2000000000000135 1.2000000000000002
3.1 -2.2000000000000135 1.3
3.1 -2.2000000000000135 1.4000000000000001
3.1 -2.2000000000000135 1.5
3.1 -2.2000000000000135 1.6
3.1 -2.2000000000000135 1.7000000000000002
3.1 -2.2000000000000135 1.8
3.1 -2.2000000000000135 1.9000000000000001
3.1 -2.2000000000000135 2.0
3.1 -2.2000000000000135 2.1
3.1 -2.2000000000000135 2.2
3.1 -2.2000000000000135 2.3000000000000003
3.1 -2.2000000000000135 2.4000000000000004
3.1 -2.2000000000000135 2.5
3.1 -2.100000000000014 0.0
3.1 -2.100000000000014 0.1
3.1 -2.100000000000014 0.2
3.1 -2.100000000000014 0.30000000000000004
3.1 -2.100000000000014 0.4
3.1 -2.100000000000014 0.5
3.1 -2.100000000000014 0.6000000000000001
3.1 -2.100000000000014 0.7000000000000001
3.1 -2.100000000000014 0.8
3.1 -2.100000000000014 0.9
3.1 -2.100000000000014 1.0
3.1 -2.100000000000014 1.1
3.1 -2.100000000000014 1.2000000000000002
3.1 -2.100000000000014 1.3
3.1 -2.100000000000014 1.4000000000000001
3.1 -2.100000000000014 1.5
3.1 -2.100000000000014 1.6
3.1 -2.100000000000014 1.7000000000000002
3.1 -2.100000000000014 1.8
3.1 -2.100000000000014 1.9000000000000001
3.1 -2.100000000000014 2.0
3.1 -2.100000000000014 2.1
3.1 -2.100000000000014 2.2
3.1 -2.100000000000014 2.3000000000000003
3.1 -2.100000000000014 2.4000000000000004
3.1 -2.100000000000014 2.5
3.1 -2.000000000000014 0.0
3.1 -2.000000000000014 0.1
3.1 -2.000000000000014 0.2
3.1 -2.000000000000014 0.30000000000000004
3.1 -2.000000000000014 0.4
3.1 -2.000000000000014 0.5
3.1 -2.000000000000014 0.6000000000000001
3.1 -2.000000000000014 0.7000000000000001
3.1 -2.000000000000014 0.8
3.1 -2.000000000000014 0.9
3.1 -2.000000000000014 1.0
3.1 -2.000000000000014 1.1
3.1 -2.000000000000014 1.2000000000000002
3.1 -2.000000000000014 1.3
3.1 -2.000000000000014 1.4000000000000001
3.1 -2.000000000000014 1.5
3.1 -2.000000000000014 1.6
3.1 -2.000000000000014 1.7000000000000002
3.1 -2.000000000000014 1.8
3.1 -2.000000000000014 1.9000000000000001
3.1 -2.000000000000014 2.0
3.1 -2.000000000000014 2.1
3.1 -2.000000000000014 2.2
3.1 -2.000000000000014 2.3000000000000003
3.1 -2.000000000000014 2.4000000000000004
3.1 -2.000000000000014 2.5
3.1 -1.9000000000000146 0.0
3.1 -1.9000000000000146 0.1
3.1 -1.9000000000000146 0.2
3.1 -1.9000000000000146 0.30000000000000004
3.1 -1.9000000000000146 0.4
3.1 -1.9000000000000146 0.5
3.1 -1.9000000000000146 0.6000000000000001
3.1 -1.9000000000000146 0.7000000000000001
3.1 -1.9000000000000146 0.8
3.1 -1.9000000000000146 0.9
3.1 -1.9000000000000146 1.0
3.1 -1.9000000000000146 1.1
3.1 -1.9000000000000146 1.2000000000000002
3.1 -1.9000000000000146 1.3
3.1 -1.9000000000000146 1.4000000000000001
3.1 -1.9000000000000146 1.5
3.1 -1.9000000000000146 1.6
3.1 -1.9000000000000146 1.7000000000000002
3.1 -1.9000000000000146 1.8
3.1 -1.9000000000000146 1.9000000000000001
3.1 -1.9000000000000146 2.0
3.1 -1.9000000000000146 2.1
3.1 -1.9000000000000146 2.2
3.1 -1.9000000000000146 2.3000000000000003
3.1 -1.9000000000000146 2.4000000000000004
3.1 -1.9000000000000146 2.5
3.1 -1.800000000000015 0.0
3.1 -1.800000000000015 0.1
3.1 -1.800000000000015 0.2
3.1 -1.800000000000015 0.30000000000000004
3.1 -1.800000000000015 0.4
3.1 -1.800000000000015 0.5
3.1 -1.800000000000015 0.6000000000000001
3.1 -1.800000000000015 0.7000000000000001
3.1 -1.800000000000015 0.8
3.1 -1.800000000000015 0.9
3.1 -1.800000000000015 1.0
3.1 -1.800000000000015 1.1
3.1 -1.800000000000015 1.2000000000000002
3.1 -1.800000000000015 1.3
3.1 -1.800000000000015 1.4000000000000001
3.1 -1.800000000000015 1.5
3.1 -1.800000000000015 1.6
3.1 -1.800000000000015 1.7000000000000002
3.1 -1.800000000000015 1.8
3.1 -1.800000000000015 1.9000000000000001
3.1 -1.800000000000015 2.0
3.1 -1.800000000000015 2.1
3.1 -1.800000000000015 2.2
3.1 -1.800000000000015 2.3000000000000003
3.1 -1.800000000000015 2.4000000000000004
3.1 -1.800000000000015 2.5
3.1 -1.7000000000000153 0.0
3.1 -1.7000000000000153 0.1
3.1 -1.7000000000000153 0.2
3.1 -1.7000000000000153 0.30000000000000004
3.1 -1.7000000000000153 0.4
3.1 -1.7000000000000153 0.5
3.1 -1.7000000000000153 0.6000000000000001
3.1 -1.7000000000000153 0.7000000000000001
3.1 -1.7000000000000153 0.8
3.1 -1.7000000000000153 0.9
3.1 -1.7000000000000153 1.0
3.1 -1.7000000000000153 1.1
3.1 -1.7000000000000153 1.2000000000000002
3.1 -1.7000000000000153 1.3
3.1 -1.7000000000000153 1.4000000000000001
3.1 -1.7000000000000153 1.5
3.1 -1.7000000000000153 1.6
3.1 -1.7000000000000153 1.7000000000000002
3.1 -1.7000000000000153 1.8
3.1 -1.7000000000000153 1.9000000000000001
3.1 -1.7000000000000153 2.0
3.1 -1.7000000000000153 2.1
3.1 -1.7000000000000153 2.2
3.1 -1.7000000000000153 2.3000000000000003
3.1 -1.7000000000000153 2.4000000000000004
3.1 -1.7000000000000153 2.5
3.1 -1.6000000000000156 0.0
3.1 -1.6000000000000156 0.1
3.1 -1.6000000000000156 0.2
3.1 -1.6000000000000156 0.30000000000000004
3.1 -1.6000000000000156 0.4
3.1 -1.6000000000000156 0.5
3.1 -1.6000000000000156 0.6000000000000001
3.1 -1.6000000000000156 0.7000000000000001
3.1 -1.6000000000000156 0.8
3.1 -1.6000000000000156 0.9
3.1 -1.6000000000000156 1.0
3.1 -1.6000000000000156 1.1
3.1 -1.6000000000000156 1.2000000000000002
3.1 -1.6000000000000156 1.3
3.1 -1.6000000000000156 1.4000000000000001
3.1 -1.6000000000000156 1.5
3.1 -1.6000000000000156 1.6
3.1 -1.6000000000000156 1.7000000000000002
3.1 -1.6000000000000156 1.8
3.1 -1.6000000000000156 1.9000000000000001
3.1 -1.6000000000000156 2.0
3.1 -1.6000000000000156 2.1
3.1 -1.6000000000000156 2.2
3.1 -1.6000000000000156 2.3000000000000003
3.1 -1.6000000000000156 2.4000000000000004
3.1 -1.6000000000000156 2.5
3.1 -1.500000000000016 0.0
3.1 -1.500000000000016 0.1
3.1 -1.500000000000016 0.2
3.1 -1.500000000000016 0.30000000000000004
3.1 -1.500000000000016 0.4
3.1 -1.500000000000016 0.5
3.1 -1.500000000000016 0.6000000000000001
3.1 -1.500000000000016 0.7000000000000001
3.1 -1.500000000000016 0.8
3.1 -1.500000000000016 0.9
3.1 -1.500000000000016 1.0
3.1 -1.500000000000016 1.1
3.1 -1.500000000000016 1.2000000000000002
3.1 -1.500000000000016 1.3
3.1 -1.500000000000016 1.4000000000000001
3.1 -1.500000000000016 1.5
3.1 -1.500000000000016 1.6
3.1 -1.500000000000016 1.7000000000000002
3.1 -1.500000000000016 1.8
3.1 -1.500000000000016 1.9000000000000001
3.1 -1.500000000000016 2.0
3.1 -1.500000000000016 2.1
3.1 -1.500000000000016 2.2
3.1 -1.500000000000016 2.3000000000000003
3.1 -1.500000000000016 2.4000000000000004
3.1 -1.500000000000016 2.5
3.1 -1.4000000000000163 0.0
3.1 -1.4000000000000163 0.1
3.1 -1.4000000000000163 0.2
3.1 -1.4000000000000163 0.30000000000000004
3.1 -1.4000000000000163 0.4
3.1 -1.4000000000000163 0.5
3.1 -1.4000000000000163 0.6000000000000001
3.1 -1.4000000000000163 0.7000000000000001
3.1 -1.4000000000000163 0.8
3.1 -1.4000000000000163 0.9
3.1 -1.4000000000000163 1.0
3.1 -1.4000000000000163 1.1
3.1 -1.4000000000000163 1.2000000000000002
3.1 -1.4000000000000163 1.3
3.1 -1.4000000000000163 1.4000000000000001
3.1 -1.4000000000000163 1.5
3.1 -1.4000000000000163 1.6
3.1 -1.4000000000000163 1.7000000000000002
3.1 -1.4000000000000163 1.8
3.1 -1.4000000000000163 1.9000000000000001
3.1 -1.4000000000000163 2.0
3.1 -1.4000000000000163 2.1
3.1 -1.4000000000000163 2.2
3.1 -1.4000000000000163 2.3000000000000003
3.1 -1.4000000000000163 2.4000000000000004
3.1 -1.4000000000000163 2.5
3.1 -1.3000000000000167 0.0
3.1 -1.3000000000000167 0.1
3.1 -1.3000000000000167 0.2
3.1 -1.3000000000000167 0.30000000000000004
3.1 -1.3000000000000167 0.4
3.1 -1.3000000000000167 0.5
3.1 -1.3000000000000167 0.6000000000000001
3.1 -1.3000000000000167 0.7000000000000001
3.1 -1.3000000000000167 0.8
3.1 -1.3000000000000167 0.9
3.1 -1.3000000000000167 1.0
3.1 -1.3000000000000167 1.1
3.1 -1.3000000000000167 1.2000000000000002
3.1 -1.3000000000000167 1.3
3.1 -1.3000000000000167 1.4000000000000001
3.1 -1.3000000000000167 1.5
3.1 -1.3000000000000167 1.6
3.1 -1.3000000000000167 1.7000000000000002
3.1 -1.3000000000000167 1.8
3.1 -1.3000000000000167 1.9000000000000001
3.1 -1.3000000000000167 2.0
3.1 -1.3000000000000167 2.1
3.1 -1.3000000000000167 2.2
3.1 -1.3000000000000167 2.3000000000000003
3.1 -1.3000000000000167 2.4000000000000004
3.1 -1.3000000000000167 2.5
3.1 -1.200000000000017 0.0
3.1 -1.200000000000017 0.1
3.1 -1.200000000000017 0.2
3.1 -1.200000000000017 0.30000000000000004
3.1 -1.200000000000017 0.4
3.1 -1.200000000000017 0.5
3.1 -1.200000000000017 0.6000000000000001
3.1 -1.200000000000017 0.7000000000000001
3.1 -1.200000000000017 0.8
3.1 -1.200000000000017 0.9
3.1 -1.200000000000017 1.0
3.1 -1.200000000000017 1.1
3.1 -1.200000000000017 1.2000000000000002
3.1 -1.200000000000017 1.3
3.1 -1.200000000000017 1.4000000000000001
3.1 -1.200000000000017 1.5
3.1 -1.200000000000017 1.6
3.1 -1.200000000000017 1.7000000000000002
3.1 -1.200000000000017 1.8
3.1 -1.200000000000017 1.9000000000000001
3.1 -1.200000000000017 2.0
3.1 -1.200000000000017 2.1
3.1 -1.200000000000017 2.2
3.1 -1.200000000000017 2.3000000000000003
3.1 -1.200000000000017 2.4000000000000004
3.1 -1.200000000000017 2.5
3.1 -1.1000000000000174 0.0
3.1 -1.1000000000000174 0.1
3.1 -1.1000000000000174 0.2
3.1 -1.1000000000000174 0.30000000000000004
3.1 -1.1000000000000174 0.4
3.1 -1.1000000000000174 0.5
3.1 -1.1000000000000174 0.6000000000000001
3.1 -1.1000000000000174 0.7000000000000001
3.1 -1.1000000000000174 0.8
3.1 -1.1000000000000174 0.9
3.1 -1.1000000000000174 1.0
3.1 -1.1000000000000174 1.1
3.1 -1.1000000000000174 1.2000000000000002
3.1 -1.1000000000000174 1.3
3.1 -1.1000000000000174 1.4000000000000001
3.1 -1.1000000000000174 1.5
3.1 -1.1000000000000174 1.6
3.1 -1.1000000000000174 1.7000000000000002
3.1 -1.1000000000000174 1.8
3.1 -1.1000000000000174 1.9000000000000001
3.1 -1.1000000000000174 2.0
3.1 -1.1000000000000174 2.1
3.1 -1.1000000000000174 2.2
3.1 -1.1000000000000174 2.3000000000000003
3.1 -1.1000000000000174 2.4000000000000004
3.1 -1.1000000000000174 2.5
3.1 -1.0000000000000178 0.0
3.1 -1.0000000000000178 0.1
3.1 -1.0000000000000178 0.2
3.1 -1.0000000000000178 0.30000000000000004
3.1 -1.0000000000000178 0.4
3.1 -1.0000000000000178 0.5
3.1 -1.0000000000000178 0.6000000000000001
3.1 -1.0000000000000178 0.7000000000000001
3.1 -1.0000000000000178 0.8
3.1 -1.0000000000000178 0.9
3.1 -1.0000000000000178 1.0
3.1 -1.0000000000000178 1.1
3.1 -1.0000000000000178 1.2000000000000002
3.1 -1.0000000000000178 1.3
3.1 -1.0000000000000178 1.4000000000000001
3.1 -1.0000000000000178 1.5
3.1 -1.0000000000000178 1.6
3.1 -1.0000000000000178 1.7000000000000002
3.1 -1.0000000000000178 1.8
3.1 -1.0000000000000178 1.9000000000000001
3.1 -1.0000000000000178 2.0
3.1 -1.0000000000000178 2.1
3.1 -1.0000000000000178 2.2
3.1 -1.0000000000000178 2.3000000000000003
3.1 -1.0000000000000178 2.4000000000000004
3.1 -1.0000000000000178 2.5
3.1 -0.9000000000000181 0.0
3.1 -0.9000000000000181 0.1
3.1 -0.9000000000000181 0.2
3.1 -0.9000000000000181 0.30000000000000004
3.1 -0.9000000000000181 0.4
3.1 -0.9000000000000181 0.5
3.1 -0.9000000000000181 0.6000000000000001
3.1 -0.9000000000000181 0.7000000000000001
3.1 -0.9000000000000181 0.8
3.1 -0.9000000000000181 0.9
3.1 -0.9000000000000181 1.0
3.1 -0.9000000000000181 1.1
3.1 -0.9000000000000181 1.2000000000000002
3.1 -0.9000000000000181 1.3
3.1 -0.9000000000000181 1.4000000000000001
3.1 -0.9000000000000181 1.5
3.1 -0.9000000000000181 1.6
3.1 -0.9000000000000181 1.7000000000000002
3.1 -0.9000000000000181 1.8
3.1 -0.9000000000000181 1.9000000000000001
3.1 -0.9000000000000181 2.0
3.1 -0.9000000000000181 2.1
3.1 -0.9000000000000181 2.2
3.1 -0.9000000000000181 2.3000000000000003
3.1 -0.9000000000000181 2.4000000000000004
3.1 -0.9000000000000181 2.5
3.1 -0.8000000000000185 0.0
3.1 -0.8000000000000185 0.1
3.1 -0.8000000000000185 0.2
3.1 -0.8000000000000185 0.30000000000000004
3.1 -0.8000000000000185 0.4
3.1 -0.8000000000000185 0.5
3.1 -0.8000000000000185 0.6000000000000001
3.1 -0.8000000000000185 0.7000000000000001
3.1 -0.8000000000000185 0.8
3.1 -0.8000000000000185 0.9
3.1 -0.8000000000000185 1.0
3.1 -0.8000000000000185 1.1
3.1 -0.8000000000000185 1.2000000000000002
3.1 -0.8000000000000185 1.3
3.1 -0.8000000000000185 1.4000000000000001
3.1 -0.8000000000000185 1.5
3.1 -0.8000000000000185 1.6
3.1 -0.8000000000000185 1.7000000000000002
3.1 -0.8000000000000185 1.8
3.1 -0.8000000000000185 1.9000000000000001
3.1 -0.8000000000000185 2.0
3.1 -0.8000000000000185 2.1
3.1 -0.8000000000000185 2.2
3.1 -0.8000000000000185 2.3000000000000003
3.1 -0.8000000000000185 2.4000000000000004
3.1 -0.8000000000000185 2.5
3.1 -0.7000000000000188 0.0
3.1 -0.7000000000000188 0.1
3.1 -0.7000000000000188 0.2
3.1 -0.7000000000000188 0.30000000000000004
3.1 -0.7000000000000188 0.4
3.1 -0.7000000000000188 0.5
3.1 -0.7000000000000188 0.6000000000000001
3.1 -0.7000000000000188 0.7000000000000001
3.1 -0.7000000000000188 0.8
3.1 -0.7000000000000188 0.9
3.1 -0.7000000000000188 1.0
3.1 -0.7000000000000188 1.1
3.1 -0.7000000000000188 1.2000000000000002
3.1 -0.7000000000000188 1.3
3.1 -0.7000000000000188 1.4000000000000001
3.1 -0.7000000000000188 1.5
3.1 -0.7000000000000188 1.6
3.1 -0.7000000000000188 1.7000000000000002
3.1 -0.7000000000000188 1.8
3.1 -0.7000000000000188 1.9000000000000001
3.1 -0.7000000000000188 2.0
3.1 -0.7000000000000188 2.1
3.1 -0.7000000000000188 2.2
3.1 -0.7000000000000188 2.3000000000000003
3.1 -0.7000000000000188 2.4000000000000004
3.1 -0.7000000000000188 2.5
3.1 -0.6000000000000192 0.0
3.1 -0.6000000000000192 0.1
3.1 -0.6000000000000192 0.2
3.1 -0.6000000000000192 0.30000000000000004
3.1 -0.6000000000000192 0.4
3.1 -0.6000000000000192 0.5
3.1 -0.6000000000000192 0.6000000000000001
3.1 -0.6000000000000192 0.7000000000000001
3.1 -0.6000000000000192 0.8
3.1 -0.6000000000000192 0.9
3.1 -0.6000000000000192 1.0
3.1 -0.6000000000000192 1.1
3.1 -0.6000000000000192 1.2000000000000002
3.1 -0.6000000000000192 1.3
3.1 -0.6000000000000192 1.4000000000000001
3.1 -0.6000000000000192 1.5
3.1 -0.6000000000000192 1.6
3.1 -0.6000000000000192 1.7000000000000002
3.1 -0.6000000000000192 1.8
3.1 -0.6000000000000192 1.9000000000000001
3.1 -0.6000000000000192 2.0
3.1 -0.6000000000000192 2.1
3.1 -0.6000000000000192 2.2
3.1 -0.6000000000000192 2.3000000000000003
3.1 -0.6000000000000192 2.4000000000000004
3.1 -0.6000000000000192 2.5
3.1 -0.5000000000000195 0.0
3.1 -0.5000000000000195 0.1
3.1 -0.5000000000000195 0.2
3.1 -0.5000000000000195 0.30000000000000004
3.1 -0.5000000000000195 0.4
3.1 -0.5000000000000195 0.5
3.1 -0.5000000000000195 0.6000000000000001
3.1 -0.5000000000000195 0.7000000000000001
3.1 -0.5000000000000195 0.8
3.1 -0.5000000000000195 0.9
3.1 -0.5000000000000195 1.0
3.1 -0.5000000000000195 1.1
3.1 -0.5000000000000195 1.2000000000000002
3.1 -0.5000000000000195 1.3
3.1 -0.5000000000000195 1.4000000000000001
3.1 -0.5000000000000195 1.5
3.1 -0.5000000000000195 1.6
3.1 -0.5000000000000195 1.7000000000000002
3.1 -0.5000000000000195 1.8
3.1 -0.5000000000000195 1.9000000000000001
3.1 -0.5000000000000195 2.0
3.1 -0.5000000000000195 2.1
3.1 -0.5000000000000195 2.2
3.1 -0.5000000000000195 2.3000000000000003
3.1 -0.5000000000000195 2.4000000000000004
3.1 -0.5000000000000195 2.5
3.1 -0.4000000000000199 0.0
3.1 -0.4000000000000199 0.1
3.1 -0.4000000000000199 0.2
3.1 -0.4000000000000199 0.30000000000000004
3.1 -0.4000000000000199 0.4
3.1 -0.4000000000000199 0.5
3.1 -0.4000000000000199 0.6000000000000001
3.1 -0.4000000000000199 0.7000000000000001
3.1 -0.4000000000000199 0.8
3.1 -0.4000000000000199 0.9
3.1 -0.4000000000000199 1.0
3.1 -0.4000000000000199 1.1
3.1 -0.4000000000000199 1.2000000000000002
3.1 -0.4000000000000199 1.3
3.1 -0.4000000000000199 1.4000000000000001
3.1 -0.4000000000000199 1.5
3.1 -0.4000000000000199 1.6
3.1 -0.4000000000000199 1.7000000000000002
3.1 -0.4000000000000199 1.8
3.1 -0.4000000000000199 1.9000000000000001
3.1 -0.4000000000000199 2.0
3.1 -0.4000000000000199 2.1
3.1 -0.4000000000000199 2.2
3.1 -0.4000000000000199 2.3000000000000003
3.1 -0.4000000000000199 2.4000000000000004
3.1 -0.4000000000000199 2.5
3.1 -0.30000000000002025 0.0
3.1 -0.30000000000002025 0.1
3.1 -0.30000000000002025 0.2
3.1 -0.30000000000002025 0.30000000000000004
3.1 -0.30000000000002025 0.4
3.1 -0.30000000000002025 0.5
3.1 -0.30000000000002025 0.6000000000000001
3.1 -0.30000000000002025 0.7000000000000001
3.1 -0.30000000000002025 0.8
3.1 -0.30000000000002025 0.9
3.1 -0.30000000000002025 1.0
3.1 -0.30000000000002025 1.1
3.1 -0.30000000000002025 1.2000000000000002
3.1 -0.30000000000002025 1.3
3.1 -0.30000000000002025 1.4000000000000001
3.1 -0.30000000000002025 1.5
3.1 -0.30000000000002025 1.6
3.1 -0.30000000000002025 1.7000000000000002
3.1 -0.30000000000002025 1.8
3.1 -0.30000000000002025 1.9000000000000001
3.1 -0.30000000000002025 2.0
3.1 -0.30000000000002025 2.1
3.1 -0.30000000000002025 2.2
3.1 -0.30000000000002025 2.3000000000000003
3.1 -0.30000000000002025 2.4000000000000004
3.1 -0.30000000000002025 2.5
3.1 -0.2000000000000206 0.0
3.1 -0.2000000000000206 0.1
3.1 -0.2000000000000206 0.2
3.1 -0.2000000000000206 0.30000000000000004
3.1 -0.2000000000000206 0.4
3.1 -0.2000000000000206 0.5
3.1 -0.2000000000000206 0.6000000000000001
3.1 -0.2000000000000206 0.7000000000000001
3.1 -0.2000000000000206 0.8
3.1 -0.2000000000000206 0.9
3.1 -0.2000000000000206 1.0
3.1 -0.2000000000000206 1.1
3.1 -0.2000000000000206 1.2000000000000002
3.1 -0.2000000000000206 1.3
3.1 -0.2000000000000206 1.4000000000000001
3.1 -0.2000000000000206 1.5
3.1 -0.2000000000000206 1.6
3.1 -0.2000000000000206 1.7000000000000002
3.1 -0.2000000000000206 1.8
3.1 -0.2000000000000206 1.9000000000000001
3.1 -0.2000000000000206 2.0
3.1 -0.2000000000000206 2.1
3.1 -0.2000000000000206 2.2
3.1 -0.2000000000000206 2.3000000000000003
3.1 -0.2000000000000206 2.4000000000000004
3.1 -0.2000000000000206 2.5
3.1 -0.10000000000002096 0.0
3.1 -0.10000000000002096 0.1
3.1 -0.10000000000002096 0.2
3.1 -0.10000000000002096 0.30000000000000004
3.1 -0.10000000000002096 0.4
3.1 -0.10000000000002096 0.5
3.1 -0.10000000000002096 0.6000000000000001
3.1 -0.10000000000002096 0.7000000000000001
3.1 -0.10000000000002096 0.8
3.1 -0.10000000000002096 0.9
3.1 -0.10000000000002096 1.0
3.1 -0.10000000000002096 1.1
3.1 -0.10000000000002096 1.2000000000000002
3.1 -0.10000000000002096 1.3
3.1 -0.10000000000002096 1.4000000000000001
3.1 -0.10000000000002096 1.5
3.1 -0.10000000000002096 1.6
3.1 -0.10000000000002096 1.7000000000000002
3.1 -0.10000000000002096 1.8
3.1 -0.10000000000002096 1.9000000000000001
3.1 -0.10000000000002096 2.0
3.1 -0.10000000000002096 2.1
3.1 -0.10000000000002096 2.2
3.1 -0.10000000000002096 2.3000000000000003
3.1 -0.10000000000002096 2.4000000000000004
3.1 -0.10000000000002096 2.5
3.1 -2.1316282072803006e-14 0.0
3.1 -2.1316282072803006e-14 0.1
3.1 -2.1316282072803006e-14 0.2
3.1 -2.1316282072803006e-14 0.30000000000000004
3.1 -2.1316282072803006e-14 0.4
3.1 -2.1316282072803006e-14 0.5
3.1 -2.1316282072803006e-14 0.6000000000000001
3.1 -2.1316282072803006e-14 0.7000000000000001
3.1 -2.1316282072803006e-14 0.8
3.1 -2.1316282072803006e-14 0.9
3.1 -2.1316282072803006e-14 1.0
3.1 -2.1316282072803006e-14 1.1
3.1 -2.1316282072803006e-14 1.2000000000000002
3.1 -2.1316282072803006e-14 1.3
3.1 -2.1316282072803006e-14 1.4000000000000001
3.1 -2.1316282072803006e-14 1.5
3.1 -2.1316282072803006e-14 1.6
3.1 -2.1316282072803006e-14 1.7000000000000002
3.1 -2.1316282072803006e-14 1.8
3.1 -2.1316282072803006e-14 1.9000000000000001
3.1 -2.1316282072803006e-14 2.0
3.1 -2.1316282072803006e-14 2.1
3.1 -2.1316282072803006e-14 2.2
3.1 -2.1316282072803006e-14 2.3000000000000003
3.1 -2.1316282072803006e-14 2.4000000000000004
3.1 -2.1316282072803006e-14 2.5
3.1 0.09999999999997833 0.0
3.1 0.09999999999997833 0.1
3.1 0.09999999999997833 0.2
3.1 0.09999999999997833 0.30000000000000004
3.1 0.09999999999997833 0.4
3.1 0.09999999999997833 0.5
3.1 0.09999999999997833 0.6000000000000001
3.1 0.09999999999997833 0.7000000000000001
3.1 0.09999999999997833 0.8
3.1 0.09999999999997833 0.9
3.1 0.09999999999997833 1.0
3.1 0.09999999999997833 1.1
3.1 0.09999999999997833 1.2000000000000002
3.1 0.09999999999997833 1.3
3.1 0.09999999999997833 1.4000000000000001
3.1 0.09999999999997833 1.5
3.1 0.09999999999997833 1.6
3.1 0.09999999999997833 1.7000000000000002
3.1 0.09999999999997833 1.8
3.1 0.09999999999997833 1.9000000000000001
3.1 0.09999999999997833 2.0
3.1 0.09999999999997833 2.1
3.1 0.09999999999997833 2.2
3.1 0.09999999999997833 2.3000000000000003
3.1 0.09999999999997833 2.4000000000000004
3.1 0.09999999999997833 2.5
3.1 0.19999999999997797 0.0
3.1 0.19999999999997797 0.1
3.1 0.19999999999997797 0.2
3.1 0.19999999999997797 0.30000000000000004
3.1 0.19999999999997797 0.4
3.1 0.19999999999997797 0.5
3.1 0.19999999999997797 0.6000000000000001
3.1 0.19999999999997797 0.7000000000000001
3.1 0.19999999999997797 0.8
3.1 0.19999999999997797 0.9
3.1 0.19999999999997797 1.0
3.1 0.19999999999997797 1.1
3.1 0.19999999999997797 1.2000000000000002
3.1 0.19999999999997797 1.3
3.1 0.19999999999997797 1.4000000000000001
3.1 0.19999999999997797 1.5
3.1 0.19999999999997797 1.6
3.1 0.19999999999997797 1.7000000000000002
3.1 0.19999999999997797 1.8
3.1 0.19999999999997797 1.9000000000000001
3.1 0.19999999999997797 2.0
3.1 0.19999999999997797 2.1
3.1 0.19999999999997797 2.2
3.1 0.19999999999997797 2.3000000000000003
3.1 0.19999999999997797 2.4000000000000004
3.1 0.19999999999997797 2.5
3.1 0.2999999999999776 0.0
3.1 0.2999999999999776 0.1
3.1 0.2999999999999776 0.2
3.1 0.2999999999999776 0.30000000000000004
3.1 0.2999999999999776 0.4
3.1 0.2999999999999776 0.5
3.1 0.2999999999999776 0.6000000000000001
3.1 0.2999999999999776 0.7000000000000001
3.1 0.2999999999999776 0.8
3.1 0.2999999999999776 0.9
3.1 0.2999999999999776 1.0
3.1 0.2999999999999776 1.1
3.1 0.2999999999999776 1.2000000000000002
3.1 0.2999999999999776 1.3
3.1 0.2999999999999776 1.4000000000000001
3.1 0.2999999999999776 1.5
3.1 0.2999999999999776 1.6
3.1 0.2999999999999776 1.7000000000000002
3.1 0.2999999999999776 1.8
3.1 0.2999999999999776 1.9000000000000001
3.1 0.2999999999999776 2.0
3.1 0.2999999999999776 2.1
3.1 0.2999999999999776 2.2
3.1 0.2999999999999776 2.3000000000000003
3.1 0.2999999999999776 2.4000000000000004
3.1 0.2999999999999776 2.5
3.1 0.39999999999997726 0.0
3.1 0.39999999999997726 0.1
3.1 0.39999999999997726 0.2
3.1 0.39999999999997726 0.30000000000000004
3.1 0.39999999999997726 0.4
3.1 0.39999999999997726 0.5
3.1 0.39999999999997726 0.6000000000000001
3.1 0.39999999999997726 0.7000000000000001
3.1 0.39999999999997726 0.8
3.1 0.39999999999997726 0.9
3.1 0.39999999999997726 1.0
3.1 0.39999999999997726 1.1
3.1 0.39999999999997726 1.2000000000000002
3.1 0.39999999999997726 1.3
3.1 0.39999999999997726 1.4000000000000001
3.1 0.39999999999997726 1.5
3.1 0.39999999999997726 1.6
3.1 0.39999999999997726 1.7000000000000002
3.1 0.39999999999997726 1.8
3.1 0.39999999999997726 1.9000000000000001
3.1 0.39999999999997726 2.0
3.1 0.39999999999997726 2.1
3.1 0.39999999999997726 2.2
3.1 0.39999999999997726 2.3000000000000003
3.1 0.39999999999997726 2.4000000000000004
3.1 0.39999999999997726 2.5
3.1 0.4999999999999769 0.0
3.1 0.4999999999999769 0.1
3.1 0.4999999999999769 0.2
3.1 0.4999999999999769 0.30000000000000004
3.1 0.4999999999999769 0.4
3.1 0.4999999999999769 0.5
3.1 0.4999999999999769 0.6000000000000001
3.1 0.4999999999999769 0.7000000000000001
3.1 0.4999999999999769 0.8
3.1 0.4999999999999769 0.9
3.1 0.4999999999999769 1.0
3.1 0.4999999999999769 1.1
3.1 0.4999999999999769 1.2000000000000002
3.1 0.4999999999999769 1.3
3.1 0.4999999999999769 1.4000000000000001
3.1 0.4999999999999769 1.5
3.1 0.4999999999999769 1.6
3.1 0.4999999999999769 1.7000000000000002
3.1 0.4999999999999769 1.8
3.1 0.4999999999999769 1.9000000000000001
3.1 0.4999999999999769 2.0
3.1 0.4999999999999769 2.1
3.1 0.4999999999999769 2.2
3.1 0.4999999999999769 2.3000000000000003
3.1 0.4999999999999769 2.4000000000000004
3.1 0.4999999999999769 2.5
3.1 0.5999999999999766 0.0
3.1 0.5999999999999766 0.1
3.1 0.5999999999999766 0.2
3.1 0.5999999999999766 0.30000000000000004
3.1 0.5999999999999766 0.4
3.1 0.5999999999999766 0.5
3.1 0.5999999999999766 0.6000000000000001
3.1 0.5999999999999766 0.7000000000000001
3.1 0.5999999999999766 0.8
3.1 0.5999999999999766 0.9
3.1 0.5999999999999766 1.0
3.1 0.5999999999999766 1.1
3.1 0.5999999999999766 1.2000000000000002
3.1 0.5999999999999766 1.3
3.1 0.5999999999999766 1.4000000000000001
3.1 0.5999999999999766 1.5
3.1 0.5999999999999766 1.6
3.1 0.5999999999999766 1.7000000000000002
3.1 0.5999999999999766 1.8
3.1 0.5999999999999766 1.9000000000000001
3.1 0.5999999999999766 2.0
3.1 0.5999999999999766 2.1
3.1 0.5999999999999766 2.2
3.1 0.5999999999999766 2.3000000000000003
3.1 0.5999999999999766 2.4000000000000004
3.1 0.5999999999999766 2.5
3.1 0.6999999999999762 0.0
3.1 0.6999999999999762 0.1
3.1 0.6999999999999762 0.2
3.1 0.6999999999999762 0.30000000000000004
3.1 0.6999999999999762 0.4
3.1 0.6999999999999762 0.5
3.1 0.6999999999999762 0.6000000000000001
3.1 0.6999999999999762 0.7000000000000001
3.1 0.6999999999999762 0.8
3.1 0.6999999999999762 0.9
3.1 0.6999999999999762 1.0
3.1 0.6999999999999762 1.1
3.1 0.6999999999999762 1.2000000000000002
3.1 0.6999999999999762 1.3
3.1 0.6999999999999762 1.4000000000000001
3.1 0.6999999999999762 1.5
3.1 0.6999999999999762 1.6
3.1 0.6999999999999762 1.7000000000000002
3.1 0.6999999999999762 1.8
3.1 0.6999999999999762 1.9000000000000001
3.1 0.6999999999999762 2.0
3.1 0.6999999999999762 2.1
3.1 0.6999999999999762 2.2
3.1 0.6999999999999762 2.3000000000000003
3.1 0.6999999999999762 2.4000000000000004
3.1 0.6999999999999762 2.5
3.1 0.7999999999999758 0.0
3.1 0.7999999999999758 0.1
3.1 0.7999999999999758 0.2
3.1 0.7999999999999758 0.30000000000000004
3.1 0.7999999999999758 0.4
3.1 0.7999999999999758 0.5
3.1 0.7999999999999758 0.6000000000000001
3.1 0.7999999999999758 0.7000000000000001
3.1 0.7999999999999758 0.8
3.1 0.7999999999999758 0.9
3.1 0.7999999999999758 1.0
3.1 0.7999999999999758 1.1
3.1 0.7999999999999758 1.2000000000000002
3.1 0.7999999999999758 1.3
3.1 0.7999999999999758 1.4000000000000001
3.1 0.7999999999999758 1.5
3.1 0.7999999999999758 1.6
3.1 0.7999999999999758 1.7000000000000002
3.1 0.7999999999999758 1.8
3.1 0.7999999999999758 1.9000000000000001
3.1 0.7999999999999758 2.0
3.1 0.7999999999999758 2.1
3.1 0.7999999999999758 2.2
3.1 0.7999999999999758 2.3000000000000003
3.1 0.7999999999999758 2.4000000000000004
3.1 0.7999999999999758 2.5
3.1 0.8999999999999755 0.0
3.1 0.8999999999999755 0.1
3.1 0.8999999999999755 0.2
3.1 0.8999999999999755 0.30000000000000004
3.1 0.8999999999999755 0.4
3.1 0.8999999999999755 0.5
3.1 0.8999999999999755 0.6000000000000001
3.1 0.8999999999999755 0.7000000000000001
3.1 0.8999999999999755 0.8
3.1 0.8999999999999755 0.9
3.1 0.8999999999999755 1.0
3.1 0.8999999999999755 1.1
3.1 0.8999999999999755 1.2000000000000002
3.1 0.8999999999999755 1.3
3.1 0.8999999999999755 1.4000000000000001
3.1 0.8999999999999755 1.5
3.1 0.8999999999999755 1.6
3.1 0.8999999999999755 1.7000000000000002
3.1 0.8999999999999755 1.8
3.1 0.8999999999999755 1.9000000000000001
3.1 0.8999999999999755 2.0
3.1 0.8999999999999755 2.1
3.1 0.8999999999999755 2.2
3.1 0.8999999999999755 2.3000000000000003
3.1 0.8999999999999755 2.4000000000000004
3.1 0.8999999999999755 2.5
3.1 0.9999999999999751 0.0
3.1 0.9999999999999751 0.1
3.1 0.9999999999999751 0.2
3.1 0.9999999999999751 0.30000000000000004
3.1 0.9999999999999751 0.4
3.1 0.9999999999999751 0.5
3.1 0.9999999999999751 0.6000000000000001
3.1 0.9999999999999751 0.7000000000000001
3.1 0.9999999999999751 0.8
3.1 0.9999999999999751 0.9
3.1 0.9999999999999751 1.0
3.1 0.9999999999999751 1.1
3.1 0.9999999999999751 1.2000000000000002
3.1 0.9999999999999751 1.3
3.1 0.9999999999999751 1.4000000000000001
3.1 0.9999999999999751 1.5
3.1 0.9999999999999751 1.6
3.1 0.9999999999999751 1.7000000000000002
3.1 0.9999999999999751 1.8
3.1 0.9999999999999751 1.9000000000000001
3.1 0.9999999999999751 2.0
3.1 0.9999999999999751 2.1
3.1 0.9999999999999751 2.2
3.1 0.9999999999999751 2.3000000000000003
3.1 0.9999999999999751 2.4000000000000004
3.1 0.9999999999999751 2.5
3.1 1.0999999999999748 0.0
3.1 1.0999999999999748 0.1
3.1 1.0999999999999748 0.2
3.1 1.0999999999999748 0.30000000000000004
3.1 1.0999999999999748 0.4
3.1 1.0999999999999748 0.5
3.1 1.0999999999999748 0.6000000000000001
3.1 1.0999999999999748 0.7000000000000001
3.1 1.0999999999999748 0.8
3.1 1.0999999999999748 0.9
3.1 1.0999999999999748 1.0
3.1 1.0999999999999748 1.1
3.1 1.0999999999999748 1.2000000000000002
3.1 1.0999999999999748 1.3
3.1 1.0999999999999748 1.4000000000000001
3.1 1.0999999999999748 1.5
3.1 1.0999999999999748 1.6
3.1 1.0999999999999748 1.7000000000000002
3.1 1.0999999999999748 1.8
3.1 1.0999999999999748 1.9000000000000001
3.1 1.0999999999999748 2.0
3.1 1.0999999999999748 2.1
3.1 1.0999999999999748 2.2
3.1 1.0999999999999748 2.3000000000000003
3.1 1.0999999999999748 2.4000000000000004
3.1 1.0999999999999748 2.5
3.1 1.1999999999999744 0.0
3.1 1.1999999999999744 0.1
3.1 1.1999999999999744 0.2
3.1 1.1999999999999744 0.30000000000000004
3.1 1.1999999999999744 0.4
3.1 1.1999999999999744 0.5
3.1 1.1999999999999744 0.6000000000000001
3.1 1.1999999999999744 0.7000000000000001
3.1 1.1999999999999744 0.8
3.1 1.1999999999999744 0.9
3.1 1.1999999999999744 1.0
3.1 1.1999999999999744 1.1
3.1 1.1999999999999744 1.2000000000000002
3.1 1.1999999999999744 1.3
3.1 1.1999999999999744 1.4000000000000001
3.1 1.1999999999999744 1.5
3.1 1.1999999999999744 1.6
3.1 1.1999999999999744 1.7000000000000002
3.1 1.1999999999999744 1.8
3.1 1.1999999999999744 1.9000000000000001
3.1 1.1999999999999744 2.0
3.1 1.1999999999999744 2.1
3.1 1.1999999999999744 2.2
3.1 1.1999999999999744 2.3000000000000003
3.1 1.1999999999999744 2.4000000000000004
3.1 1.1999999999999744 2.5
3.1 1.299999999999974 0.0
3.1 1.299999999999974 0.1
3.1 1.299999999999974 0.2
3.1 1.299999999999974 0.30000000000000004
3.1 1.299999999999974 0.4
3.1 1.299999999999974 0.5
3.1 1.299999999999974 0.6000000000000001
3.1 1.299999999999974 0.7000000000000001
3.1 1.299999999999974 0.8
3.1 1.299999999999974 0.9
3.1 1.299999999999974 1.0
3.1 1.299999999999974 1.1
3.1 1.299999999999974 1.2000000000000002
3.1 1.299999999999974 1.3
3.1 1.299999999999974 1.4000000000000001
3.1 1.299999999999974 1.5
3.1 1.299999999999974 1.6
3.1 1.299999999999974 1.7000000000000002
3.1 1.299999999999974 1.8
3.1 1.299999999999974 1.9000000000000001
3.1 1.299999999999974 2.0
3.1 1.299999999999974 2.1
3.1 1.299999999999974 2.2
3.1 1.299999999999974 2.3000000000000003
3.1 1.299999999999974 2.4000000000000004
3.1 1.299999999999974 2.5
3.1 1.3999999999999737 0.0
3.1 1.3999999999999737 0.1
3.1 1.3999999999999737 0.2
3.1 1.3999999999999737 0.30000000000000004
3.1 1.3999999999999737 0.4
3.1 1.3999999999999737 0.5
3.1 1.3999999999999737 0.6000000000000001
3.1 1.3999999999999737 0.7000000000000001
3.1 1.3999999999999737 0.8
3.1 1.3999999999999737 0.9
3.1 1.3999999999999737 1.0
3.1 1.3999999999999737 1.1
3.1 1.3999999999999737 1.2000000000000002
3.1 1.3999999999999737 1.3
3.1 1.3999999999999737 1.4000000000000001
3.1 1.3999999999999737 1.5
3.1 1.3999999999999737 1.6
3.1 1.3999999999999737 1.7000000000000002
3.1 1.3999999999999737 1.8
3.1 1.3999999999999737 1.9000000000000001
3.1 1.3999999999999737 2.0
3.1 1.3999999999999737 2.1
3.1 1.3999999999999737 2.2
3.1 1.3999999999999737 2.3000000000000003
3.1 1.3999999999999737 2.4000000000000004
3.1 1.3999999999999737 2.5
3.1 1.4999999999999734 0.0
3.1 1.4999999999999734 0.1
3.1 1.4999999999999734 0.2
3.1 1.4999999999999734 0.30000000000000004
3.1 1.4999999999999734 0.4
3.1 1.4999999999999734 0.5
3.1 1.4999999999999734 0.6000000000000001
3.1 1.4999999999999734 0.7000000000000001
3.1 1.4999999999999734 0.8
3.1 1.4999999999999734 0.9
3.1 1.4999999999999734 1.0
3.1 1.4999999999999734 1.1
3.1 1.4999999999999734 1.2000000000000002
3.1 1.4999999999999734 1.3
3.1 1.4999999999999734 1.4000000000000001
3.1 1.4999999999999734 1.5
3.1 1.4999999999999734 1.6
3.1 1.4999999999999734 1.7000000000000002
3.1 1.4999999999999734 1.8
3.1 1.4999999999999734 1.9000000000000001
3.1 1.4999999999999734 2.0
3.1 1.4999999999999734 2.1
3.1 1.4999999999999734 2.2
3.1 1.4999999999999734 2.3000000000000003
3.1 1.4999999999999734 2.4000000000000004
3.1 1.4999999999999734 2.5
3.1 1.599999999999973 0.0
3.1 1.599999999999973 0.1
3.1 1.599999999999973 0.2
3.1 1.599999999999973 0.30000000000000004
3.1 1.599999999999973 0.4
3.1 1.599999999999973 0.5
3.1 1.599999999999973 0.6000000000000001
3.1 1.599999999999973 0.7000000000000001
3.1 1.599999999999973 0.8
3.1 1.599999999999973 0.9
3.1 1.599999999999973 1.0
3.1 1.599999999999973 1.1
3.1 1.599999999999973 1.2000000000000002
3.1 1.599999999999973 1.3
3.1 1.599999999999973 1.4000000000000001
3.1 1.599999999999973 1.5
3.1 1.599999999999973 1.6
3.1 1.599999999999973 1.7000000000000002
3.1 1.599999999999973 1.8
3.1 1.599999999999973 1.9000000000000001
3.1 1.599999999999973 2.0
3.1 1.599999999999973 2.1
3.1 1.599999999999973 2.2
3.1 1.599999999999973 2.3000000000000003
3.1 1.599999999999973 2.4000000000000004
3.1 1.599999999999973 2.5
3.1 1.6999999999999726 0.0
3.1 1.6999999999999726 0.1
3.1 1.6999999999999726 0.2
3.1 1.6999999999999726 0.30000000000000004
3.1 1.6999999999999726 0.4
3.1 1.6999999999999726 0.5
3.1 1.6999999999999726 0.6000000000000001
3.1 1.6999999999999726 0.7000000000000001
3.1 1.6999999999999726 0.8
3.1 1.6999999999999726 0.9
3.1 1.6999999999999726 1.0
3.1 1.6999999999999726 1.1
3.1 1.6999999999999726 1.2000000000000002
3.1 1.6999999999999726 1.3
3.1 1.6999999999999726 1.4000000000000001
3.1 1.6999999999999726 1.5
3.1 1.6999999999999726 1.6
3.1 1.6999999999999726 1.7000000000000002
3.1 1.6999999999999726 1.8
3.1 1.6999999999999726 1.9000000000000001
3.1 1.6999999999999726 2.0
3.1 1.6999999999999726 2.1
3.1 1.6999999999999726 2.2
3.1 1.6999999999999726 2.3000000000000003
3.1 1.6999999999999726 2.4000000000000004
3.1 1.6999999999999726 2.5
3.1 1.7999999999999723 0.0
3.1 1.7999999999999723 0.1
3.1 1.7999999999999723 0.2
3.1 1.7999999999999723 0.30000000000000004
3.1 1.7999999999999723 0.4
3.1 1.7999999999999723 0.5
3.1 1.7999999999999723 0.6000000000000001
3.1 1.7999999999999723 0.7000000000000001
3.1 1.7999999999999723 0.8
3.1 1.7999999999999723 0.9
3.1 1.7999999999999723 1.0
3.1 1.7999999999999723 1.1
3.1 1.7999999999999723 1.2000000000000002
3.1 1.7999999999999723 1.3
3.1 1.7999999999999723 1.4000000000000001
3.1 1.7999999999999723 1.5
3.1 1.7999999999999723 1.6
3.1 1.7999999999999723 1.7000000000000002
3.1 1.7999999999999723 1.8
3.1 1.7999999999999723 1.9000000000000001
3.1 1.7999999999999723 2.0
3.1 1.7999999999999723 2.1
3.1 1.7999999999999723 2.2
3.1 1.7999999999999723 2.3000000000000003
3.1 1.7999999999999723 2.4000000000000004
3.1 1.7999999999999723 2.5
3.1 1.899999999999972 0.0
3.1 1.899999999999972 0.1
3.1 1.899999999999972 0.2
3.1 1.899999999999972 0.30000000000000004
3.1 1.899999999999972 0.4
3.1 1.899999999999972 0.5
3.1 1.899999999999972 0.6000000000000001
3.1 1.899999999999972 0.7000000000000001
3.1 1.899999999999972 0.8
3.1 1.899999999999972 0.9
3.1 1.899999999999972 1.0
3.1 1.899999999999972 1.1
3.1 1.899999999999972 1.2000000000000002
3.1 1.899999999999972 1.3
3.1 1.899999999999972 1.4000000000000001
3.1 1.899999999999972 1.5
3.1 1.899999999999972 1.6
3.1 1.899999999999972 1.7000000000000002
3.1 1.899999999999972 1.8
3.1 1.899999999999972 1.9000000000000001
3.1 1.899999999999972 2.0
3.1 1.899999999999972 2.1
3.1 1.899999999999972 2.2
3.1 1.899999999999972 2.3000000000000003
3.1 1.899999999999972 2.4000000000000004
3.1 1.899999999999972 2.5
3.1 1.9999999999999716 0.0
3.1 1.9999999999999716 0.1
3.1 1.9999999999999716 0.2
3.1 1.9999999999999716 0.30000000000000004
3.1 1.9999999999999716 0.4
3.1 1.9999999999999716 0.5
3.1 1.9999999999999716 0.6000000000000001
3.1 1.9999999999999716 0.7000000000000001
3.1 1.9999999999999716 0.8
3.1 1.9999999999999716 0.9
3.1 1.9999999999999716 1.0
3.1 1.9999999999999716 1.1
3.1 1.9999999999999716 1.2000000000000002
3.1 1.9999999999999716 1.3
3.1 1.9999999999999716 1.4000000000000001
3.1 1.9999999999999716 1.5
3.1 1.9999999999999716 1.6
3.1 1.9999999999999716 1.7000000000000002
3.1 1.9999999999999716 1.8
3.1 1.9999999999999716 1.9000000000000001
3.1 1.9999999999999716 2.0
3.1 1.9999999999999716 2.1
3.1 1.9999999999999716 2.2
3.1 1.9999999999999716 2.3000000000000003
3.1 1.9999999999999716 2.4000000000000004
3.1 1.9999999999999716 2.5
3.1 2.0999999999999712 0.0
3.1 2.0999999999999712 0.1
3.1 2.0999999999999712 0.2
3.1 2.0999999999999712 0.30000000000000004
3.1 2.0999999999999712 0.4
3.1 2.0999999999999712 0.5
3.1 2.0999999999999712 0.6000000000000001
3.1 2.0999999999999712 0.7000000000000001
3.1 2.0999999999999712 0.8
3.1 2.0999999999999712 0.9
3.1 2.0999999999999712 1.0
3.1 2.0999999999999712 1.1
3.1 2.0999999999999712 1.2000000000000002
3.1 2.0999999999999712 1.3
3.1 2.0999999999999712 1.4000000000000001
3.1 2.0999999999999712 1.5
3.1 2.0999999999999712 1.6
3.1 2.0999999999999712 1.7000000000000002
3.1 2.0999999999999712 1.8
3.1 2.0999999999999712 1.9000000000000001
3.1 2.0999999999999712 2.0
3.1 2.0999999999999712 2.1
3.1 2.0999999999999712 2.2
3.1 2.0999999999999712 2.3000000000000003
3.1 2.0999999999999712 2.4000000000000004
3.1 2.0999999999999712 2.5
3.1 2.199999999999971 0.0
3.1 2.199999999999971 0.1
3.1 2.199999999999971 0.2
3.1 2.199999999999971 0.30000000000000004
3.1 2.199999999999971 0.4
3.1 2.199999999999971 0.5
3.1 2.199999999999971 0.6000000000000001
3.1 2.199999999999971 0.7000000000000001
3.1 2.199999999999971 0.8
3.1 2.199999999999971 0.9
3.1 2.199999999999971 1.0
3.1 2.199999999999971 1.1
3.1 2.199999999999971 1.2000000000000002
3.1 2.199999999999971 1.3
3.1 2.199999999999971 1.4000000000000001
3.1 2.199999999999971 1.5
3.1 2.199999999999971 1.6
3.1 2.199999999999971 1.7000000000000002
3.1 2.199999999999971 1.8
3.1 2.199999999999971 1.9000000000000001
3.1 2.199999999999971 2.0
3.1 2.199999999999971 2.1
3.1 2.199999999999971 2.2
3.1 2.199999999999971 2.3000000000000003
3.1 2.199999999999971 2.4000000000000004
3.1 2.199999999999971 2.5
3.1 2.2999999999999705 0.0
3.1 2.2999999999999705 0.1
3.1 2.2999999999999705 0.2
3.1 2.2999999999999705 0.30000000000000004
3.1 2.2999999999999705 0.4
3.1 2.2999999999999705 0.5
3.1 2.2999999999999705 0.6000000000000001
3.1 2.2999999999999705 0.7000000000000001
3.1 2.2999999999999705 0.8
3.1 2.2999999999999705 0.9
3.1 2.2999999999999705 1.0
3.1 2.2999999999999705 1.1
3.1 2.2999999999999705 1.2000000000000002
3.1 2.2999999999999705 1.3
3.1 2.2999999999999705 1.4000000000000001
3.1 2.2999999999999705 1.5
3.1 2.2999999999999705 1.6
3.1 2.2999999999999705 1.7000000000000002
3.1 2.2999999999999705 1.8
3.1 2.2999999999999705 1.9000000000000001
3.1 2.2999999999999705 2.0
3.1 2.2999999999999705 2.1
3.1 2.2999999999999705 2.2
3.1 2.2999999999999705 2.3000000000000003
3.1 2.2999999999999705 2.4000000000000004
3.1 2.2999999999999705 2.5
3.1 2.39999999999997 0.0
3.1 2.39999999999997 0.1
3.1 2.39999999999997 0.2
3.1 2.39999999999997 0.30000000000000004
3.1 2.39999999999997 0.4
3.1 2.39999999999997 0.5
3.1 2.39999999999997 0.6000000000000001
3.1 2.39999999999997 0.7000000000000001
3.1 2.39999999999997 0.8
3.1 2.39999999999997 0.9
3.1 2.39999999999997 1.0
3.1 2.39999999999997 1.1
3.1 2.39999999999997 1.2000000000000002
3.1 2.39999999999997 1.3
3.1 2.39999999999997 1.4000000000000001
3.1 2.39999999999997 1.5
3.1 2.39999999999997 1.6
3.1 2.39999999999997 1.7000000000000002
3.1 2.39999999999997 1.8
3.1 2.39999999999997 1.9000000000000001
3.1 2.39999999999997 2.0
3.1 2.39999999999997 2.1
3.1 2.39999999999997 2.2
3.1 2.39999999999997 2.3000000000000003
3.1 2.39999999999997 2.4000000000000004
3.1 2.39999999999997 2.5
3.1 2.49999999999997 0.0
3.1 2.49999999999997 0.1
3.1 2.49999999999997 0.2
3.1 2.49999999999997 0.30000000000000004
3.1 2.49999999999997 0.4
3.1 2.49999999999997 0.5
3.1 2.49999999999997 0.6000000000000001
3.1 2.49999999999997 0.7000000000000001
3.1 2.49999999999997 0.8
3.1 2.49999999999997 0.9
3.1 2.49999999999997 1.0
3.1 2.49999999999997 1.1
3.1 2.49999999999997 1.2000000000000002
3.1 2.49999999999997 1.3
3.1 2.49999999999997 1.4000000000000001
3.1 2.49999999999997 1.5
3.1 2.49999999999997 1.6
3.1 2.49999999999997 1.7000000000000002
3.1 2.49999999999997 1.8
3.1 2.49999999999997 1.9000000000000001
3.1 2.49999999999997 2.0
3.1 2.49999999999997 2.1
3.1 2.49999999999997 2.2
3.1 2.49999999999997 2.3000000000000003
3.1 2.49999999999997 2.4000000000000004
3.1 2.49999999999997 2.5
3.1 2.5999999999999694 0.0
3.1 2.5999999999999694 0.1
3.1 2.5999999999999694 0.2
3.1 2.5999999999999694 0.30000000000000004
3.1 2.5999999999999694 0.4
3.1 2.5999999999999694 0.5
3.1 2.5999999999999694 0.6000000000000001
3.1 2.5999999999999694 0.7000000000000001
3.1 2.5999999999999694 0.8
3.1 2.5999999999999694 0.9
3.1 2.5999999999999694 1.0
3.1 2.5999999999999694 1.1
3.1 2.5999999999999694 1.2000000000000002
3.1 2.5999999999999694 1.3
3.1 2.5999999999999694 1.4000000000000001
3.1 2.5999999999999694 1.5
3.1 2.5999999999999694 1.6
3.1 2.5999999999999694 1.7000000000000002
3.1 2.5999999999999694 1.8
3.1 2.5999999999999694 1.9000000000000001
3.1 2.5999999999999694 2.0
3.1 2.5999999999999694 2.1
3.1 2.5999999999999694 2.2
3.1 2.5999999999999694 2.3000000000000003
3.1 2.5999999999999694 2.4000000000000004
3.1 2.5999999999999694 2.5
3.1 2.699999999999969 0.0
3.1 2.699999999999969 0.1
3.1 2.699999999999969 0.2
3.1 2.699999999999969 0.30000000000000004
3.1 2.699999999999969 0.4
3.1 2.699999999999969 0.5
3.1 2.699999999999969 0.6000000000000001
3.1 2.699999999999969 0.7000000000000001
3.1 2.699999999999969 0.8
3.1 2.699999999999969 0.9
3.1 2.699999999999969 1.0
3.1 2.699999999999969 1.1
3.1 2.699999999999969 1.2000000000000002
3.1 2.699999999999969 1.3
3.1 2.699999999999969 1.4000000000000001
3.1 2.699999999999969 1.5
3.1 2.699999999999969 1.6
3.1 2.699999999999969 1.7000000000000002
3.1 2.699999999999969 1.8
3.1 2.699999999999969 1.9000000000000001
3.1 2.699999999999969 2.0
3.1 2.699999999999969 2.1
3.1 2.699999999999969 2.2
3.1 2.699999999999969 2.3000000000000003
3.1 2.699999999999969 2.4000000000000004
3.1 2.699999999999969 2.5
3.1 2.7999999999999687 0.0
3.1 2.7999999999999687 0.1
3.1 2.7999999999999687 0.2
3.1 2.7999999999999687 0.30000000000000004
3.1 2.7999999999999687 0.4
3.1 2.7999999999999687 0.5
3.1 2.7999999999999687 0.6000000000000001
3.1 2.7999999999999687 0.7000000000000001
3.1 2.7999999999999687 0.8
3.1 2.7999999999999687 0.9
3.1 2.7999999999999687 1.0
3.1 2.7999999999999687 1.1
3.1 2.7999999999999687 1.2000000000000002
3.1 2.7999999999999687 1.3
3.1 2.7999999999999687 1.4000000000000001
3.1 2.7999999999999687 1.5
3.1 2.7999999999999687 1.6
3.1 2.7999999999999687 1.7000000000000002
3.1 2.7999999999999687 1.8
3.1 2.7999999999999687 1.9000000000000001
3.1 2.7999999999999687 2.0
3.1 2.7999999999999687 2.1
3.1 2.7999999999999687 2.2
3.1 2.7999999999999687 2.3000000000000003
3.1 2.7999999999999687 2.4000000000000004
3.1 2.7999999999999687 2.5
3.1 2.8999999999999684 0.0
3.1 2.8999999999999684 0.1
3.1 2.8999999999999684 0.2
3.1 2.8999999999999684 0.30000000000000004
3.1 2.8999999999999684 0.4
3.1 2.8999999999999684 0.5
3.1 2.8999999999999684 0.6000000000000001
3.1 2.8999999999999684 0.7000000000000001
3.1 2.8999999999999684 0.8
3.1 2.8999999999999684 0.9
3.1 2.8999999999999684 1.0
3.1 2.8999999999999684 1.1
3.1 2.8999999999999684 1.2000000000000002
3.1 2.8999999999999684 1.3
3.1 2.8999999999999684 1.4000000000000001
3.1 2.8999999999999684 1.5
3.1 2.8999999999999684 1.6
3.1 2.8999999999999684 1.7000000000000002
3.1 2.8999999999999684 1.8
3.1 2.8999999999999684 1.9000000000000001
3.1 2.8999999999999684 2.0
3.1 2.8999999999999684 2.1
3.1 2.8999999999999684 2.2
3.1 2.8999999999999684 2.3000000000000003
3.1 2.8999999999999684 2.4000000000000004
3.1 2.8999999999999684 2.5
3.1 2.999999999999968 0.0
3.1 2.999999999999968 0.1
3.1 2.999999999999968 0.2
3.1 2.999999999999968 0.30000000000000004
3.1 2.999999999999968 0.4
3.1 2.999999999999968 0.5
3.1 2.999999999999968 0.6000000000000001
3.1 2.999999999999968 0.7000000000000001
3.1 2.999999999999968 0.8
3.1 2.999999999999968 0.9
3.1 2.999999999999968 1.0
3.1 2.999999999999968 1.1
3.1 2.999999999999968 1.2000000000000002
3.1 2.999999999999968 1.3
3.1 2.999999999999968 1.4000000000000001
3.1 2.999999999999968 1.5
3.1 2.999999999999968 1.6
3.1 2.999999999999968 1.7000000000000002
3.1 2.999999999999968 1.8
3.1 2.999999999999968 1.9000000000000001
3.1 2.999999999999968 2.0
3.1 2.999999999999968 2.1
3.1 2.999999999999968 2.2
3.1 2.999999999999968 2.3000000000000003
3.1 2.999999999999968 2.4000000000000004
3.1 2.999999999999968 2.5
3.1 3.0999999999999677 0.0
3.1 3.0999999999999677 0.1
3.1 3.0999999999999677 0.2
3.1 3.0999999999999677 0.30000000000000004
3.1 3.0999999999999677 0.4
3.1 3.0999999999999677 0.5
3.1 3.0999999999999677 0.6000000000000001
3.1 3.0999999999999677 0.7000000000000001
3.1 3.0999999999999677 0.8
3.1 3.0999999999999677 0.9
3.1 3.0999999999999677 1.0
3.1 3.0999999999999677 1.1
3.1 3.0999999999999677 1.2000000000000002
3.1 3.0999999999999677 1.3
3.1 3.0999999999999677 1.4000000000000001
3.1 3.0999999999999677 1.5
3.1 3.0999999999999677 1.6
3.1 3.0999999999999677 1.7000000000000002
3.1 3.0999999999999677 1.8
3.1 3.0999999999999677 1.9000000000000001
3.1 3.0999999999999677 2.0
3.1 3.0999999999999677 2.1
3.1 3.0999999999999677 2.2
3.1 3.0999999999999677 2.3000000000000003
3.1 3.0999999999999677 2.4000000000000004
3.1 3.0999999999999677 2.5
3.1 3.1999999999999673 0.0
3.1 3.1999999999999673 0.1
3.1 3.1999999999999673 0.2
3.1 3.1999999999999673 0.30000000000000004
3.1 3.1999999999999673 0.4
3.1 3.1999999999999673 0.5
3.1 3.1999999999999673 0.6000000000000001
3.1 3.1999999999999673 0.7000000000000001
3.1 3.1999999999999673 0.8
3.1 3.1999999999999673 0.9
3.1 3.1999999999999673 1.0
3.1 3.1999999999999673 1.1
3.1 3.1999999999999673 1.2000000000000002
3.1 3.1999999999999673 1.3
3.1 3.1999999999999673 1.4000000000000001
3.1 3.1999999999999673 1.5
3.1 3.1999999999999673 1.6
3.1 3.1999999999999673 1.7000000000000002
3.1 3.1999999999999673 1.8
3.1 3.1999999999999673 1.9000000000000001
3.1 3.1999999999999673 2.0
3.1 3.1999999999999673 2.1
3.1 3.1999999999999673 2.2
3.1 3.1999999999999673 2.3000000000000003
3.1 3.1999999999999673 2.4000000000000004
3.1 3.1999999999999673 2.5
3.1 3.299999999999967 0.0
3.1 3.299999999999967 0.1
3.1 3.299999999999967 0.2
3.1 3.299999999999967 0.30000000000000004
3.1 3.299999999999967 0.4
3.1 3.299999999999967 0.5
3.1 3.299999999999967 0.6000000000000001
3.1 3.299999999999967 0.7000000000000001
3.1 3.299999999999967 0.8
3.1 3.299999999999967 0.9
3.1 3.299999999999967 1.0
3.1 3.299999999999967 1.1
3.1 3.299999999999967 1.2000000000000002
3.1 3.299999999999967 1.3
3.1 3.299999999999967 1.4000000000000001
3.1 3.299999999999967 1.5
3.1 3.299999999999967 1.6
3.1 3.299999999999967 1.7000000000000002
3.1 3.299999999999967 1.8
3.1 3.299999999999967 1.9000000000000001
3.1 3.299999999999967 2.0
3.1 3.299999999999967 2.1
3.1 3.299999999999967 2.2
3.1 3.299999999999967 2.3000000000000003
3.1 3.299999999999967 2.4000000000000004
3.1 3.299999999999967 2.5
3.1 3.3999999999999666 0.0
3.1 3.3999999999999666 0.1
3.1 3.3999999999999666 0.2
3.1 3.3999999999999666 0.30000000000000004
3.1 3.3999999999999666 0.4
3.1 3.3999999999999666 0.5
3.1 3.3999999999999666 0.6000000000000001
3.1 3.3999999999999666 0.7000000000000001
3.1 3.3999999999999666 0.8
3.1 3.3999999999999666 0.9
3.1 3.3999999999999666 1.0
3.1 3.3999999999999666 1.1
3.1 3.3999999999999666 1.2000000000000002
3.1 3.3999999999999666 1.3
3.1 3.3999999999999666 1.4000000000000001
3.1 3.3999999999999666 1.5
3.1 3.3999999999999666 1.6
3.1 3.3999999999999666 1.7000000000000002
3.1 3.3999999999999666 1.8
3.1 3.3999999999999666 1.9000000000000001
3.1 3.3999999999999666 2.0
3.1 3.3999999999999666 2.1
3.1 3.3999999999999666 2.2
3.1 3.3999999999999666 2.3000000000000003
3.1 3.3999999999999666 2.4000000000000004
3.1 3.3999999999999666 2.5
3.1 3.4999999999999662 0.0
3.1 3.4999999999999662 0.1
3.1 3.4999999999999662 0.2
3.1 3.4999999999999662 0.30000000000000004
3.1 3.4999999999999662 0.4
3.1 3.4999999999999662 0.5
3.1 3.4999999999999662 0.6000000000000001
3.1 3.4999999999999662 0.7000000000000001
3.1 3.4999999999999662 0.8
3.1 3.4999999999999662 0.9
3.1 3.4999999999999662 1.0
3.1 3.4999999999999662 1.1
3.1 3.4999999999999662 1.2000000000000002
3.1 3.4999999999999662 1.3
3.1 3.4999999999999662 1.4000000000000001
3.1 3.4999999999999662 1.5
3.1 3.4999999999999662 1.6
3.1 3.4999999999999662 1.7000000000000002
3.1 3.4999999999999662 1.8
3.1 3.4999999999999662 1.9000000000000001
3.1 3.4999999999999662 2.0
3.1 3.4999999999999662 2.1
3.1 3.4999999999999662 2.2
3.1 3.4999999999999662 2.3000000000000003
3.1 3.4999999999999662 2.4000000000000004
3.1 3.4999999999999662 2.5
3.1 3.599999999999966 0.0
3.1 3.599999999999966 0.1
3.1 3.599999999999966 0.2
3.1 3.599999999999966 0.30000000000000004
3.1 3.599999999999966 0.4
3.1 3.599999999999966 0.5
3.1 3.599999999999966 0.6000000000000001
3.1 3.599999999999966 0.7000000000000001
3.1 3.599999999999966 0.8
3.1 3.599999999999966 0.9
3.1 3.599999999999966 1.0
3.1 3.599999999999966 1.1
3.1 3.599999999999966 1.2000000000000002
3.1 3.599999999999966 1.3
3.1 3.599999999999966 1.4000000000000001
3.1 3.599999999999966 1.5
3.1 3.599999999999966 1.6
3.1 3.599999999999966 1.7000000000000002
3.1 3.599999999999966 1.8
3.1 3.599999999999966 1.9000000000000001
3.1 3.599999999999966 2.0
3.1 3.599999999999966 2.1
3.1 3.599999999999966 2.2
3.1 3.599999999999966 2.3000000000000003
3.1 3.599999999999966 2.4000000000000004
3.1 3.599999999999966 2.5
3.1 3.6999999999999655 0.0
3.1 3.6999999999999655 0.1
3.1 3.6999999999999655 0.2
3.1 3.6999999999999655 0.30000000000000004
3.1 3.6999999999999655 0.4
3.1 3.6999999999999655 0.5
3.1 3.6999999999999655 0.6000000000000001
3.1 3.6999999999999655 0.7000000000000001
3.1 3.6999999999999655 0.8
3.1 3.6999999999999655 0.9
3.1 3.6999999999999655 1.0
3.1 3.6999999999999655 1.1
3.1 3.6999999999999655 1.2000000000000002
3.1 3.6999999999999655 1.3
3.1 3.6999999999999655 1.4000000000000001
3.1 3.6999999999999655 1.5
3.1 3.6999999999999655 1.6
3.1 3.6999999999999655 1.7000000000000002
3.1 3.6999999999999655 1.8
3.1 3.6999999999999655 1.9000000000000001
3.1 3.6999999999999655 2.0
3.1 3.6999999999999655 2.1
3.1 3.6999999999999655 2.2
3.1 3.6999999999999655 2.3000000000000003
3.1 3.6999999999999655 2.4000000000000004
3.1 3.6999999999999655 2.5
3.1 3.799999999999965 0.0
3.1 3.799999999999965 0.1
3.1 3.799999999999965 0.2
3.1 3.799999999999965 0.30000000000000004
3.1 3.799999999999965 0.4
3.1 3.799999999999965 0.5
3.1 3.799999999999965 0.6000000000000001
3.1 3.799999999999965 0.7000000000000001
3.1 3.799999999999965 0.8
3.1 3.799999999999965 0.9
3.1 3.799999999999965 1.0
3.1 3.799999999999965 1.1
3.1 3.799999999999965 1.2000000000000002
3.1 3.799999999999965 1.3
3.1 3.799999999999965 1.4000000000000001
3.1 3.799999999999965 1.5
3.1 3.799999999999965 1.6
3.1 3.799999999999965 1.7000000000000002
3.1 3.799999999999965 1.8
3.1 3.799999999999965 1.9000000000000001
3.1 3.799999999999965 2.0
3.1 3.799999999999965 2.1
3.1 3.799999999999965 2.2
3.1 3.799999999999965 2.3000000000000003
3.1 3.799999999999965 2.4000000000000004
3.1 3.799999999999965 2.5
3.1 3.899999999999965 0.0
3.1 3.899999999999965 0.1
3.1 3.899999999999965 0.2
3.1 3.899999999999965 0.30000000000000004
3.1 3.899999999999965 0.4
3.1 3.899999999999965 0.5
3.1 3.899999999999965 0.6000000000000001
3.1 3.899999999999965 0.7000000000000001
3.1 3.899999999999965 0.8
3.1 3.899999999999965 0.9
3.1 3.899999999999965 1.0
3.1 3.899999999999965 1.1
3.1 3.899999999999965 1.2000000000000002
3.1 3.899999999999965 1.3
3.1 3.899999999999965 1.4000000000000001
3.1 3.899999999999965 1.5
3.1 3.899999999999965 1.6
3.1 3.899999999999965 1.7000000000000002
3.1 3.899999999999965 1.8
3.1 3.899999999999965 1.9000000000000001
3.1 3.899999999999965 2.0
3.1 3.899999999999965 2.1
3.1 3.899999999999965 2.2
3.1 3.899999999999965 2.3000000000000003
3.1 3.899999999999965 2.4000000000000004
3.1 3.899999999999965 2.5
3.1 3.9999999999999645 0.0
3.1 3.9999999999999645 0.1
3.1 3.9999999999999645 0.2
3.1 3.9999999999999645 0.30000000000000004
3.1 3.9999999999999645 0.4
3.1 3.9999999999999645 0.5
3.1 3.9999999999999645 0.6000000000000001
3.1 3.9999999999999645 0.7000000000000001
3.1 3.9999999999999645 0.8
3.1 3.9999999999999645 0.9
3.1 3.9999999999999645 1.0
3.1 3.9999999999999645 1.1
3.1 3.9999999999999645 1.2000000000000002
3.1 3.9999999999999645 1.3
3.1 3.9999999999999645 1.4000000000000001
3.1 3.9999999999999645 1.5
3.1 3.9999999999999645 1.6
3.1 3.9999999999999645 1.7000000000000002
3.1 3.9999999999999645 1.8
3.1 3.9999999999999645 1.9000000000000001
3.1 3.9999999999999645 2.0
3.1 3.9999999999999645 2.1
3.1 3.9999999999999645 2.2
3.1 3.9999999999999645 2.3000000000000003
3.1 3.9999999999999645 2.4000000000000004
3.1 3.9999999999999645 2.5
3.1 4.099999999999964 0.0
3.1 4.099999999999964 0.1
3.1 4.099999999999964 0.2
3.1 4.099999999999964 0.30000000000000004
3.1 4.099999999999964 0.4
3.1 4.099999999999964 0.5
3.1 4.099999999999964 0.6000000000000001
3.1 4.099999999999964 0.7000000000000001
3.1 4.099999999999964 0.8
3.1 4.099999999999964 0.9
3.1 4.099999999999964 1.0
3.1 4.099999999999964 1.1
3.1 4.099999999999964 1.2000000000000002
3.1 4.099999999999964 1.3
3.1 4.099999999999964 1.4000000000000001
3.1 4.099999999999964 1.5
3.1 4.099999999999964 1.6
3.1 4.099999999999964 1.7000000000000002
3.1 4.099999999999964 1.8
3.1 4.099999999999964 1.9000000000000001
3.1 4.099999999999964 2.0
3.1 4.099999999999964 2.1
3.1 4.099999999999964 2.2
3.1 4.099999999999964 2.3000000000000003
3.1 4.099999999999964 2.4000000000000004
3.1 4.099999999999964 2.5
3.1 4.199999999999964 0.0
3.1 4.199999999999964 0.1
3.1 4.199999999999964 0.2
3.1 4.199999999999964 0.30000000000000004
3.1 4.199999999999964 0.4
3.1 4.199999999999964 0.5
3.1 4.199999999999964 0.6000000000000001
3.1 4.199999999999964 0.7000000000000001
3.1 4.199999999999964 0.8
3.1 4.199999999999964 0.9
3.1 4.199999999999964 1.0
3.1 4.199999999999964 1.1
3.1 4.199999999999964 1.2000000000000002
3.1 4.199999999999964 1.3
3.1 4.199999999999964 1.4000000000000001
3.1 4.199999999999964 1.5
3.1 4.199999999999964 1.6
3.1 4.199999999999964 1.7000000000000002
3.1 4.199999999999964 1.8
3.1 4.199999999999964 1.9000000000000001
3.1 4.199999999999964 2.0
3.1 4.199999999999964 2.1
3.1 4.199999999999964 2.2
3.1 4.199999999999964 2.3000000000000003
3.1 4.199999999999964 2.4000000000000004
3.1 4.199999999999964 2.5
3.1 4.299999999999963 0.0
3.1 4.299999999999963 0.1
3.1 4.299999999999963 0.2
3.1 4.299999999999963 0.30000000000000004
3.1 4.299999999999963 0.4
3.1 4.299999999999963 0.5
3.1 4.299999999999963 0.6000000000000001
3.1 4.299999999999963 0.7000000000000001
3.1 4.299999999999963 0.8
3.1 4.299999999999963 0.9
3.1 4.299999999999963 1.0
3.1 4.299999999999963 1.1
3.1 4.299999999999963 1.2000000000000002
3.1 4.299999999999963 1.3
3.1 4.299999999999963 1.4000000000000001
3.1 4.299999999999963 1.5
3.1 4.299999999999963 1.6
3.1 4.299999999999963 1.7000000000000002
3.1 4.299999999999963 1.8
3.1 4.299999999999963 1.9000000000000001
3.1 4.299999999999963 2.0
3.1 4.299999999999963 2.1
3.1 4.299999999999963 2.2
3.1 4.299999999999963 2.3000000000000003
3.1 4.299999999999963 2.4000000000000004
3.1 4.299999999999963 2.5
3.1 4.399999999999963 0.0
3.1 4.399999999999963 0.1
3.1 4.399999999999963 0.2
3.1 4.399999999999963 0.30000000000000004
3.1 4.399999999999963 0.4
3.1 4.399999999999963 0.5
3.1 4.399999999999963 0.6000000000000001
3.1 4.399999999999963 0.7000000000000001
3.1 4.399999999999963 0.8
3.1 4.399999999999963 0.9
3.1 4.399999999999963 1.0
3.1 4.399999999999963 1.1
3.1 4.399999999999963 1.2000000000000002
3.1 4.399999999999963 1.3
3.1 4.399999999999963 1.4000000000000001
3.1 4.399999999999963 1.5
3.1 4.399999999999963 1.6
3.1 4.399999999999963 1.7000000000000002
3.1 4.399999999999963 1.8
3.1 4.399999999999963 1.9000000000000001
3.1 4.399999999999963 2.0
3.1 4.399999999999963 2.1
3.1 4.399999999999963 2.2
3.1 4.399999999999963 2.3000000000000003
3.1 4.399999999999963 2.4000000000000004
3.1 4.399999999999963 2.5
3.1 4.499999999999963 0.0
3.1 4.499999999999963 0.1
3.1 4.499999999999963 0.2
3.1 4.499999999999963 0.30000000000000004
3.1 4.499999999999963 0.4
3.1 4.499999999999963 0.5
3.1 4.499999999999963 0.6000000000000001
3.1 4.499999999999963 0.7000000000000001
3.1 4.499999999999963 0.8
3.1 4.499999999999963 0.9
3.1 4.499999999999963 1.0
3.1 4.499999999999963 1.1
3.1 4.499999999999963 1.2000000000000002
3.1 4.499999999999963 1.3
3.1 4.499999999999963 1.4000000000000001
3.1 4.499999999999963 1.5
3.1 4.499999999999963 1.6
3.1 4.499999999999963 1.7000000000000002
3.1 4.499999999999963 1.8
3.1 4.499999999999963 1.9000000000000001
3.1 4.499999999999963 2.0
3.1 4.499999999999963 2.1
3.1 4.499999999999963 2.2
3.1 4.499999999999963 2.3000000000000003
3.1 4.499999999999963 2.4000000000000004
3.1 4.499999999999963 2.5
3.1 4.599999999999962 0.0
3.1 4.599999999999962 0.1
3.1 4.599999999999962 0.2
3.1 4.599999999999962 0.30000000000000004
3.1 4.599999999999962 0.4
3.1 4.599999999999962 0.5
3.1 4.599999999999962 0.6000000000000001
3.1 4.599999999999962 0.7000000000000001
3.1 4.599999999999962 0.8
3.1 4.599999999999962 0.9
3.1 4.599999999999962 1.0
3.1 4.599999999999962 1.1
3.1 4.599999999999962 1.2000000000000002
3.1 4.599999999999962 1.3
3.1 4.599999999999962 1.4000000000000001
3.1 4.599999999999962 1.5
3.1 4.599999999999962 1.6
3.1 4.599999999999962 1.7000000000000002
3.1 4.599999999999962 1.8
3.1 4.599999999999962 1.9000000000000001
3.1 4.599999999999962 2.0
3.1 4.599999999999962 2.1
3.1 4.599999999999962 2.2
3.1 4.599999999999962 2.3000000000000003
3.1 4.599999999999962 2.4000000000000004
3.1 4.599999999999962 2.5
3.1 4.699999999999962 0.0
3.1 4.699999999999962 0.1
3.1 4.699999999999962 0.2
3.1 4.699999999999962 0.30000000000000004
3.1 4.699999999999962 0.4
3.1 4.699999999999962 0.5
3.1 4.699999999999962 0.6000000000000001
3.1 4.699999999999962 0.7000000000000001
3.1 4.699999999999962 0.8
3.1 4.699999999999962 0.9
3.1 4.699999999999962 1.0
3.1 4.699999999999962 1.1
3.1 4.699999999999962 1.2000000000000002
3.1 4.699999999999962 1.3
3.1 4.699999999999962 1.4000000000000001
3.1 4.699999999999962 1.5
3.1 4.699999999999962 1.6
3.1 4.699999999999962 1.7000000000000002
3.1 4.699999999999962 1.8
3.1 4.699999999999962 1.9000000000000001
3.1 4.699999999999962 2.0
3.1 4.699999999999962 2.1
3.1 4.699999999999962 2.2
3.1 4.699999999999962 2.3000000000000003
3.1 4.699999999999962 2.4000000000000004
3.1 4.699999999999962 2.5
3.1 4.799999999999962 0.0
3.1 4.799999999999962 0.1
3.1 4.799999999999962 0.2
3.1 4.799999999999962 0.30000000000000004
3.1 4.799999999999962 0.4
3.1 4.799999999999962 0.5
3.1 4.799999999999962 0.6000000000000001
3.1 4.799999999999962 0.7000000000000001
3.1 4.799999999999962 0.8
3.1 4.799999999999962 0.9
3.1 4.799999999999962 1.0
3.1 4.799999999999962 1.1
3.1 4.799999999999962 1.2000000000000002
3.1 4.799999999999962 1.3
3.1 4.799999999999962 1.4000000000000001
3.1 4.799999999999962 1.5
3.1 4.799999999999962 1.6
3.1 4.799999999999962 1.7000000000000002
3.1 4.799999999999962 1.8
3.1 4.799999999999962 1.9000000000000001
3.1 4.799999999999962 2.0
3.1 4.799999999999962 2.1
3.1 4.799999999999962 2.2
3.1 4.799999999999962 2.3000000000000003
3.1 4.799999999999962 2.4000000000000004
3.1 4.799999999999962 2.5
3.1 4.899999999999961 0.0
3.1 4.899999999999961 0.1
3.1 4.899999999999961 0.2
3.1 4.899999999999961 0.30000000000000004
3.1 4.899999999999961 0.4
3.1 4.899999999999961 0.5
3.1 4.899999999999961 0.6000000000000001
3.1 4.899999999999961 0.7000000000000001
3.1 4.899999999999961 0.8
3.1 4.899999999999961 0.9
3.1 4.899999999999961 1.0
3.1 4.899999999999961 1.1
3.1 4.899999999999961 1.2000000000000002
3.1 4.899999999999961 1.3
3.1 4.899999999999961 1.4000000000000001
3.1 4.899999999999961 1.5
3.1 4.899999999999961 1.6
3.1 4.899999999999961 1.7000000000000002
3.1 4.899999999999961 1.8
3.1 4.899999999999961 1.9000000000000001
3.1 4.899999999999961 2.0
3.1 4.899999999999961 2.1
3.1 4.899999999999961 2.2
3.1 4.899999999999961 2.3000000000000003
3.1 4.899999999999961 2.4000000000000004
3.1 4.899999999999961 2.5
3.1 4.999999999999961 0.0
3.1 4.999999999999961 0.1
3.1 4.999999999999961 0.2
3.1 4.999999999999961 0.30000000000000004
3.1 4.999999999999961 0.4
3.1 4.999999999999961 0.5
3.1 4.999999999999961 0.6000000000000001
3.1 4.999999999999961 0.7000000000000001
3.1 4.999999999999961 0.8
3.1 4.999999999999961 0.9
3.1 4.999999999999961 1.0
3.1 4.999999999999961 1.1
3.1 4.999999999999961 1.2000000000000002
3.1 4.999999999999961 1.3
3.1 4.999999999999961 1.4000000000000001
3.1 4.999999999999961 1.5
3.1 4.999999999999961 1.6
3.1 4.999999999999961 1.7000000000000002
3.1 4.999999999999961 1.8
3.1 4.999999999999961 1.9000000000000001
3.1 4.999999999999961 2.0
3.1 4.999999999999961 2.1
3.1 4.999999999999961 2.2
3.1 4.999999999999961 2.3000000000000003
3.1 4.999999999999961 2.4000000000000004
3.1 4.999999999999961 2.5
3.1 5.099999999999961 0.0
3.1 5.099999999999961 0.1
3.1 5.099999999999961 0.2
3.1 5.099999999999961 0.30000000000000004
3.1 5.099999999999961 0.4
3.1 5.099999999999961 0.5
3.1 5.099999999999961 0.6000000000000001
3.1 5.099999999999961 0.7000000000000001
3.1 5.099999999999961 0.8
3.1 5.099999999999961 0.9
3.1 5.099999999999961 1.0
3.1 5.099999999999961 1.1
3.1 5.099999999999961 1.2000000000000002
3.1 5.099999999999961 1.3
3.1 5.099999999999961 1.4000000000000001
3.1 5.099999999999961 1.5
3.1 5.099999999999961 1.6
3.1 5.099999999999961 1.7000000000000002
3.1 5.099999999999961 1.8
3.1 5.099999999999961 1.9000000000000001
3.1 5.099999999999961 2.0
3.1 5.099999999999961 2.1
3.1 5.099999999999961 2.2
3.1 5.099999999999961 2.3000000000000003
3.1 5.099999999999961 2.4000000000000004
3.1 5.099999999999961 2.5
3.1 5.19999999999996 0.0
3.1 5.19999999999996 0.1
3.1 5.19999999999996 0.2
3.1 5.19999999999996 0.30000000000000004
3.1 5.19999999999996 0.4
3.1 5.19999999999996 0.5
3.1 5.19999999999996 0.6000000000000001
3.1 5.19999999999996 0.7000000000000001
3.1 5.19999999999996 0.8
3.1 5.19999999999996 0.9
3.1 5.19999999999996 1.0
3.1 5.19999999999996 1.1
3.1 5.19999999999996 1.2000000000000002
3.1 5.19999999999996 1.3
3.1 5.19999999999996 1.4000000000000001
3.1 5.19999999999996 1.5
3.1 5.19999999999996 1.6
3.1 5.19999999999996 1.7000000000000002
3.1 5.19999999999996 1.8
3.1 5.19999999999996 1.9000000000000001
3.1 5.19999999999996 2.0
3.1 5.19999999999996 2.1
3.1 5.19999999999996 2.2
3.1 5.19999999999996 2.3000000000000003
3.1 5.19999999999996 2.4000000000000004
3.1 5.19999999999996 2.5
3.1 5.29999999999996 0.0
3.1 5.29999999999996 0.1
3.1 5.29999999999996 0.2
3.1 5.29999999999996 0.30000000000000004
3.1 5.29999999999996 0.4
3.1 5.29999999999996 0.5
3.1 5.29999999999996 0.6000000000000001
3.1 5.29999999999996 0.7000000000000001
3.1 5.29999999999996 0.8
3.1 5.29999999999996 0.9
3.1 5.29999999999996 1.0
3.1 5.29999999999996 1.1
3.1 5.29999999999996 1.2000000000000002
3.1 5.29999999999996 1.3
3.1 5.29999999999996 1.4000000000000001
3.1 5.29999999999996 1.5
3.1 5.29999999999996 1.6
3.1 5.29999999999996 1.7000000000000002
3.1 5.29999999999996 1.8
3.1 5.29999999999996 1.9000000000000001
3.1 5.29999999999996 2.0
3.1 5.29999999999996 2.1
3.1 5.29999999999996 2.2
3.1 5.29999999999996 2.3000000000000003
3.1 5.29999999999996 2.4000000000000004
3.1 5.29999999999996 2.5
3.1 5.3999999999999595 0.0
3.1 5.3999999999999595 0.1
3.1 5.3999999999999595 0.2
3.1 5.3999999999999595 0.30000000000000004
3.1 5.3999999999999595 0.4
3.1 5.3999999999999595 0.5
3.1 5.3999999999999595 0.6000000000000001
3.1 5.3999999999999595 0.7000000000000001
3.1 5.3999999999999595 0.8
3.1 5.3999999999999595 0.9
3.1 5.3999999999999595 1.0
3.1 5.3999999999999595 1.1
3.1 5.3999999999999595 1.2000000000000002
3.1 5.3999999999999595 1.3
3.1 5.3999999999999595 1.4000000000000001
3.1 5.3999999999999595 1.5
3.1 5.3999999999999595 1.6
3.1 5.3999999999999595 1.7000000000000002
3.1 5.3999999999999595 1.8
3.1 5.3999999999999595 1.9000000000000001
3.1 5.3999999999999595 2.0
3.1 5.3999999999999595 2.1
3.1 5.3999999999999595 2.2
3.1 5.3999999999999595 2.3000000000000003
3.1 5.3999999999999595 2.4000000000000004
3.1 5.3999999999999595 2.5
3.1 5.499999999999959 0.0
3.1 5.499999999999959 0.1
3.1 5.499999999999959 0.2
3.1 5.499999999999959 0.30000000000000004
3.1 5.499999999999959 0.4
3.1 5.499999999999959 0.5
3.1 5.499999999999959 0.6000000000000001
3.1 5.499999999999959 0.7000000000000001
3.1 5.499999999999959 0.8
3.1 5.499999999999959 0.9
3.1 5.499999999999959 1.0
3.1 5.499999999999959 1.1
3.1 5.499999999999959 1.2000000000000002
3.1 5.499999999999959 1.3
3.1 5.499999999999959 1.4000000000000001
3.1 5.499999999999959 1.5
3.1 5.499999999999959 1.6
3.1 5.499999999999959 1.7000000000000002
3.1 5.499999999999959 1.8
3.1 5.499999999999959 1.9000000000000001
3.1 5.499999999999959 2.0
3.1 5.499999999999959 2.1
3.1 5.499999999999959 2.2
3.1 5.499999999999959 2.3000000000000003
3.1 5.499999999999959 2.4000000000000004
3.1 5.499999999999959 2.5
3.1 5.599999999999959 0.0
3.1 5.599999999999959 0.1
3.1 5.599999999999959 0.2
3.1 5.599999999999959 0.30000000000000004
3.1 5.599999999999959 0.4
3.1 5.599999999999959 0.5
3.1 5.599999999999959 0.6000000000000001
3.1 5.599999999999959 0.7000000000000001
3.1 5.599999999999959 0.8
3.1 5.599999999999959 0.9
3.1 5.599999999999959 1.0
3.1 5.599999999999959 1.1
3.1 5.599999999999959 1.2000000000000002
3.1 5.599999999999959 1.3
3.1 5.599999999999959 1.4000000000000001
3.1 5.599999999999959 1.5
3.1 5.599999999999959 1.6
3.1 5.599999999999959 1.7000000000000002
3.1 5.599999999999959 1.8
3.1 5.599999999999959 1.9000000000000001
3.1 5.599999999999959 2.0
3.1 5.599999999999959 2.1
3.1 5.599999999999959 2.2
3.1 5.599999999999959 2.3000000000000003
3.1 5.599999999999959 2.4000000000000004
3.1 5.599999999999959 2.5
3.1 5.699999999999958 0.0
3.1 5.699999999999958 0.1
3.1 5.699999999999958 0.2
3.1 5.699999999999958 0.30000000000000004
3.1 5.699999999999958 0.4
3.1 5.699999999999958 0.5
3.1 5.699999999999958 0.6000000000000001
3.1 5.699999999999958 0.7000000000000001
3.1 5.699999999999958 0.8
3.1 5.699999999999958 0.9
3.1 5.699999999999958 1.0
3.1 5.699999999999958 1.1
3.1 5.699999999999958 1.2000000000000002
3.1 5.699999999999958 1.3
3.1 5.699999999999958 1.4000000000000001
3.1 5.699999999999958 1.5
3.1 5.699999999999958 1.6
3.1 5.699999999999958 1.7000000000000002
3.1 5.699999999999958 1.8
3.1 5.699999999999958 1.9000000000000001
3.1 5.699999999999958 2.0
3.1 5.699999999999958 2.1
3.1 5.699999999999958 2.2
3.1 5.699999999999958 2.3000000000000003
3.1 5.699999999999958 2.4000000000000004
3.1 5.699999999999958 2.5
3.1 5.799999999999958 0.0
3.1 5.799999999999958 0.1
3.1 5.799999999999958 0.2
3.1 5.799999999999958 0.30000000000000004
3.1 5.799999999999958 0.4
3.1 5.799999999999958 0.5
3.1 5.799999999999958 0.6000000000000001
3.1 5.799999999999958 0.7000000000000001
3.1 5.799999999999958 0.8
3.1 5.799999999999958 0.9
3.1 5.799999999999958 1.0
3.1 5.799999999999958 1.1
3.1 5.799999999999958 1.2000000000000002
3.1 5.799999999999958 1.3
3.1 5.799999999999958 1.4000000000000001
3.1 5.799999999999958 1.5
3.1 5.799999999999958 1.6
3.1 5.799999999999958 1.7000000000000002
3.1 5.799999999999958 1.8
3.1 5.799999999999958 1.9000000000000001
3.1 5.799999999999958 2.0
3.1 5.799999999999958 2.1
3.1 5.799999999999958 2.2
3.1 5.799999999999958 2.3000000000000003
3.1 5.799999999999958 2.4000000000000004
3.1 5.799999999999958 2.5
3.1 5.899999999999958 0.0
3.1 5.899999999999958 0.1
3.1 5.899999999999958 0.2
3.1 5.899999999999958 0.30000000000000004
3.1 5.899999999999958 0.4
3.1 5.899999999999958 0.5
3.1 5.899999999999958 0.6000000000000001
3.1 5.899999999999958 0.7000000000000001
3.1 5.899999999999958 0.8
3.1 5.899999999999958 0.9
3.1 5.899999999999958 1.0
3.1 5.899999999999958 1.1
3.1 5.899999999999958 1.2000000000000002
3.1 5.899999999999958 1.3
3.1 5.899999999999958 1.4000000000000001
3.1 5.899999999999958 1.5
3.1 5.899999999999958 1.6
3.1 5.899999999999958 1.7000000000000002
3.1 5.899999999999958 1.8
3.1 5.899999999999958 1.9000000000000001
3.1 5.899999999999958 2.0
3.1 5.899999999999958 2.1
3.1 5.899999999999958 2.2
3.1 5.899999999999958 2.3000000000000003
3.1 5.899999999999958 2.4000000000000004
3.1 5.899999999999958 2.5
3.1 5.999999999999957 0.0
3.1 5.999999999999957 0.1
3.1 5.999999999999957 0.2
3.1 5.999999999999957 0.30000000000000004
3.1 5.999999999999957 0.4
3.1 5.999999999999957 0.5
3.1 5.999999999999957 0.6000000000000001
3.1 5.999999999999957 0.7000000000000001
3.1 5.999999999999957 0.8
3.1 5.999999999999957 0.9
3.1 5.999999999999957 1.0
3.1 5.999999999999957 1.1
3.1 5.999999999999957 1.2000000000000002
3.1 5.999999999999957 1.3
3.1 5.999999999999957 1.4000000000000001
3.1 5.999999999999957 1.5
3.1 5.999999999999957 1.6
3.1 5.999999999999957 1.7000000000000002
3.1 5.999999999999957 1.8
3.1 5.999999999999957 1.9000000000000001
3.1 5.999999999999957 2.0
3.1 5.999999999999957 2.1
3.1 5.999999999999957 2.2
3.1 5.999999999999957 2.3000000000000003
3.1 5.999999999999957 2.4000000000000004
3.1 5.999999999999957 2.5
3.2 -6.0 0.0
3.2 -6.0 0.1
3.2 -6.0 0.2
3.2 -6.0 0.30000000000000004
3.2 -6.0 0.4
3.2 -6.0 0.5
3.2 -6.0 0.6000000000000001
3.2 -6.0 0.7000000000000001
3.2 -6.0 0.8
3.2 -6.0 0.9
3.2 -6.0 1.0
3.2 -6.0 1.1
3.2 -6.0 1.2000000000000002
3.2 -6.0 1.3
3.2 -6.0 1.4000000000000001
3.2 -6.0 1.5
3.2 -6.0 1.6
3.2 -6.0 1.7000000000000002
3.2 -6.0 1.8
3.2 -6.0 1.9000000000000001
3.2 -6.0 2.0
3.2 -6.0 2.1
3.2 -6.0 2.2
3.2 -6.0 2.3000000000000003
3.2 -6.0 2.4000000000000004
3.2 -6.0 2.5
3.2 -5.9 0.0
3.2 -5.9 0.1
3.2 -5.9 0.2
3.2 -5.9 0.30000000000000004
3.2 -5.9 0.4
3.2 -5.9 0.5
3.2 -5.9 0.6000000000000001
3.2 -5.9 0.7000000000000001
3.2 -5.9 0.8
3.2 -5.9 0.9
3.2 -5.9 1.0
3.2 -5.9 1.1
3.2 -5.9 1.2000000000000002
3.2 -5.9 1.3
3.2 -5.9 1.4000000000000001
3.2 -5.9 1.5
3.2 -5.9 1.6
3.2 -5.9 1.7000000000000002
3.2 -5.9 1.8
3.2 -5.9 1.9000000000000001
3.2 -5.9 2.0
3.2 -5.9 2.1
3.2 -5.9 2.2
3.2 -5.9 2.3000000000000003
3.2 -5.9 2.4000000000000004
3.2 -5.9 2.5
3.2 -5.800000000000001 0.0
3.2 -5.800000000000001 0.1
3.2 -5.800000000000001 0.2
3.2 -5.800000000000001 0.30000000000000004
3.2 -5.800000000000001 0.4
3.2 -5.800000000000001 0.5
3.2 -5.800000000000001 0.6000000000000001
3.2 -5.800000000000001 0.7000000000000001
3.2 -5.800000000000001 0.8
3.2 -5.800000000000001 0.9
3.2 -5.800000000000001 1.0
3.2 -5.800000000000001 1.1
3.2 -5.800000000000001 1.2000000000000002
3.2 -5.800000000000001 1.3
3.2 -5.800000000000001 1.4000000000000001
3.2 -5.800000000000001 1.5
3.2 -5.800000000000001 1.6
3.2 -5.800000000000001 1.7000000000000002
3.2 -5.800000000000001 1.8
3.2 -5.800000000000001 1.9000000000000001
3.2 -5.800000000000001 2.0
3.2 -5.800000000000001 2.1
3.2 -5.800000000000001 2.2
3.2 -5.800000000000001 2.3000000000000003
3.2 -5.800000000000001 2.4000000000000004
3.2 -5.800000000000001 2.5
3.2 -5.700000000000001 0.0
3.2 -5.700000000000001 0.1
3.2 -5.700000000000001 0.2
3.2 -5.700000000000001 0.30000000000000004
3.2 -5.700000000000001 0.4
3.2 -5.700000000000001 0.5
3.2 -5.700000000000001 0.6000000000000001
3.2 -5.700000000000001 0.7000000000000001
3.2 -5.700000000000001 0.8
3.2 -5.700000000000001 0.9
3.2 -5.700000000000001 1.0
3.2 -5.700000000000001 1.1
3.2 -5.700000000000001 1.2000000000000002
3.2 -5.700000000000001 1.3
3.2 -5.700000000000001 1.4000000000000001
3.2 -5.700000000000001 1.5
3.2 -5.700000000000001 1.6
3.2 -5.700000000000001 1.7000000000000002
3.2 -5.700000000000001 1.8
3.2 -5.700000000000001 1.9000000000000001
3.2 -5.700000000000001 2.0
3.2 -5.700000000000001 2.1
3.2 -5.700000000000001 2.2
3.2 -5.700000000000001 2.3000000000000003
3.2 -5.700000000000001 2.4000000000000004
3.2 -5.700000000000001 2.5
3.2 -5.600000000000001 0.0
3.2 -5.600000000000001 0.1
3.2 -5.600000000000001 0.2
3.2 -5.600000000000001 0.30000000000000004
3.2 -5.600000000000001 0.4
3.2 -5.600000000000001 0.5
3.2 -5.600000000000001 0.6000000000000001
3.2 -5.600000000000001 0.7000000000000001
3.2 -5.600000000000001 0.8
3.2 -5.600000000000001 0.9
3.2 -5.600000000000001 1.0
3.2 -5.600000000000001 1.1
3.2 -5.600000000000001 1.2000000000000002
3.2 -5.600000000000001 1.3
3.2 -5.600000000000001 1.4000000000000001
3.2 -5.600000000000001 1.5
3.2 -5.600000000000001 1.6
3.2 -5.600000000000001 1.7000000000000002
3.2 -5.600000000000001 1.8
3.2 -5.600000000000001 1.9000000000000001
3.2 -5.600000000000001 2.0
3.2 -5.600000000000001 2.1
3.2 -5.600000000000001 2.2
3.2 -5.600000000000001 2.3000000000000003
3.2 -5.600000000000001 2.4000000000000004
3.2 -5.600000000000001 2.5
3.2 -5.500000000000002 0.0
3.2 -5.500000000000002 0.1
3.2 -5.500000000000002 0.2
3.2 -5.500000000000002 0.30000000000000004
3.2 -5.500000000000002 0.4
3.2 -5.500000000000002 0.5
3.2 -5.500000000000002 0.6000000000000001
3.2 -5.500000000000002 0.7000000000000001
3.2 -5.500000000000002 0.8
3.2 -5.500000000000002 0.9
3.2 -5.500000000000002 1.0
3.2 -5.500000000000002 1.1
3.2 -5.500000000000002 1.2000000000000002
3.2 -5.500000000000002 1.3
3.2 -5.500000000000002 1.4000000000000001
3.2 -5.500000000000002 1.5
3.2 -5.500000000000002 1.6
3.2 -5.500000000000002 1.7000000000000002
3.2 -5.500000000000002 1.8
3.2 -5.500000000000002 1.9000000000000001
3.2 -5.500000000000002 2.0
3.2 -5.500000000000002 2.1
3.2 -5.500000000000002 2.2
3.2 -5.500000000000002 2.3000000000000003
3.2 -5.500000000000002 2.4000000000000004
3.2 -5.500000000000002 2.5
3.2 -5.400000000000002 0.0
3.2 -5.400000000000002 0.1
3.2 -5.400000000000002 0.2
3.2 -5.400000000000002 0.30000000000000004
3.2 -5.400000000000002 0.4
3.2 -5.400000000000002 0.5
3.2 -5.400000000000002 0.6000000000000001
3.2 -5.400000000000002 0.7000000000000001
3.2 -5.400000000000002 0.8
3.2 -5.400000000000002 0.9
3.2 -5.400000000000002 1.0
3.2 -5.400000000000002 1.1
3.2 -5.400000000000002 1.2000000000000002
3.2 -5.400000000000002 1.3
3.2 -5.400000000000002 1.4000000000000001
3.2 -5.400000000000002 1.5
3.2 -5.400000000000002 1.6
3.2 -5.400000000000002 1.7000000000000002
3.2 -5.400000000000002 1.8
3.2 -5.400000000000002 1.9000000000000001
3.2 -5.400000000000002 2.0
3.2 -5.400000000000002 2.1
3.2 -5.400000000000002 2.2
3.2 -5.400000000000002 2.3000000000000003
3.2 -5.400000000000002 2.4000000000000004
3.2 -5.400000000000002 2.5
3.2 -5.3000000000000025 0.0
3.2 -5.3000000000000025 0.1
3.2 -5.3000000000000025 0.2
3.2 -5.3000000000000025 0.30000000000000004
3.2 -5.3000000000000025 0.4
3.2 -5.3000000000000025 0.5
3.2 -5.3000000000000025 0.6000000000000001
3.2 -5.3000000000000025 0.7000000000000001
3.2 -5.3000000000000025 0.8
3.2 -5.3000000000000025 0.9
3.2 -5.3000000000000025 1.0
3.2 -5.3000000000000025 1.1
3.2 -5.3000000000000025 1.2000000000000002
3.2 -5.3000000000000025 1.3
3.2 -5.3000000000000025 1.4000000000000001
3.2 -5.3000000000000025 1.5
3.2 -5.3000000000000025 1.6
3.2 -5.3000000000000025 1.7000000000000002
3.2 -5.3000000000000025 1.8
3.2 -5.3000000000000025 1.9000000000000001
3.2 -5.3000000000000025 2.0
3.2 -5.3000000000000025 2.1
3.2 -5.3000000000000025 2.2
3.2 -5.3000000000000025 2.3000000000000003
3.2 -5.3000000000000025 2.4000000000000004
3.2 -5.3000000000000025 2.5
3.2 -5.200000000000003 0.0
3.2 -5.200000000000003 0.1
3.2 -5.200000000000003 0.2
3.2 -5.200000000000003 0.30000000000000004
3.2 -5.200000000000003 0.4
3.2 -5.200000000000003 0.5
3.2 -5.200000000000003 0.6000000000000001
3.2 -5.200000000000003 0.7000000000000001
3.2 -5.200000000000003 0.8
3.2 -5.200000000000003 0.9
3.2 -5.200000000000003 1.0
3.2 -5.200000000000003 1.1
3.2 -5.200000000000003 1.2000000000000002
3.2 -5.200000000000003 1.3
3.2 -5.200000000000003 1.4000000000000001
3.2 -5.200000000000003 1.5
3.2 -5.200000000000003 1.6
3.2 -5.200000000000003 1.7000000000000002
3.2 -5.200000000000003 1.8
3.2 -5.200000000000003 1.9000000000000001
3.2 -5.200000000000003 2.0
3.2 -5.200000000000003 2.1
3.2 -5.200000000000003 2.2
3.2 -5.200000000000003 2.3000000000000003
3.2 -5.200000000000003 2.4000000000000004
3.2 -5.200000000000003 2.5
3.2 -5.100000000000003 0.0
3.2 -5.100000000000003 0.1
3.2 -5.100000000000003 0.2
3.2 -5.100000000000003 0.30000000000000004
3.2 -5.100000000000003 0.4
3.2 -5.100000000000003 0.5
3.2 -5.100000000000003 0.6000000000000001
3.2 -5.100000000000003 0.7000000000000001
3.2 -5.100000000000003 0.8
3.2 -5.100000000000003 0.9
3.2 -5.100000000000003 1.0
3.2 -5.100000000000003 1.1
3.2 -5.100000000000003 1.2000000000000002
3.2 -5.100000000000003 1.3
3.2 -5.100000000000003 1.4000000000000001
3.2 -5.100000000000003 1.5
3.2 -5.100000000000003 1.6
3.2 -5.100000000000003 1.7000000000000002
3.2 -5.100000000000003 1.8
3.2 -5.100000000000003 1.9000000000000001
3.2 -5.100000000000003 2.0
3.2 -5.100000000000003 2.1
3.2 -5.100000000000003 2.2
3.2 -5.100000000000003 2.3000000000000003
3.2 -5.100000000000003 2.4000000000000004
3.2 -5.100000000000003 2.5
3.2 -5.0000000000000036 0.0
3.2 -5.0000000000000036 0.1
3.2 -5.0000000000000036 0.2
3.2 -5.0000000000000036 0.30000000000000004
3.2 -5.0000000000000036 0.4
3.2 -5.0000000000000036 0.5
3.2 -5.0000000000000036 0.6000000000000001
3.2 -5.0000000000000036 0.7000000000000001
3.2 -5.0000000000000036 0.8
3.2 -5.0000000000000036 0.9
3.2 -5.0000000000000036 1.0
3.2 -5.0000000000000036 1.1
3.2 -5.0000000000000036 1.2000000000000002
3.2 -5.0000000000000036 1.3
3.2 -5.0000000000000036 1.4000000000000001
3.2 -5.0000000000000036 1.5
3.2 -5.0000000000000036 1.6
3.2 -5.0000000000000036 1.7000000000000002
3.2 -5.0000000000000036 1.8
3.2 -5.0000000000000036 1.9000000000000001
3.2 -5.0000000000000036 2.0
3.2 -5.0000000000000036 2.1
3.2 -5.0000000000000036 2.2
3.2 -5.0000000000000036 2.3000000000000003
3.2 -5.0000000000000036 2.4000000000000004
3.2 -5.0000000000000036 2.5
3.2 -4.900000000000004 0.0
3.2 -4.900000000000004 0.1
3.2 -4.900000000000004 0.2
3.2 -4.900000000000004 0.30000000000000004
3.2 -4.900000000000004 0.4
3.2 -4.900000000000004 0.5
3.2 -4.900000000000004 0.6000000000000001
3.2 -4.900000000000004 0.7000000000000001
3.2 -4.900000000000004 0.8
3.2 -4.900000000000004 0.9
3.2 -4.900000000000004 1.0
3.2 -4.900000000000004 1.1
3.2 -4.900000000000004 1.2000000000000002
3.2 -4.900000000000004 1.3
3.2 -4.900000000000004 1.4000000000000001
3.2 -4.900000000000004 1.5
3.2 -4.900000000000004 1.6
3.2 -4.900000000000004 1.7000000000000002
3.2 -4.900000000000004 1.8
3.2 -4.900000000000004 1.9000000000000001
3.2 -4.900000000000004 2.0
3.2 -4.900000000000004 2.1
3.2 -4.900000000000004 2.2
3.2 -4.900000000000004 2.3000000000000003
3.2 -4.900000000000004 2.4000000000000004
3.2 -4.900000000000004 2.5
3.2 -4.800000000000004 0.0
3.2 -4.800000000000004 0.1
3.2 -4.800000000000004 0.2
3.2 -4.800000000000004 0.30000000000000004
3.2 -4.800000000000004 0.4
3.2 -4.800000000000004 0.5
3.2 -4.800000000000004 0.6000000000000001
3.2 -4.800000000000004 0.7000000000000001
3.2 -4.800000000000004 0.8
3.2 -4.800000000000004 0.9
3.2 -4.800000000000004 1.0
3.2 -4.800000000000004 1.1
3.2 -4.800000000000004 1.2000000000000002
3.2 -4.800000000000004 1.3
3.2 -4.800000000000004 1.4000000000000001
3.2 -4.800000000000004 1.5
3.2 -4.800000000000004 1.6
3.2 -4.800000000000004 1.7000000000000002
3.2 -4.800000000000004 1.8
3.2 -4.800000000000004 1.9000000000000001
3.2 -4.800000000000004 2.0
3.2 -4.800000000000004 2.1
3.2 -4.800000000000004 2.2
3.2 -4.800000000000004 2.3000000000000003
3.2 -4.800000000000004 2.4000000000000004
3.2 -4.800000000000004 2.5
3.2 -4.700000000000005 0.0
3.2 -4.700000000000005 0.1
3.2 -4.700000000000005 0.2
3.2 -4.700000000000005 0.30000000000000004
3.2 -4.700000000000005 0.4
3.2 -4.700000000000005 0.5
3.2 -4.700000000000005 0.6000000000000001
3.2 -4.700000000000005 0.7000000000000001
3.2 -4.700000000000005 0.8
3.2 -4.700000000000005 0.9
3.2 -4.700000000000005 1.0
3.2 -4.700000000000005 1.1
3.2 -4.700000000000005 1.2000000000000002
3.2 -4.700000000000005 1.3
3.2 -4.700000000000005 1.4000000000000001
3.2 -4.700000000000005 1.5
3.2 -4.700000000000005 1.6
3.2 -4.700000000000005 1.7000000000000002
3.2 -4.700000000000005 1.8
3.2 -4.700000000000005 1.9000000000000001
3.2 -4.700000000000005 2.0
3.2 -4.700000000000005 2.1
3.2 -4.700000000000005 2.2
3.2 -4.700000000000005 2.3000000000000003
3.2 -4.700000000000005 2.4000000000000004
3.2 -4.700000000000005 2.5
3.2 -4.600000000000005 0.0
3.2 -4.600000000000005 0.1
3.2 -4.600000000000005 0.2
3.2 -4.600000000000005 0.30000000000000004
3.2 -4.600000000000005 0.4
3.2 -4.600000000000005 0.5
3.2 -4.600000000000005 0.6000000000000001
3.2 -4.600000000000005 0.7000000000000001
3.2 -4.600000000000005 0.8
3.2 -4.600000000000005 0.9
3.2 -4.600000000000005 1.0
3.2 -4.600000000000005 1.1
3.2 -4.600000000000005 1.2000000000000002
3.2 -4.600000000000005 1.3
3.2 -4.600000000000005 1.4000000000000001
3.2 -4.600000000000005 1.5
3.2 -4.600000000000005 1.6
3.2 -4.600000000000005 1.7000000000000002
3.2 -4.600000000000005 1.8
3.2 -4.600000000000005 1.9000000000000001
3.2 -4.600000000000005 2.0
3.2 -4.600000000000005 2.1
3.2 -4.600000000000005 2.2
3.2 -4.600000000000005 2.3000000000000003
3.2 -4.600000000000005 2.4000000000000004
3.2 -4.600000000000005 2.5
3.2 -4.500000000000005 0.0
3.2 -4.500000000000005 0.1
3.2 -4.500000000000005 0.2
3.2 -4.500000000000005 0.30000000000000004
3.2 -4.500000000000005 0.4
3.2 -4.500000000000005 0.5
3.2 -4.500000000000005 0.6000000000000001
3.2 -4.500000000000005 0.7000000000000001
3.2 -4.500000000000005 0.8
3.2 -4.500000000000005 0.9
3.2 -4.500000000000005 1.0
3.2 -4.500000000000005 1.1
3.2 -4.500000000000005 1.2000000000000002
3.2 -4.500000000000005 1.3
3.2 -4.500000000000005 1.4000000000000001
3.2 -4.500000000000005 1.5
3.2 -4.500000000000005 1.6
3.2 -4.500000000000005 1.7000000000000002
3.2 -4.500000000000005 1.8
3.2 -4.500000000000005 1.9000000000000001
3.2 -4.500000000000005 2.0
3.2 -4.500000000000005 2.1
3.2 -4.500000000000005 2.2
3.2 -4.500000000000005 2.3000000000000003
3.2 -4.500000000000005 2.4000000000000004
3.2 -4.500000000000005 2.5
3.2 -4.400000000000006 0.0
3.2 -4.400000000000006 0.1
3.2 -4.400000000000006 0.2
3.2 -4.400000000000006 0.30000000000000004
3.2 -4.400000000000006 0.4
3.2 -4.400000000000006 0.5
3.2 -4.400000000000006 0.6000000000000001
3.2 -4.400000000000006 0.7000000000000001
3.2 -4.400000000000006 0.8
3.2 -4.400000000000006 0.9
3.2 -4.400000000000006 1.0
3.2 -4.400000000000006 1.1
3.2 -4.400000000000006 1.2000000000000002
3.2 -4.400000000000006 1.3
3.2 -4.400000000000006 1.4000000000000001
3.2 -4.400000000000006 1.5
3.2 -4.400000000000006 1.6
3.2 -4.400000000000006 1.7000000000000002
3.2 -4.400000000000006 1.8
3.2 -4.400000000000006 1.9000000000000001
3.2 -4.400000000000006 2.0
3.2 -4.400000000000006 2.1
3.2 -4.400000000000006 2.2
3.2 -4.400000000000006 2.3000000000000003
3.2 -4.400000000000006 2.4000000000000004
3.2 -4.400000000000006 2.5
3.2 -4.300000000000006 0.0
3.2 -4.300000000000006 0.1
3.2 -4.300000000000006 0.2
3.2 -4.300000000000006 0.30000000000000004
3.2 -4.300000000000006 0.4
3.2 -4.300000000000006 0.5
3.2 -4.300000000000006 0.6000000000000001
3.2 -4.300000000000006 0.7000000000000001
3.2 -4.300000000000006 0.8
3.2 -4.300000000000006 0.9
3.2 -4.300000000000006 1.0
3.2 -4.300000000000006 1.1
3.2 -4.300000000000006 1.2000000000000002
3.2 -4.300000000000006 1.3
3.2 -4.300000000000006 1.4000000000000001
3.2 -4.300000000000006 1.5
3.2 -4.300000000000006 1.6
3.2 -4.300000000000006 1.7000000000000002
3.2 -4.300000000000006 1.8
3.2 -4.300000000000006 1.9000000000000001
3.2 -4.300000000000006 2.0
3.2 -4.300000000000006 2.1
3.2 -4.300000000000006 2.2
3.2 -4.300000000000006 2.3000000000000003
3.2 -4.300000000000006 2.4000000000000004
3.2 -4.300000000000006 2.5
3.2 -4.200000000000006 0.0
3.2 -4.200000000000006 0.1
3.2 -4.200000000000006 0.2
3.2 -4.200000000000006 0.30000000000000004
3.2 -4.200000000000006 0.4
3.2 -4.200000000000006 0.5
3.2 -4.200000000000006 0.6000000000000001
3.2 -4.200000000000006 0.7000000000000001
3.2 -4.200000000000006 0.8
3.2 -4.200000000000006 0.9
3.2 -4.200000000000006 1.0
3.2 -4.200000000000006 1.1
3.2 -4.200000000000006 1.2000000000000002
3.2 -4.200000000000006 1.3
3.2 -4.200000000000006 1.4000000000000001
3.2 -4.200000000000006 1.5
3.2 -4.200000000000006 1.6
3.2 -4.200000000000006 1.7000000000000002
3.2 -4.200000000000006 1.8
3.2 -4.200000000000006 1.9000000000000001
3.2 -4.200000000000006 2.0
3.2 -4.200000000000006 2.1
3.2 -4.200000000000006 2.2
3.2 -4.200000000000006 2.3000000000000003
3.2 -4.200000000000006 2.4000000000000004
3.2 -4.200000000000006 2.5
3.2 -4.100000000000007 0.0
3.2 -4.100000000000007 0.1
3.2 -4.100000000000007 0.2
3.2 -4.100000000000007 0.30000000000000004
3.2 -4.100000000000007 0.4
3.2 -4.100000000000007 0.5
3.2 -4.100000000000007 0.6000000000000001
3.2 -4.100000000000007 0.7000000000000001
3.2 -4.100000000000007 0.8
3.2 -4.100000000000007 0.9
3.2 -4.100000000000007 1.0
3.2 -4.100000000000007 1.1
3.2 -4.100000000000007 1.2000000000000002
3.2 -4.100000000000007 1.3
3.2 -4.100000000000007 1.4000000000000001
3.2 -4.100000000000007 1.5
3.2 -4.100000000000007 1.6
3.2 -4.100000000000007 1.7000000000000002
3.2 -4.100000000000007 1.8
3.2 -4.100000000000007 1.9000000000000001
3.2 -4.100000000000007 2.0
3.2 -4.100000000000007 2.1
3.2 -4.100000000000007 2.2
3.2 -4.100000000000007 2.3000000000000003
3.2 -4.100000000000007 2.4000000000000004
3.2 -4.100000000000007 2.5
3.2 -4.000000000000007 0.0
3.2 -4.000000000000007 0.1
3.2 -4.000000000000007 0.2
3.2 -4.000000000000007 0.30000000000000004
3.2 -4.000000000000007 0.4
3.2 -4.000000000000007 0.5
3.2 -4.000000000000007 0.6000000000000001
3.2 -4.000000000000007 0.7000000000000001
3.2 -4.000000000000007 0.8
3.2 -4.000000000000007 0.9
3.2 -4.000000000000007 1.0
3.2 -4.000000000000007 1.1
3.2 -4.000000000000007 1.2000000000000002
3.2 -4.000000000000007 1.3
3.2 -4.000000000000007 1.4000000000000001
3.2 -4.000000000000007 1.5
3.2 -4.000000000000007 1.6
3.2 -4.000000000000007 1.7000000000000002
3.2 -4.000000000000007 1.8
3.2 -4.000000000000007 1.9000000000000001
3.2 -4.000000000000007 2.0
3.2 -4.000000000000007 2.1
3.2 -4.000000000000007 2.2
3.2 -4.000000000000007 2.3000000000000003
3.2 -4.000000000000007 2.4000000000000004
3.2 -4.000000000000007 2.5
3.2 -3.9000000000000075 0.0
3.2 -3.9000000000000075 0.1
3.2 -3.9000000000000075 0.2
3.2 -3.9000000000000075 0.30000000000000004
3.2 -3.9000000000000075 0.4
3.2 -3.9000000000000075 0.5
3.2 -3.9000000000000075 0.6000000000000001
3.2 -3.9000000000000075 0.7000000000000001
3.2 -3.9000000000000075 0.8
3.2 -3.9000000000000075 0.9
3.2 -3.9000000000000075 1.0
3.2 -3.9000000000000075 1.1
3.2 -3.9000000000000075 1.2000000000000002
3.2 -3.9000000000000075 1.3
3.2 -3.9000000000000075 1.4000000000000001
3.2 -3.9000000000000075 1.5
3.2 -3.9000000000000075 1.6
3.2 -3.9000000000000075 1.7000000000000002
3.2 -3.9000000000000075 1.8
3.2 -3.9000000000000075 1.9000000000000001
3.2 -3.9000000000000075 2.0
3.2 -3.9000000000000075 2.1
3.2 -3.9000000000000075 2.2
3.2 -3.9000000000000075 2.3000000000000003
3.2 -3.9000000000000075 2.4000000000000004
3.2 -3.9000000000000075 2.5
3.2 -3.800000000000008 0.0
3.2 -3.800000000000008 0.1
3.2 -3.800000000000008 0.2
3.2 -3.800000000000008 0.30000000000000004
3.2 -3.800000000000008 0.4
3.2 -3.800000000000008 0.5
3.2 -3.800000000000008 0.6000000000000001
3.2 -3.800000000000008 0.7000000000000001
3.2 -3.800000000000008 0.8
3.2 -3.800000000000008 0.9
3.2 -3.800000000000008 1.0
3.2 -3.800000000000008 1.1
3.2 -3.800000000000008 1.2000000000000002
3.2 -3.800000000000008 1.3
3.2 -3.800000000000008 1.4000000000000001
3.2 -3.800000000000008 1.5
3.2 -3.800000000000008 1.6
3.2 -3.800000000000008 1.7000000000000002
3.2 -3.800000000000008 1.8
3.2 -3.800000000000008 1.9000000000000001
3.2 -3.800000000000008 2.0
3.2 -3.800000000000008 2.1
3.2 -3.800000000000008 2.2
3.2 -3.800000000000008 2.3000000000000003
3.2 -3.800000000000008 2.4000000000000004
3.2 -3.800000000000008 2.5
3.2 -3.700000000000008 0.0
3.2 -3.700000000000008 0.1
3.2 -3.700000000000008 0.2
3.2 -3.700000000000008 0.30000000000000004
3.2 -3.700000000000008 0.4
3.2 -3.700000000000008 0.5
3.2 -3.700000000000008 0.6000000000000001
3.2 -3.700000000000008 0.7000000000000001
3.2 -3.700000000000008 0.8
3.2 -3.700000000000008 0.9
3.2 -3.700000000000008 1.0
3.2 -3.700000000000008 1.1
3.2 -3.700000000000008 1.2000000000000002
3.2 -3.700000000000008 1.3
3.2 -3.700000000000008 1.4000000000000001
3.2 -3.700000000000008 1.5
3.2 -3.700000000000008 1.6
3.2 -3.700000000000008 1.7000000000000002
3.2 -3.700000000000008 1.8
3.2 -3.700000000000008 1.9000000000000001
3.2 -3.700000000000008 2.0
3.2 -3.700000000000008 2.1
3.2 -3.700000000000008 2.2
3.2 -3.700000000000008 2.3000000000000003
3.2 -3.700000000000008 2.4000000000000004
3.2 -3.700000000000008 2.5
3.2 -3.6000000000000085 0.0
3.2 -3.6000000000000085 0.1
3.2 -3.6000000000000085 0.2
3.2 -3.6000000000000085 0.30000000000000004
3.2 -3.6000000000000085 0.4
3.2 -3.6000000000000085 0.5
3.2 -3.6000000000000085 0.6000000000000001
3.2 -3.6000000000000085 0.7000000000000001
3.2 -3.6000000000000085 0.8
3.2 -3.6000000000000085 0.9
3.2 -3.6000000000000085 1.0
3.2 -3.6000000000000085 1.1
3.2 -3.6000000000000085 1.2000000000000002
3.2 -3.6000000000000085 1.3
3.2 -3.6000000000000085 1.4000000000000001
3.2 -3.6000000000000085 1.5
3.2 -3.6000000000000085 1.6
3.2 -3.6000000000000085 1.7000000000000002
3.2 -3.6000000000000085 1.8
3.2 -3.6000000000000085 1.9000000000000001
3.2 -3.6000000000000085 2.0
3.2 -3.6000000000000085 2.1
3.2 -3.6000000000000085 2.2
3.2 -3.6000000000000085 2.3000000000000003
3.2 -3.6000000000000085 2.4000000000000004
3.2 -3.6000000000000085 2.5
3.2 -3.500000000000009 0.0
3.2 -3.500000000000009 0.1
3.2 -3.500000000000009 0.2
3.2 -3.500000000000009 0.30000000000000004
3.2 -3.500000000000009 0.4
3.2 -3.500000000000009 0.5
3.2 -3.500000000000009 0.6000000000000001
3.2 -3.500000000000009 0.7000000000000001
3.2 -3.500000000000009 0.8
3.2 -3.500000000000009 0.9
3.2 -3.500000000000009 1.0
3.2 -3.500000000000009 1.1
3.2 -3.500000000000009 1.2000000000000002
3.2 -3.500000000000009 1.3
3.2 -3.500000000000009 1.4000000000000001
3.2 -3.500000000000009 1.5
3.2 -3.500000000000009 1.6
3.2 -3.500000000000009 1.7000000000000002
3.2 -3.500000000000009 1.8
3.2 -3.500000000000009 1.9000000000000001
3.2 -3.500000000000009 2.0
3.2 -3.500000000000009 2.1
3.2 -3.500000000000009 2.2
3.2 -3.500000000000009 2.3000000000000003
3.2 -3.500000000000009 2.4000000000000004
3.2 -3.500000000000009 2.5
3.2 -3.4000000000000092 0.0
3.2 -3.4000000000000092 0.1
3.2 -3.4000000000000092 0.2
3.2 -3.4000000000000092 0.30000000000000004
3.2 -3.4000000000000092 0.4
3.2 -3.4000000000000092 0.5
3.2 -3.4000000000000092 0.6000000000000001
3.2 -3.4000000000000092 0.7000000000000001
3.2 -3.4000000000000092 0.8
3.2 -3.4000000000000092 0.9
3.2 -3.4000000000000092 1.0
3.2 -3.4000000000000092 1.1
3.2 -3.4000000000000092 1.2000000000000002
3.2 -3.4000000000000092 1.3
3.2 -3.4000000000000092 1.4000000000000001
3.2 -3.4000000000000092 1.5
3.2 -3.4000000000000092 1.6
3.2 -3.4000000000000092 1.7000000000000002
3.2 -3.4000000000000092 1.8
3.2 -3.4000000000000092 1.9000000000000001
3.2 -3.4000000000000092 2.0
3.2 -3.4000000000000092 2.1
3.2 -3.4000000000000092 2.2
3.2 -3.4000000000000092 2.3000000000000003
3.2 -3.4000000000000092 2.4000000000000004
3.2 -3.4000000000000092 2.5
3.2 -3.3000000000000096 0.0
3.2 -3.3000000000000096 0.1
3.2 -3.3000000000000096 0.2
3.2 -3.3000000000000096 0.30000000000000004
3.2 -3.3000000000000096 0.4
3.2 -3.3000000000000096 0.5
3.2 -3.3000000000000096 0.6000000000000001
3.2 -3.3000000000000096 0.7000000000000001
3.2 -3.3000000000000096 0.8
3.2 -3.3000000000000096 0.9
3.2 -3.3000000000000096 1.0
3.2 -3.3000000000000096 1.1
3.2 -3.3000000000000096 1.2000000000000002
3.2 -3.3000000000000096 1.3
3.2 -3.3000000000000096 1.4000000000000001
3.2 -3.3000000000000096 1.5
3.2 -3.3000000000000096 1.6
3.2 -3.3000000000000096 1.7000000000000002
3.2 -3.3000000000000096 1.8
3.2 -3.3000000000000096 1.9000000000000001
3.2 -3.3000000000000096 2.0
3.2 -3.3000000000000096 2.1
3.2 -3.3000000000000096 2.2
3.2 -3.3000000000000096 2.3000000000000003
3.2 -3.3000000000000096 2.4000000000000004
3.2 -3.3000000000000096 2.5
3.2 -3.20000000000001 0.0
3.2 -3.20000000000001 0.1
3.2 -3.20000000000001 0.2
3.2 -3.20000000000001 0.30000000000000004
3.2 -3.20000000000001 0.4
3.2 -3.20000000000001 0.5
3.2 -3.20000000000001 0.6000000000000001
3.2 -3.20000000000001 0.7000000000000001
3.2 -3.20000000000001 0.8
3.2 -3.20000000000001 0.9
3.2 -3.20000000000001 1.0
3.2 -3.20000000000001 1.1
3.2 -3.20000000000001 1.2000000000000002
3.2 -3.20000000000001 1.3
3.2 -3.20000000000001 1.4000000000000001
3.2 -3.20000000000001 1.5
3.2 -3.20000000000001 1.6
3.2 -3.20000000000001 1.7000000000000002
3.2 -3.20000000000001 1.8
3.2 -3.20000000000001 1.9000000000000001
3.2 -3.20000000000001 2.0
3.2 -3.20000000000001 2.1
3.2 -3.20000000000001 2.2
3.2 -3.20000000000001 2.3000000000000003
3.2 -3.20000000000001 2.4000000000000004
3.2 -3.20000000000001 2.5
3.2 -3.1000000000000103 0.0
3.2 -3.1000000000000103 0.1
3.2 -3.1000000000000103 0.2
3.2 -3.1000000000000103 0.30000000000000004
3.2 -3.1000000000000103 0.4
3.2 -3.1000000000000103 0.5
3.2 -3.1000000000000103 0.6000000000000001
3.2 -3.1000000000000103 0.7000000000000001
3.2 -3.1000000000000103 0.8
3.2 -3.1000000000000103 0.9
3.2 -3.1000000000000103 1.0
3.2 -3.1000000000000103 1.1
3.2 -3.1000000000000103 1.2000000000000002
3.2 -3.1000000000000103 1.3
3.2 -3.1000000000000103 1.4000000000000001
3.2 -3.1000000000000103 1.5
3.2 -3.1000000000000103 1.6
3.2 -3.1000000000000103 1.7000000000000002
3.2 -3.1000000000000103 1.8
3.2 -3.1000000000000103 1.9000000000000001
3.2 -3.1000000000000103 2.0
3.2 -3.1000000000000103 2.1
3.2 -3.1000000000000103 2.2
3.2 -3.1000000000000103 2.3000000000000003
3.2 -3.1000000000000103 2.4000000000000004
3.2 -3.1000000000000103 2.5
3.2 -3.0000000000000107 0.0
3.2 -3.0000000000000107 0.1
3.2 -3.0000000000000107 0.2
3.2 -3.0000000000000107 0.30000000000000004
3.2 -3.0000000000000107 0.4
3.2 -3.0000000000000107 0.5
3.2 -3.0000000000000107 0.6000000000000001
3.2 -3.0000000000000107 0.7000000000000001
3.2 -3.0000000000000107 0.8
3.2 -3.0000000000000107 0.9
3.2 -3.0000000000000107 1.0
3.2 -3.0000000000000107 1.1
3.2 -3.0000000000000107 1.2000000000000002
3.2 -3.0000000000000107 1.3
3.2 -3.0000000000000107 1.4000000000000001
3.2 -3.0000000000000107 1.5
3.2 -3.0000000000000107 1.6
3.2 -3.0000000000000107 1.7000000000000002
3.2 -3.0000000000000107 1.8
3.2 -3.0000000000000107 1.9000000000000001
3.2 -3.0000000000000107 2.0
3.2 -3.0000000000000107 2.1
3.2 -3.0000000000000107 2.2
3.2 -3.0000000000000107 2.3000000000000003
3.2 -3.0000000000000107 2.4000000000000004
3.2 -3.0000000000000107 2.5
3.2 -2.900000000000011 0.0
3.2 -2.900000000000011 0.1
3.2 -2.900000000000011 0.2
3.2 -2.900000000000011 0.30000000000000004
3.2 -2.900000000000011 0.4
3.2 -2.900000000000011 0.5
3.2 -2.900000000000011 0.6000000000000001
3.2 -2.900000000000011 0.7000000000000001
3.2 -2.900000000000011 0.8
3.2 -2.900000000000011 0.9
3.2 -2.900000000000011 1.0
3.2 -2.900000000000011 1.1
3.2 -2.900000000000011 1.2000000000000002
3.2 -2.900000000000011 1.3
3.2 -2.900000000000011 1.4000000000000001
3.2 -2.900000000000011 1.5
3.2 -2.900000000000011 1.6
3.2 -2.900000000000011 1.7000000000000002
3.2 -2.900000000000011 1.8
3.2 -2.900000000000011 1.9000000000000001
3.2 -2.900000000000011 2.0
3.2 -2.900000000000011 2.1
3.2 -2.900000000000011 2.2
3.2 -2.900000000000011 2.3000000000000003
3.2 -2.900000000000011 2.4000000000000004
3.2 -2.900000000000011 2.5
3.2 -2.8000000000000114 0.0
3.2 -2.8000000000000114 0.1
3.2 -2.8000000000000114 0.2
3.2 -2.8000000000000114 0.30000000000000004
3.2 -2.8000000000000114 0.4
3.2 -2.8000000000000114 0.5
3.2 -2.8000000000000114 0.6000000000000001
3.2 -2.8000000000000114 0.7000000000000001
3.2 -2.8000000000000114 0.8
3.2 -2.8000000000000114 0.9
3.2 -2.8000000000000114 1.0
3.2 -2.8000000000000114 1.1
3.2 -2.8000000000000114 1.2000000000000002
3.2 -2.8000000000000114 1.3
3.2 -2.8000000000000114 1.4000000000000001
3.2 -2.8000000000000114 1.5
3.2 -2.8000000000000114 1.6
3.2 -2.8000000000000114 1.7000000000000002
3.2 -2.8000000000000114 1.8
3.2 -2.8000000000000114 1.9000000000000001
3.2 -2.8000000000000114 2.0
3.2 -2.8000000000000114 2.1
3.2 -2.8000000000000114 2.2
3.2 -2.8000000000000114 2.3000000000000003
3.2 -2.8000000000000114 2.4000000000000004
3.2 -2.8000000000000114 2.5
3.2 -2.7000000000000117 0.0
3.2 -2.7000000000000117 0.1
3.2 -2.7000000000000117 0.2
3.2 -2.7000000000000117 0.30000000000000004
3.2 -2.7000000000000117 0.4
3.2 -2.7000000000000117 0.5
3.2 -2.7000000000000117 0.6000000000000001
3.2 -2.7000000000000117 0.7000000000000001
3.2 -2.7000000000000117 0.8
3.2 -2.7000000000000117 0.9
3.2 -2.7000000000000117 1.0
3.2 -2.7000000000000117 1.1
3.2 -2.7000000000000117 1.2000000000000002
3.2 -2.7000000000000117 1.3
3.2 -2.7000000000000117 1.4000000000000001
3.2 -2.7000000000000117 1.5
3.2 -2.7000000000000117 1.6
3.2 -2.7000000000000117 1.7000000000000002
3.2 -2.7000000000000117 1.8
3.2 -2.7000000000000117 1.9000000000000001
3.2 -2.7000000000000117 2.0
3.2 -2.7000000000000117 2.1
3.2 -2.7000000000000117 2.2
3.2 -2.7000000000000117 2.3000000000000003
3.2 -2.7000000000000117 2.4000000000000004
3.2 -2.7000000000000117 2.5
3.2 -2.600000000000012 0.0
3.2 -2.600000000000012 0.1
3.2 -2.600000000000012 0.2
3.2 -2.600000000000012 0.30000000000000004
3.2 -2.600000000000012 0.4
3.2 -2.600000000000012 0.5
3.2 -2.600000000000012 0.6000000000000001
3.2 -2.600000000000012 0.7000000000000001
3.2 -2.600000000000012 0.8
3.2 -2.600000000000012 0.9
3.2 -2.600000000000012 1.0
3.2 -2.600000000000012 1.1
3.2 -2.600000000000012 1.2000000000000002
3.2 -2.600000000000012 1.3
3.2 -2.600000000000012 1.4000000000000001
3.2 -2.600000000000012 1.5
3.2 -2.600000000000012 1.6
3.2 -2.600000000000012 1.7000000000000002
3.2 -2.600000000000012 1.8
3.2 -2.600000000000012 1.9000000000000001
3.2 -2.600000000000012 2.0
3.2 -2.600000000000012 2.1
3.2 -2.600000000000012 2.2
3.2 -2.600000000000012 2.3000000000000003
3.2 -2.600000000000012 2.4000000000000004
3.2 -2.600000000000012 2.5
3.2 -2.5000000000000124 0.0
3.2 -2.5000000000000124 0.1
3.2 -2.5000000000000124 0.2
3.2 -2.5000000000000124 0.30000000000000004
3.2 -2.5000000000000124 0.4
3.2 -2.5000000000000124 0.5
3.2 -2.5000000000000124 0.6000000000000001
3.2 -2.5000000000000124 0.7000000000000001
3.2 -2.5000000000000124 0.8
3.2 -2.5000000000000124 0.9
3.2 -2.5000000000000124 1.0
3.2 -2.5000000000000124 1.1
3.2 -2.5000000000000124 1.2000000000000002
3.2 -2.5000000000000124 1.3
3.2 -2.5000000000000124 1.4000000000000001
3.2 -2.5000000000000124 1.5
3.2 -2.5000000000000124 1.6
3.2 -2.5000000000000124 1.7000000000000002
3.2 -2.5000000000000124 1.8
3.2 -2.5000000000000124 1.9000000000000001
3.2 -2.5000000000000124 2.0
3.2 -2.5000000000000124 2.1
3.2 -2.5000000000000124 2.2
3.2 -2.5000000000000124 2.3000000000000003
3.2 -2.5000000000000124 2.4000000000000004
3.2 -2.5000000000000124 2.5
3.2 -2.400000000000013 0.0
3.2 -2.400000000000013 0.1
3.2 -2.400000000000013 0.2
3.2 -2.400000000000013 0.30000000000000004
3.2 -2.400000000000013 0.4
3.2 -2.400000000000013 0.5
3.2 -2.400000000000013 0.6000000000000001
3.2 -2.400000000000013 0.7000000000000001
3.2 -2.400000000000013 0.8
3.2 -2.400000000000013 0.9
3.2 -2.400000000000013 1.0
3.2 -2.400000000000013 1.1
3.2 -2.400000000000013 1.2000000000000002
3.2 -2.400000000000013 1.3
3.2 -2.400000000000013 1.4000000000000001
3.2 -2.400000000000013 1.5
3.2 -2.400000000000013 1.6
3.2 -2.400000000000013 1.7000000000000002
3.2 -2.400000000000013 1.8
3.2 -2.400000000000013 1.9000000000000001
3.2 -2.400000000000013 2.0
3.2 -2.400000000000013 2.1
3.2 -2.400000000000013 2.2
3.2 -2.400000000000013 2.3000000000000003
3.2 -2.400000000000013 2.4000000000000004
3.2 -2.400000000000013 2.5
3.2 -2.300000000000013 0.0
3.2 -2.300000000000013 0.1
3.2 -2.300000000000013 0.2
3.2 -2.300000000000013 0.30000000000000004
3.2 -2.300000000000013 0.4
3.2 -2.300000000000013 0.5
3.2 -2.300000000000013 0.6000000000000001
3.2 -2.300000000000013 0.7000000000000001
3.2 -2.300000000000013 0.8
3.2 -2.300000000000013 0.9
3.2 -2.300000000000013 1.0
3.2 -2.300000000000013 1.1
3.2 -2.300000000000013 1.2000000000000002
3.2 -2.300000000000013 1.3
3.2 -2.300000000000013 1.4000000000000001
3.2 -2.300000000000013 1.5
3.2 -2.300000000000013 1.6
3.2 -2.300000000000013 1.7000000000000002
3.2 -2.300000000000013 1.8
3.2 -2.300000000000013 1.9000000000000001
3.2 -2.300000000000013 2.0
3.2 -2.300000000000013 2.1
3.2 -2.300000000000013 2.2
3.2 -2.300000000000013 2.3000000000000003
3.2 -2.300000000000013 2.4000000000000004
3.2 -2.300000000000013 2.5
3.2 -2.2000000000000135 0.0
3.2 -2.2000000000000135 0.1
3.2 -2.2000000000000135 0.2
3.2 -2.2000000000000135 0.30000000000000004
3.2 -2.2000000000000135 0.4
3.2 -2.2000000000000135 0.5
3.2 -2.2000000000000135 0.6000000000000001
3.2 -2.2000000000000135 0.7000000000000001
3.2 -2.2000000000000135 0.8
3.2 -2.2000000000000135 0.9
3.2 -2.2000000000000135 1.0
3.2 -2.2000000000000135 1.1
3.2 -2.2000000000000135 1.2000000000000002
3.2 -2.2000000000000135 1.3
3.2 -2.2000000000000135 1.4000000000000001
3.2 -2.2000000000000135 1.5
3.2 -2.2000000000000135 1.6
3.2 -2.2000000000000135 1.7000000000000002
3.2 -2.2000000000000135 1.8
3.2 -2.2000000000000135 1.9000000000000001
3.2 -2.2000000000000135 2.0
3.2 -2.2000000000000135 2.1
3.2 -2.2000000000000135 2.2
3.2 -2.2000000000000135 2.3000000000000003
3.2 -2.2000000000000135 2.4000000000000004
3.2 -2.2000000000000135 2.5
3.2 -2.100000000000014 0.0
3.2 -2.100000000000014 0.1
3.2 -2.100000000000014 0.2
3.2 -2.100000000000014 0.30000000000000004
3.2 -2.100000000000014 0.4
3.2 -2.100000000000014 0.5
3.2 -2.100000000000014 0.6000000000000001
3.2 -2.100000000000014 0.7000000000000001
3.2 -2.100000000000014 0.8
3.2 -2.100000000000014 0.9
3.2 -2.100000000000014 1.0
3.2 -2.100000000000014 1.1
3.2 -2.100000000000014 1.2000000000000002
3.2 -2.100000000000014 1.3
3.2 -2.100000000000014 1.4000000000000001
3.2 -2.100000000000014 1.5
3.2 -2.100000000000014 1.6
3.2 -2.100000000000014 1.7000000000000002
3.2 -2.100000000000014 1.8
3.2 -2.100000000000014 1.9000000000000001
3.2 -2.100000000000014 2.0
3.2 -2.100000000000014 2.1
3.2 -2.100000000000014 2.2
3.2 -2.100000000000014 2.3000000000000003
3.2 -2.100000000000014 2.4000000000000004
3.2 -2.100000000000014 2.5
3.2 -2.000000000000014 0.0
3.2 -2.000000000000014 0.1
3.2 -2.000000000000014 0.2
3.2 -2.000000000000014 0.30000000000000004
3.2 -2.000000000000014 0.4
3.2 -2.000000000000014 0.5
3.2 -2.000000000000014 0.6000000000000001
3.2 -2.000000000000014 0.7000000000000001
3.2 -2.000000000000014 0.8
3.2 -2.000000000000014 0.9
3.2 -2.000000000000014 1.0
3.2 -2.000000000000014 1.1
3.2 -2.000000000000014 1.2000000000000002
3.2 -2.000000000000014 1.3
3.2 -2.000000000000014 1.4000000000000001
3.2 -2.000000000000014 1.5
3.2 -2.000000000000014 1.6
3.2 -2.000000000000014 1.7000000000000002
3.2 -2.000000000000014 1.8
3.2 -2.000000000000014 1.9000000000000001
3.2 -2.000000000000014 2.0
3.2 -2.000000000000014 2.1
3.2 -2.000000000000014 2.2
3.2 -2.000000000000014 2.3000000000000003
3.2 -2.000000000000014 2.4000000000000004
3.2 -2.000000000000014 2.5
3.2 -1.9000000000000146 0.0
3.2 -1.9000000000000146 0.1
3.2 -1.9000000000000146 0.2
3.2 -1.9000000000000146 0.30000000000000004
3.2 -1.9000000000000146 0.4
3.2 -1.9000000000000146 0.5
3.2 -1.9000000000000146 0.6000000000000001
3.2 -1.9000000000000146 0.7000000000000001
3.2 -1.9000000000000146 0.8
3.2 -1.9000000000000146 0.9
3.2 -1.9000000000000146 1.0
3.2 -1.9000000000000146 1.1
3.2 -1.9000000000000146 1.2000000000000002
3.2 -1.9000000000000146 1.3
3.2 -1.9000000000000146 1.4000000000000001
3.2 -1.9000000000000146 1.5
3.2 -1.9000000000000146 1.6
3.2 -1.9000000000000146 1.7000000000000002
3.2 -1.9000000000000146 1.8
3.2 -1.9000000000000146 1.9000000000000001
3.2 -1.9000000000000146 2.0
3.2 -1.9000000000000146 2.1
3.2 -1.9000000000000146 2.2
3.2 -1.9000000000000146 2.3000000000000003
3.2 -1.9000000000000146 2.4000000000000004
3.2 -1.9000000000000146 2.5
3.2 -1.800000000000015 0.0
3.2 -1.800000000000015 0.1
3.2 -1.800000000000015 0.2
3.2 -1.800000000000015 0.30000000000000004
3.2 -1.800000000000015 0.4
3.2 -1.800000000000015 0.5
3.2 -1.800000000000015 0.6000000000000001
3.2 -1.800000000000015 0.7000000000000001
3.2 -1.800000000000015 0.8
3.2 -1.800000000000015 0.9
3.2 -1.800000000000015 1.0
3.2 -1.800000000000015 1.1
3.2 -1.800000000000015 1.2000000000000002
3.2 -1.800000000000015 1.3
3.2 -1.800000000000015 1.4000000000000001
3.2 -1.800000000000015 1.5
3.2 -1.800000000000015 1.6
3.2 -1.800000000000015 1.7000000000000002
3.2 -1.800000000000015 1.8
3.2 -1.800000000000015 1.9000000000000001
3.2 -1.800000000000015 2.0
3.2 -1.800000000000015 2.1
3.2 -1.800000000000015 2.2
3.2 -1.800000000000015 2.3000000000000003
3.2 -1.800000000000015 2.4000000000000004
3.2 -1.800000000000015 2.5
3.2 -1.7000000000000153 0.0
3.2 -1.7000000000000153 0.1
3.2 -1.7000000000000153 0.2
3.2 -1.7000000000000153 0.30000000000000004
3.2 -1.7000000000000153 0.4
3.2 -1.7000000000000153 0.5
3.2 -1.7000000000000153 0.6000000000000001
3.2 -1.7000000000000153 0.7000000000000001
3.2 -1.7000000000000153 0.8
3.2 -1.7000000000000153 0.9
3.2 -1.7000000000000153 1.0
3.2 -1.7000000000000153 1.1
3.2 -1.7000000000000153 1.2000000000000002
3.2 -1.7000000000000153 1.3
3.2 -1.7000000000000153 1.4000000000000001
3.2 -1.7000000000000153 1.5
3.2 -1.7000000000000153 1.6
3.2 -1.7000000000000153 1.7000000000000002
3.2 -1.7000000000000153 1.8
3.2 -1.7000000000000153 1.9000000000000001
3.2 -1.7000000000000153 2.0
3.2 -1.7000000000000153 2.1
3.2 -1.7000000000000153 2.2
3.2 -1.7000000000000153 2.3000000000000003
3.2 -1.7000000000000153 2.4000000000000004
3.2 -1.7000000000000153 2.5
3.2 -1.6000000000000156 0.0
3.2 -1.6000000000000156 0.1
3.2 -1.6000000000000156 0.2
3.2 -1.6000000000000156 0.30000000000000004
3.2 -1.6000000000000156 0.4
3.2 -1.6000000000000156 0.5
3.2 -1.6000000000000156 0.6000000000000001
3.2 -1.6000000000000156 0.7000000000000001
3.2 -1.6000000000000156 0.8
3.2 -1.6000000000000156 0.9
3.2 -1.6000000000000156 1.0
3.2 -1.6000000000000156 1.1
3.2 -1.6000000000000156 1.2000000000000002
3.2 -1.6000000000000156 1.3
3.2 -1.6000000000000156 1.4000000000000001
3.2 -1.6000000000000156 1.5
3.2 -1.6000000000000156 1.6
3.2 -1.6000000000000156 1.7000000000000002
3.2 -1.6000000000000156 1.8
3.2 -1.6000000000000156 1.9000000000000001
3.2 -1.6000000000000156 2.0
3.2 -1.6000000000000156 2.1
3.2 -1.6000000000000156 2.2
3.2 -1.6000000000000156 2.3000000000000003
3.2 -1.6000000000000156 2.4000000000000004
3.2 -1.6000000000000156 2.5
3.2 -1.500000000000016 0.0
3.2 -1.500000000000016 0.1
3.2 -1.500000000000016 0.2
3.2 -1.500000000000016 0.30000000000000004
3.2 -1.500000000000016 0.4
3.2 -1.500000000000016 0.5
3.2 -1.500000000000016 0.6000000000000001
3.2 -1.500000000000016 0.7000000000000001
3.2 -1.500000000000016 0.8
3.2 -1.500000000000016 0.9
3.2 -1.500000000000016 1.0
3.2 -1.500000000000016 1.1
3.2 -1.500000000000016 1.2000000000000002
3.2 -1.500000000000016 1.3
3.2 -1.500000000000016 1.4000000000000001
3.2 -1.500000000000016 1.5
3.2 -1.500000000000016 1.6
3.2 -1.500000000000016 1.7000000000000002
3.2 -1.500000000000016 1.8
3.2 -1.500000000000016 1.9000000000000001
3.2 -1.500000000000016 2.0
3.2 -1.500000000000016 2.1
3.2 -1.500000000000016 2.2
3.2 -1.500000000000016 2.3000000000000003
3.2 -1.500000000000016 2.4000000000000004
3.2 -1.500000000000016 2.5
3.2 -1.4000000000000163 0.0
3.2 -1.4000000000000163 0.1
3.2 -1.4000000000000163 0.2
3.2 -1.4000000000000163 0.30000000000000004
3.2 -1.4000000000000163 0.4
3.2 -1.4000000000000163 0.5
3.2 -1.4000000000000163 0.6000000000000001
3.2 -1.4000000000000163 0.7000000000000001
3.2 -1.4000000000000163 0.8
3.2 -1.4000000000000163 0.9
3.2 -1.4000000000000163 1.0
3.2 -1.4000000000000163 1.1
3.2 -1.4000000000000163 1.2000000000000002
3.2 -1.4000000000000163 1.3
3.2 -1.4000000000000163 1.4000000000000001
3.2 -1.4000000000000163 1.5
3.2 -1.4000000000000163 1.6
3.2 -1.4000000000000163 1.7000000000000002
3.2 -1.4000000000000163 1.8
3.2 -1.4000000000000163 1.9000000000000001
3.2 -1.4000000000000163 2.0
3.2 -1.4000000000000163 2.1
3.2 -1.4000000000000163 2.2
3.2 -1.4000000000000163 2.3000000000000003
3.2 -1.4000000000000163 2.4000000000000004
3.2 -1.4000000000000163 2.5
3.2 -1.3000000000000167 0.0
3.2 -1.3000000000000167 0.1
3.2 -1.3000000000000167 0.2
3.2 -1.3000000000000167 0.30000000000000004
3.2 -1.3000000000000167 0.4
3.2 -1.3000000000000167 0.5
3.2 -1.3000000000000167 0.6000000000000001
3.2 -1.3000000000000167 0.7000000000000001
3.2 -1.3000000000000167 0.8
3.2 -1.3000000000000167 0.9
3.2 -1.3000000000000167 1.0
3.2 -1.3000000000000167 1.1
3.2 -1.3000000000000167 1.2000000000000002
3.2 -1.3000000000000167 1.3
3.2 -1.3000000000000167 1.4000000000000001
3.2 -1.3000000000000167 1.5
3.2 -1.3000000000000167 1.6
3.2 -1.3000000000000167 1.7000000000000002
3.2 -1.3000000000000167 1.8
3.2 -1.3000000000000167 1.9000000000000001
3.2 -1.3000000000000167 2.0
3.2 -1.3000000000000167 2.1
3.2 -1.3000000000000167 2.2
3.2 -1.3000000000000167 2.3000000000000003
3.2 -1.3000000000000167 2.4000000000000004
3.2 -1.3000000000000167 2.5
3.2 -1.200000000000017 0.0
3.2 -1.200000000000017 0.1
3.2 -1.200000000000017 0.2
3.2 -1.200000000000017 0.30000000000000004
3.2 -1.200000000000017 0.4
3.2 -1.200000000000017 0.5
3.2 -1.200000000000017 0.6000000000000001
3.2 -1.200000000000017 0.7000000000000001
3.2 -1.200000000000017 0.8
3.2 -1.200000000000017 0.9
3.2 -1.200000000000017 1.0
3.2 -1.200000000000017 1.1
3.2 -1.200000000000017 1.2000000000000002
3.2 -1.200000000000017 1.3
3.2 -1.200000000000017 1.4000000000000001
3.2 -1.200000000000017 1.5
3.2 -1.200000000000017 1.6
3.2 -1.200000000000017 1.7000000000000002
3.2 -1.200000000000017 1.8
3.2 -1.200000000000017 1.9000000000000001
3.2 -1.200000000000017 2.0
3.2 -1.200000000000017 2.1
3.2 -1.200000000000017 2.2
3.2 -1.200000000000017 2.3000000000000003
3.2 -1.200000000000017 2.4000000000000004
3.2 -1.200000000000017 2.5
3.2 -1.1000000000000174 0.0
3.2 -1.1000000000000174 0.1
3.2 -1.1000000000000174 0.2
3.2 -1.1000000000000174 0.30000000000000004
3.2 -1.1000000000000174 0.4
3.2 -1.1000000000000174 0.5
3.2 -1.1000000000000174 0.6000000000000001
3.2 -1.1000000000000174 0.7000000000000001
3.2 -1.1000000000000174 0.8
3.2 -1.1000000000000174 0.9
3.2 -1.1000000000000174 1.0
3.2 -1.1000000000000174 1.1
3.2 -1.1000000000000174 1.2000000000000002
3.2 -1.1000000000000174 1.3
3.2 -1.1000000000000174 1.4000000000000001
3.2 -1.1000000000000174 1.5
3.2 -1.1000000000000174 1.6
3.2 -1.1000000000000174 1.7000000000000002
3.2 -1.1000000000000174 1.8
3.2 -1.1000000000000174 1.9000000000000001
3.2 -1.1000000000000174 2.0
3.2 -1.1000000000000174 2.1
3.2 -1.1000000000000174 2.2
3.2 -1.1000000000000174 2.3000000000000003
3.2 -1.1000000000000174 2.4000000000000004
3.2 -1.1000000000000174 2.5
3.2 -1.0000000000000178 0.0
3.2 -1.0000000000000178 0.1
3.2 -1.0000000000000178 0.2
3.2 -1.0000000000000178 0.30000000000000004
3.2 -1.0000000000000178 0.4
3.2 -1.0000000000000178 0.5
3.2 -1.0000000000000178 0.6000000000000001
3.2 -1.0000000000000178 0.7000000000000001
3.2 -1.0000000000000178 0.8
3.2 -1.0000000000000178 0.9
3.2 -1.0000000000000178 1.0
3.2 -1.0000000000000178 1.1
3.2 -1.0000000000000178 1.2000000000000002
3.2 -1.0000000000000178 1.3
3.2 -1.0000000000000178 1.4000000000000001
3.2 -1.0000000000000178 1.5
3.2 -1.0000000000000178 1.6
3.2 -1.0000000000000178 1.7000000000000002
3.2 -1.0000000000000178 1.8
3.2 -1.0000000000000178 1.9000000000000001
3.2 -1.0000000000000178 2.0
3.2 -1.0000000000000178 2.1
3.2 -1.0000000000000178 2.2
3.2 -1.0000000000000178 2.3000000000000003
3.2 -1.0000000000000178 2.4000000000000004
3.2 -1.0000000000000178 2.5
3.2 -0.9000000000000181 0.0
3.2 -0.9000000000000181 0.1
3.2 -0.9000000000000181 0.2
3.2 -0.9000000000000181 0.30000000000000004
3.2 -0.9000000000000181 0.4
3.2 -0.9000000000000181 0.5
3.2 -0.9000000000000181 0.6000000000000001
3.2 -0.9000000000000181 0.7000000000000001
3.2 -0.9000000000000181 0.8
3.2 -0.9000000000000181 0.9
3.2 -0.9000000000000181 1.0
3.2 -0.9000000000000181 1.1
3.2 -0.9000000000000181 1.2000000000000002
3.2 -0.9000000000000181 1.3
3.2 -0.9000000000000181 1.4000000000000001
3.2 -0.9000000000000181 1.5
3.2 -0.9000000000000181 1.6
3.2 -0.9000000000000181 1.7000000000000002
3.2 -0.9000000000000181 1.8
3.2 -0.9000000000000181 1.9000000000000001
3.2 -0.9000000000000181 2.0
3.2 -0.9000000000000181 2.1
3.2 -0.9000000000000181 2.2
3.2 -0.9000000000000181 2.3000000000000003
3.2 -0.9000000000000181 2.4000000000000004
3.2 -0.9000000000000181 2.5
3.2 -0.8000000000000185 0.0
3.2 -0.8000000000000185 0.1
3.2 -0.8000000000000185 0.2
3.2 -0.8000000000000185 0.30000000000000004
3.2 -0.8000000000000185 0.4
3.2 -0.8000000000000185 0.5
3.2 -0.8000000000000185 0.6000000000000001
3.2 -0.8000000000000185 0.7000000000000001
3.2 -0.8000000000000185 0.8
3.2 -0.8000000000000185 0.9
3.2 -0.8000000000000185 1.0
3.2 -0.8000000000000185 1.1
3.2 -0.8000000000000185 1.2000000000000002
3.2 -0.8000000000000185 1.3
3.2 -0.8000000000000185 1.4000000000000001
3.2 -0.8000000000000185 1.5
3.2 -0.8000000000000185 1.6
3.2 -0.8000000000000185 1.7000000000000002
3.2 -0.8000000000000185 1.8
3.2 -0.8000000000000185 1.9000000000000001
3.2 -0.8000000000000185 2.0
3.2 -0.8000000000000185 2.1
3.2 -0.8000000000000185 2.2
3.2 -0.8000000000000185 2.3000000000000003
3.2 -0.8000000000000185 2.4000000000000004
3.2 -0.8000000000000185 2.5
3.2 -0.7000000000000188 0.0
3.2 -0.7000000000000188 0.1
3.2 -0.7000000000000188 0.2
3.2 -0.7000000000000188 0.30000000000000004
3.2 -0.7000000000000188 0.4
3.2 -0.7000000000000188 0.5
3.2 -0.7000000000000188 0.6000000000000001
3.2 -0.7000000000000188 0.7000000000000001
3.2 -0.7000000000000188 0.8
3.2 -0.7000000000000188 0.9
3.2 -0.7000000000000188 1.0
3.2 -0.7000000000000188 1.1
3.2 -0.7000000000000188 1.2000000000000002
3.2 -0.7000000000000188 1.3
3.2 -0.7000000000000188 1.4000000000000001
3.2 -0.7000000000000188 1.5
3.2 -0.7000000000000188 1.6
3.2 -0.7000000000000188 1.7000000000000002
3.2 -0.7000000000000188 1.8
3.2 -0.7000000000000188 1.9000000000000001
3.2 -0.7000000000000188 2.0
3.2 -0.7000000000000188 2.1
3.2 -0.7000000000000188 2.2
3.2 -0.7000000000000188 2.3000000000000003
3.2 -0.7000000000000188 2.4000000000000004
3.2 -0.7000000000000188 2.5
3.2 -0.6000000000000192 0.0
3.2 -0.6000000000000192 0.1
3.2 -0.6000000000000192 0.2
3.2 -0.6000000000000192 0.30000000000000004
3.2 -0.6000000000000192 0.4
3.2 -0.6000000000000192 0.5
3.2 -0.6000000000000192 0.6000000000000001
3.2 -0.6000000000000192 0.7000000000000001
3.2 -0.6000000000000192 0.8
3.2 -0.6000000000000192 0.9
3.2 -0.6000000000000192 1.0
3.2 -0.6000000000000192 1.1
3.2 -0.6000000000000192 1.2000000000000002
3.2 -0.6000000000000192 1.3
3.2 -0.6000000000000192 1.4000000000000001
3.2 -0.6000000000000192 1.5
3.2 -0.6000000000000192 1.6
3.2 -0.6000000000000192 1.7000000000000002
3.2 -0.6000000000000192 1.8
3.2 -0.6000000000000192 1.9000000000000001
3.2 -0.6000000000000192 2.0
3.2 -0.6000000000000192 2.1
3.2 -0.6000000000000192 2.2
3.2 -0.6000000000000192 2.3000000000000003
3.2 -0.6000000000000192 2.4000000000000004
3.2 -0.6000000000000192 2.5
3.2 -0.5000000000000195 0.0
3.2 -0.5000000000000195 0.1
3.2 -0.5000000000000195 0.2
3.2 -0.5000000000000195 0.30000000000000004
3.2 -0.5000000000000195 0.4
3.2 -0.5000000000000195 0.5
3.2 -0.5000000000000195 0.6000000000000001
3.2 -0.5000000000000195 0.7000000000000001
3.2 -0.5000000000000195 0.8
3.2 -0.5000000000000195 0.9
3.2 -0.5000000000000195 1.0
3.2 -0.5000000000000195 1.1
3.2 -0.5000000000000195 1.2000000000000002
3.2 -0.5000000000000195 1.3
3.2 -0.5000000000000195 1.4000000000000001
3.2 -0.5000000000000195 1.5
3.2 -0.5000000000000195 1.6
3.2 -0.5000000000000195 1.7000000000000002
3.2 -0.5000000000000195 1.8
3.2 -0.5000000000000195 1.9000000000000001
3.2 -0.5000000000000195 2.0
3.2 -0.5000000000000195 2.1
3.2 -0.5000000000000195 2.2
3.2 -0.5000000000000195 2.3000000000000003
3.2 -0.5000000000000195 2.4000000000000004
3.2 -0.5000000000000195 2.5
3.2 -0.4000000000000199 0.0
3.2 -0.4000000000000199 0.1
3.2 -0.4000000000000199 0.2
3.2 -0.4000000000000199 0.30000000000000004
3.2 -0.4000000000000199 0.4
3.2 -0.4000000000000199 0.5
3.2 -0.4000000000000199 0.6000000000000001
3.2 -0.4000000000000199 0.7000000000000001
3.2 -0.4000000000000199 0.8
3.2 -0.4000000000000199 0.9
3.2 -0.4000000000000199 1.0
3.2 -0.4000000000000199 1.1
3.2 -0.4000000000000199 1.2000000000000002
3.2 -0.4000000000000199 1.3
3.2 -0.4000000000000199 1.4000000000000001
3.2 -0.4000000000000199 1.5
3.2 -0.4000000000000199 1.6
3.2 -0.4000000000000199 1.7000000000000002
3.2 -0.4000000000000199 1.8
3.2 -0.4000000000000199 1.9000000000000001
3.2 -0.4000000000000199 2.0
3.2 -0.4000000000000199 2.1
3.2 -0.4000000000000199 2.2
3.2 -0.4000000000000199 2.3000000000000003
3.2 -0.4000000000000199 2.4000000000000004
3.2 -0.4000000000000199 2.5
3.2 -0.30000000000002025 0.0
3.2 -0.30000000000002025 0.1
3.2 -0.30000000000002025 0.2
3.2 -0.30000000000002025 0.30000000000000004
3.2 -0.30000000000002025 0.4
3.2 -0.30000000000002025 0.5
3.2 -0.30000000000002025 0.6000000000000001
3.2 -0.30000000000002025 0.7000000000000001
3.2 -0.30000000000002025 0.8
3.2 -0.30000000000002025 0.9
3.2 -0.30000000000002025 1.0
3.2 -0.30000000000002025 1.1
3.2 -0.30000000000002025 1.2000000000000002
3.2 -0.30000000000002025 1.3
3.2 -0.30000000000002025 1.4000000000000001
3.2 -0.30000000000002025 1.5
3.2 -0.30000000000002025 1.6
3.2 -0.30000000000002025 1.7000000000000002
3.2 -0.30000000000002025 1.8
3.2 -0.30000000000002025 1.9000000000000001
3.2 -0.30000000000002025 2.0
3.2 -0.30000000000002025 2.1
3.2 -0.30000000000002025 2.2
3.2 -0.30000000000002025 2.3000000000000003
3.2 -0.30000000000002025 2.4000000000000004
3.2 -0.30000000000002025 2.5
3.2 -0.2000000000000206 0.0
3.2 -0.2000000000000206 0.1
3.2 -0.2000000000000206 0.2
3.2 -0.2000000000000206 0.30000000000000004
3.2 -0.2000000000000206 0.4
3.2 -0.2000000000000206 0.5
3.2 -0.2000000000000206 0.6000000000000001
3.2 -0.2000000000000206 0.7000000000000001
3.2 -0.2000000000000206 0.8
3.2 -0.2000000000000206 0.9
3.2 -0.2000000000000206 1.0
3.2 -0.2000000000000206 1.1
3.2 -0.2000000000000206 1.2000000000000002
3.2 -0.2000000000000206 1.3
3.2 -0.2000000000000206 1.4000000000000001
3.2 -0.2000000000000206 1.5
3.2 -0.2000000000000206 1.6
3.2 -0.2000000000000206 1.7000000000000002
3.2 -0.2000000000000206 1.8
3.2 -0.2000000000000206 1.9000000000000001
3.2 -0.2000000000000206 2.0
3.2 -0.2000000000000206 2.1
3.2 -0.2000000000000206 2.2
3.2 -0.2000000000000206 2.3000000000000003
3.2 -0.2000000000000206 2.4000000000000004
3.2 -0.2000000000000206 2.5
3.2 -0.10000000000002096 0.0
3.2 -0.10000000000002096 0.1
3.2 -0.10000000000002096 0.2
3.2 -0.10000000000002096 0.30000000000000004
3.2 -0.10000000000002096 0.4
3.2 -0.10000000000002096 0.5
3.2 -0.10000000000002096 0.6000000000000001
3.2 -0.10000000000002096 0.7000000000000001
3.2 -0.10000000000002096 0.8
3.2 -0.10000000000002096 0.9
3.2 -0.10000000000002096 1.0
3.2 -0.10000000000002096 1.1
3.2 -0.10000000000002096 1.2000000000000002
3.2 -0.10000000000002096 1.3
3.2 -0.10000000000002096 1.4000000000000001
3.2 -0.10000000000002096 1.5
3.2 -0.10000000000002096 1.6
3.2 -0.10000000000002096 1.7000000000000002
3.2 -0.10000000000002096 1.8
3.2 -0.10000000000002096 1.9000000000000001
3.2 -0.10000000000002096 2.0
3.2 -0.10000000000002096 2.1
3.2 -0.10000000000002096 2.2
3.2 -0.10000000000002096 2.3000000000000003
3.2 -0.10000000000002096 2.4000000000000004
3.2 -0.10000000000002096 2.5
3.2 -2.1316282072803006e-14 0.0
3.2 -2.1316282072803006e-14 0.1
3.2 -2.1316282072803006e-14 0.2
3.2 -2.1316282072803006e-14 0.30000000000000004
3.2 -2.1316282072803006e-14 0.4
3.2 -2.1316282072803006e-14 0.5
3.2 -2.1316282072803006e-14 0.6000000000000001
3.2 -2.1316282072803006e-14 0.7000000000000001
3.2 -2.1316282072803006e-14 0.8
3.2 -2.1316282072803006e-14 0.9
3.2 -2.1316282072803006e-14 1.0
3.2 -2.1316282072803006e-14 1.1
3.2 -2.1316282072803006e-14 1.2000000000000002
3.2 -2.1316282072803006e-14 1.3
3.2 -2.1316282072803006e-14 1.4000000000000001
3.2 -2.1316282072803006e-14 1.5
3.2 -2.1316282072803006e-14 1.6
3.2 -2.1316282072803006e-14 1.7000000000000002
3.2 -2.1316282072803006e-14 1.8
3.2 -2.1316282072803006e-14 1.9000000000000001
3.2 -2.1316282072803006e-14 2.0
3.2 -2.1316282072803006e-14 2.1
3.2 -2.1316282072803006e-14 2.2
3.2 -2.1316282072803006e-14 2.3000000000000003
3.2 -2.1316282072803006e-14 2.4000000000000004
3.2 -2.1316282072803006e-14 2.5
3.2 0.09999999999997833 0.0
3.2 0.09999999999997833 0.1
3.2 0.09999999999997833 0.2
3.2 0.09999999999997833 0.30000000000000004
3.2 0.09999999999997833 0.4
3.2 0.09999999999997833 0.5
3.2 0.09999999999997833 0.6000000000000001
3.2 0.09999999999997833 0.7000000000000001
3.2 0.09999999999997833 0.8
3.2 0.09999999999997833 0.9
3.2 0.09999999999997833 1.0
3.2 0.09999999999997833 1.1
3.2 0.09999999999997833 1.2000000000000002
3.2 0.09999999999997833 1.3
3.2 0.09999999999997833 1.4000000000000001
3.2 0.09999999999997833 1.5
3.2 0.09999999999997833 1.6
3.2 0.09999999999997833 1.7000000000000002
3.2 0.09999999999997833 1.8
3.2 0.09999999999997833 1.9000000000000001
3.2 0.09999999999997833 2.0
3.2 0.09999999999997833 2.1
3.2 0.09999999999997833 2.2
3.2 0.09999999999997833 2.3000000000000003
3.2 0.09999999999997833 2.4000000000000004
3.2 0.09999999999997833 2.5
3.2 0.19999999999997797 0.0
3.2 0.19999999999997797 0.1
3.2 0.19999999999997797 0.2
3.2 0.19999999999997797 0.30000000000000004
3.2 0.19999999999997797 0.4
3.2 0.19999999999997797 0.5
3.2 0.19999999999997797 0.6000000000000001
3.2 0.19999999999997797 0.7000000000000001
3.2 0.19999999999997797 0.8
3.2 0.19999999999997797 0.9
3.2 0.19999999999997797 1.0
3.2 0.19999999999997797 1.1
3.2 0.19999999999997797 1.2000000000000002
3.2 0.19999999999997797 1.3
3.2 0.19999999999997797 1.4000000000000001
3.2 0.19999999999997797 1.5
3.2 0.19999999999997797 1.6
3.2 0.19999999999997797 1.7000000000000002
3.2 0.19999999999997797 1.8
3.2 0.19999999999997797 1.9000000000000001
3.2 0.19999999999997797 2.0
3.2 0.19999999999997797 2.1
3.2 0.19999999999997797 2.2
3.2 0.19999999999997797 2.3000000000000003
3.2 0.19999999999997797 2.4000000000000004
3.2 0.19999999999997797 2.5
3.2 0.2999999999999776 0.0
3.2 0.2999999999999776 0.1
3.2 0.2999999999999776 0.2
3.2 0.2999999999999776 0.30000000000000004
3.2 0.2999999999999776 0.4
3.2 0.2999999999999776 0.5
3.2 0.2999999999999776 0.6000000000000001
3.2 0.2999999999999776 0.7000000000000001
3.2 0.2999999999999776 0.8
3.2 0.2999999999999776 0.9
3.2 0.2999999999999776 1.0
3.2 0.2999999999999776 1.1
3.2 0.2999999999999776 1.2000000000000002
3.2 0.2999999999999776 1.3
3.2 0.2999999999999776 1.4000000000000001
3.2 0.2999999999999776 1.5
3.2 0.2999999999999776 1.6
3.2 0.2999999999999776 1.7000000000000002
3.2 0.2999999999999776 1.8
3.2 0.2999999999999776 1.9000000000000001
3.2 0.2999999999999776 2.0
3.2 0.2999999999999776 2.1
3.2 0.2999999999999776 2.2
3.2 0.2999999999999776 2.3000000000000003
3.2 0.2999999999999776 2.4000000000000004
3.2 0.2999999999999776 2.5
3.2 0.39999999999997726 0.0
3.2 0.39999999999997726 0.1
3.2 0.39999999999997726 0.2
3.2 0.39999999999997726 0.30000000000000004
3.2 0.39999999999997726 0.4
3.2 0.39999999999997726 0.5
3.2 0.39999999999997726 0.6000000000000001
3.2 0.39999999999997726 0.7000000000000001
3.2 0.39999999999997726 0.8
3.2 0.39999999999997726 0.9
3.2 0.39999999999997726 1.0
3.2 0.39999999999997726 1.1
3.2 0.39999999999997726 1.2000000000000002
3.2 0.39999999999997726 1.3
3.2 0.39999999999997726 1.4000000000000001
3.2 0.39999999999997726 1.5
3.2 0.39999999999997726 1.6
3.2 0.39999999999997726 1.7000000000000002
3.2 0.39999999999997726 1.8
3.2 0.39999999999997726 1.9000000000000001
3.2 0.39999999999997726 2.0
3.2 0.39999999999997726 2.1
3.2 0.39999999999997726 2.2
3.2 0.39999999999997726 2.3000000000000003
3.2 0.39999999999997726 2.4000000000000004
3.2 0.39999999999997726 2.5
3.2 0.4999999999999769 0.0
3.2 0.4999999999999769 0.1
3.2 0.4999999999999769 0.2
3.2 0.4999999999999769 0.30000000000000004
3.2 0.4999999999999769 0.4
3.2 0.4999999999999769 0.5
3.2 0.4999999999999769 0.6000000000000001
3.2 0.4999999999999769 0.7000000000000001
3.2 0.4999999999999769 0.8
3.2 0.4999999999999769 0.9
3.2 0.4999999999999769 1.0
3.2 0.4999999999999769 1.1
3.2 0.4999999999999769 1.2000000000000002
3.2 0.4999999999999769 1.3
3.2 0.4999999999999769 1.4000000000000001
3.2 0.4999999999999769 1.5
3.2 0.4999999999999769 1.6
3.2 0.4999999999999769 1.7000000000000002
3.2 0.4999999999999769 1.8
3.2 0.4999999999999769 1.9000000000000001
3.2 0.4999999999999769 2.0
3.2 0.4999999999999769 2.1
3.2 0.4999999999999769 2.2
3.2 0.4999999999999769 2.3000000000000003
3.2 0.4999999999999769 2.4000000000000004
3.2 0.4999999999999769 2.5
3.2 0.5999999999999766 0.0
3.2 0.5999999999999766 0.1
3.2 0.5999999999999766 0.2
3.2 0.5999999999999766 0.30000000000000004
3.2 0.5999999999999766 0.4
3.2 0.5999999999999766 0.5
3.2 0.5999999999999766 0.6000000000000001
3.2 0.5999999999999766 0.7000000000000001
3.2 0.5999999999999766 0.8
3.2 0.5999999999999766 0.9
3.2 0.5999999999999766 1.0
3.2 0.5999999999999766 1.1
3.2 0.5999999999999766 1.2000000000000002
3.2 0.5999999999999766 1.3
3.2 0.5999999999999766 1.4000000000000001
3.2 0.5999999999999766 1.5
3.2 0.5999999999999766 1.6
3.2 0.5999999999999766 1.7000000000000002
3.2 0.5999999999999766 1.8
3.2 0.5999999999999766 1.9000000000000001
3.2 0.5999999999999766 2.0
3.2 0.5999999999999766 2.1
3.2 0.5999999999999766 2.2
3.2 0.5999999999999766 2.3000000000000003
3.2 0.5999999999999766 2.4000000000000004
3.2 0.5999999999999766 2.5
3.2 0.6999999999999762 0.0
3.2 0.6999999999999762 0.1
3.2 0.6999999999999762 0.2
3.2 0.6999999999999762 0.30000000000000004
3.2 0.6999999999999762 0.4
3.2 0.6999999999999762 0.5
3.2 0.6999999999999762 0.6000000000000001
3.2 0.6999999999999762 0.7000000000000001
3.2 0.6999999999999762 0.8
3.2 0.6999999999999762 0.9
3.2 0.6999999999999762 1.0
3.2 0.6999999999999762 1.1
3.2 0.6999999999999762 1.2000000000000002
3.2 0.6999999999999762 1.3
3.2 0.6999999999999762 1.4000000000000001
3.2 0.6999999999999762 1.5
3.2 0.6999999999999762 1.6
3.2 0.6999999999999762 1.7000000000000002
3.2 0.6999999999999762 1.8
3.2 0.6999999999999762 1.9000000000000001
3.2 0.6999999999999762 2.0
3.2 0.6999999999999762 2.1
3.2 0.6999999999999762 2.2
3.2 0.6999999999999762 2.3000000000000003
3.2 0.6999999999999762 2.4000000000000004
3.2 0.6999999999999762 2.5
3.2 0.7999999999999758 0.0
3.2 0.7999999999999758 0.1
3.2 0.7999999999999758 0.2
3.2 0.7999999999999758 0.30000000000000004
3.2 0.7999999999999758 0.4
3.2 0.7999999999999758 0.5
3.2 0.7999999999999758 0.6000000000000001
3.2 0.7999999999999758 0.7000000000000001
3.2 0.7999999999999758 0.8
3.2 0.7999999999999758 0.9
3.2 0.7999999999999758 1.0
3.2 0.7999999999999758 1.1
3.2 0.7999999999999758 1.2000000000000002
3.2 0.7999999999999758 1.3
3.2 0.7999999999999758 1.4000000000000001
3.2 0.7999999999999758 1.5
3.2 0.7999999999999758 1.6
3.2 0.7999999999999758 1.7000000000000002
3.2 0.7999999999999758 1.8
3.2 0.7999999999999758 1.9000000000000001
3.2 0.7999999999999758 2.0
3.2 0.7999999999999758 2.1
3.2 0.7999999999999758 2.2
3.2 0.7999999999999758 2.3000000000000003
3.2 0.7999999999999758 2.4000000000000004
3.2 0.7999999999999758 2.5
3.2 0.8999999999999755 0.0
3.2 0.8999999999999755 0.1
3.2 0.8999999999999755 0.2
3.2 0.8999999999999755 0.30000000000000004
3.2 0.8999999999999755 0.4
3.2 0.8999999999999755 0.5
3.2 0.8999999999999755 0.6000000000000001
3.2 0.8999999999999755 0.7000000000000001
3.2 0.8999999999999755 0.8
3.2 0.8999999999999755 0.9
3.2 0.8999999999999755 1.0
3.2 0.8999999999999755 1.1
3.2 0.8999999999999755 1.2000000000000002
3.2 0.8999999999999755 1.3
3.2 0.8999999999999755 1.4000000000000001
3.2 0.8999999999999755 1.5
3.2 0.8999999999999755 1.6
3.2 0.8999999999999755 1.7000000000000002
3.2 0.8999999999999755 1.8
3.2 0.8999999999999755 1.9000000000000001
3.2 0.8999999999999755 2.0
3.2 0.8999999999999755 2.1
3.2 0.8999999999999755 2.2
3.2 0.8999999999999755 2.3000000000000003
3.2 0.8999999999999755 2.4000000000000004
3.2 0.8999999999999755 2.5
3.2 0.9999999999999751 0.0
3.2 0.9999999999999751 0.1
3.2 0.9999999999999751 0.2
3.2 0.9999999999999751 0.30000000000000004
3.2 0.9999999999999751 0.4
3.2 0.9999999999999751 0.5
3.2 0.9999999999999751 0.6000000000000001
3.2 0.9999999999999751 0.7000000000000001
3.2 0.9999999999999751 0.8
3.2 0.9999999999999751 0.9
3.2 0.9999999999999751 1.0
3.2 0.9999999999999751 1.1
3.2 0.9999999999999751 1.2000000000000002
3.2 0.9999999999999751 1.3
3.2 0.9999999999999751 1.4000000000000001
3.2 0.9999999999999751 1.5
3.2 0.9999999999999751 1.6
3.2 0.9999999999999751 1.7000000000000002
3.2 0.9999999999999751 1.8
3.2 0.9999999999999751 1.9000000000000001
3.2 0.9999999999999751 2.0
3.2 0.9999999999999751 2.1
3.2 0.9999999999999751 2.2
3.2 0.9999999999999751 2.3000000000000003
3.2 0.9999999999999751 2.4000000000000004
3.2 0.9999999999999751 2.5
3.2 1.0999999999999748 0.0
3.2 1.0999999999999748 0.1
3.2 1.0999999999999748 0.2
3.2 1.0999999999999748 0.30000000000000004
3.2 1.0999999999999748 0.4
3.2 1.0999999999999748 0.5
3.2 1.0999999999999748 0.6000000000000001
3.2 1.0999999999999748 0.7000000000000001
3.2 1.0999999999999748 0.8
3.2 1.0999999999999748 0.9
3.2 1.0999999999999748 1.0
3.2 1.0999999999999748 1.1
3.2 1.0999999999999748 1.2000000000000002
3.2 1.0999999999999748 1.3
3.2 1.0999999999999748 1.4000000000000001
3.2 1.0999999999999748 1.5
3.2 1.0999999999999748 1.6
3.2 1.0999999999999748 1.7000000000000002
3.2 1.0999999999999748 1.8
3.2 1.0999999999999748 1.9000000000000001
3.2 1.0999999999999748 2.0
3.2 1.0999999999999748 2.1
3.2 1.0999999999999748 2.2
3.2 1.0999999999999748 2.3000000000000003
3.2 1.0999999999999748 2.4000000000000004
3.2 1.0999999999999748 2.5
3.2 1.1999999999999744 0.0
3.2 1.1999999999999744 0.1
3.2 1.1999999999999744 0.2
3.2 1.1999999999999744 0.30000000000000004
3.2 1.1999999999999744 0.4
3.2 1.1999999999999744 0.5
3.2 1.1999999999999744 0.6000000000000001
3.2 1.1999999999999744 0.7000000000000001
3.2 1.1999999999999744 0.8
3.2 1.1999999999999744 0.9
3.2 1.1999999999999744 1.0
3.2 1.1999999999999744 1.1
3.2 1.1999999999999744 1.2000000000000002
3.2 1.1999999999999744 1.3
3.2 1.1999999999999744 1.4000000000000001
3.2 1.1999999999999744 1.5
3.2 1.1999999999999744 1.6
3.2 1.1999999999999744 1.7000000000000002
3.2 1.1999999999999744 1.8
3.2 1.1999999999999744 1.9000000000000001
3.2 1.1999999999999744 2.0
3.2 1.1999999999999744 2.1
3.2 1.1999999999999744 2.2
3.2 1.1999999999999744 2.3000000000000003
3.2 1.1999999999999744 2.4000000000000004
3.2 1.1999999999999744 2.5
3.2 1.299999999999974 0.0
3.2 1.299999999999974 0.1
3.2 1.299999999999974 0.2
3.2 1.299999999999974 0.30000000000000004
3.2 1.299999999999974 0.4
3.2 1.299999999999974 0.5
3.2 1.299999999999974 0.6000000000000001
3.2 1.299999999999974 0.7000000000000001
3.2 1.299999999999974 0.8
3.2 1.299999999999974 0.9
3.2 1.299999999999974 1.0
3.2 1.299999999999974 1.1
3.2 1.299999999999974 1.2000000000000002
3.2 1.299999999999974 1.3
3.2 1.299999999999974 1.4000000000000001
3.2 1.299999999999974 1.5
3.2 1.299999999999974 1.6
3.2 1.299999999999974 1.7000000000000002
3.2 1.299999999999974 1.8
3.2 1.299999999999974 1.9000000000000001
3.2 1.299999999999974 2.0
3.2 1.299999999999974 2.1
3.2 1.299999999999974 2.2
3.2 1.299999999999974 2.3000000000000003
3.2 1.299999999999974 2.4000000000000004
3.2 1.299999999999974 2.5
3.2 1.3999999999999737 0.0
3.2 1.3999999999999737 0.1
3.2 1.3999999999999737 0.2
3.2 1.3999999999999737 0.30000000000000004
3.2 1.3999999999999737 0.4
3.2 1.3999999999999737 0.5
3.2 1.3999999999999737 0.6000000000000001
3.2 1.3999999999999737 0.7000000000000001
3.2 1.3999999999999737 0.8
3.2 1.3999999999999737 0.9
3.2 1.3999999999999737 1.0
3.2 1.3999999999999737 1.1
3.2 1.3999999999999737 1.2000000000000002
3.2 1.3999999999999737 1.3
3.2 1.3999999999999737 1.4000000000000001
3.2 1.3999999999999737 1.5
3.2 1.3999999999999737 1.6
3.2 1.3999999999999737 1.7000000000000002
3.2 1.3999999999999737 1.8
3.2 1.3999999999999737 1.9000000000000001
3.2 1.3999999999999737 2.0
3.2 1.3999999999999737 2.1
3.2 1.3999999999999737 2.2
3.2 1.3999999999999737 2.3000000000000003
3.2 1.3999999999999737 2.4000000000000004
3.2 1.3999999999999737 2.5
3.2 1.4999999999999734 0.0
3.2 1.4999999999999734 0.1
3.2 1.4999999999999734 0.2
3.2 1.4999999999999734 0.30000000000000004
3.2 1.4999999999999734 0.4
3.2 1.4999999999999734 0.5
3.2 1.4999999999999734 0.6000000000000001
3.2 1.4999999999999734 0.7000000000000001
3.2 1.4999999999999734 0.8
3.2 1.4999999999999734 0.9
3.2 1.4999999999999734 1.0
3.2 1.4999999999999734 1.1
3.2 1.4999999999999734 1.2000000000000002
3.2 1.4999999999999734 1.3
3.2 1.4999999999999734 1.4000000000000001
3.2 1.4999999999999734 1.5
3.2 1.4999999999999734 1.6
3.2 1.4999999999999734 1.7000000000000002
3.2 1.4999999999999734 1.8
3.2 1.4999999999999734 1.9000000000000001
3.2 1.4999999999999734 2.0
3.2 1.4999999999999734 2.1
3.2 1.4999999999999734 2.2
3.2 1.4999999999999734 2.3000000000000003
3.2 1.4999999999999734 2.4000000000000004
3.2 1.4999999999999734 2.5
3.2 1.599999999999973 0.0
3.2 1.599999999999973 0.1
3.2 1.599999999999973 0.2
3.2 1.599999999999973 0.30000000000000004
3.2 1.599999999999973 0.4
3.2 1.599999999999973 0.5
3.2 1.599999999999973 0.6000000000000001
3.2 1.599999999999973 0.7000000000000001
3.2 1.599999999999973 0.8
3.2 1.599999999999973 0.9
3.2 1.599999999999973 1.0
3.2 1.599999999999973 1.1
3.2 1.599999999999973 1.2000000000000002
3.2 1.599999999999973 1.3
3.2 1.599999999999973 1.4000000000000001
3.2 1.599999999999973 1.5
3.2 1.599999999999973 1.6
3.2 1.599999999999973 1.7000000000000002
3.2 1.599999999999973 1.8
3.2 1.599999999999973 1.9000000000000001
3.2 1.599999999999973 2.0
3.2 1.599999999999973 2.1
3.2 1.599999999999973 2.2
3.2 1.599999999999973 2.3000000000000003
3.2 1.599999999999973 2.4000000000000004
3.2 1.599999999999973 2.5
3.2 1.6999999999999726 0.0
3.2 1.6999999999999726 0.1
3.2 1.6999999999999726 0.2
3.2 1.6999999999999726 0.30000000000000004
3.2 1.6999999999999726 0.4
3.2 1.6999999999999726 0.5
3.2 1.6999999999999726 0.6000000000000001
3.2 1.6999999999999726 0.7000000000000001
3.2 1.6999999999999726 0.8
3.2 1.6999999999999726 0.9
3.2 1.6999999999999726 1.0
3.2 1.6999999999999726 1.1
3.2 1.6999999999999726 1.2000000000000002
3.2 1.6999999999999726 1.3
3.2 1.6999999999999726 1.4000000000000001
3.2 1.6999999999999726 1.5
3.2 1.6999999999999726 1.6
3.2 1.6999999999999726 1.7000000000000002
3.2 1.6999999999999726 1.8
3.2 1.6999999999999726 1.9000000000000001
3.2 1.6999999999999726 2.0
3.2 1.6999999999999726 2.1
3.2 1.6999999999999726 2.2
3.2 1.6999999999999726 2.3000000000000003
3.2 1.6999999999999726 2.4000000000000004
3.2 1.6999999999999726 2.5
3.2 1.7999999999999723 0.0
3.2 1.7999999999999723 0.1
3.2 1.7999999999999723 0.2
3.2 1.7999999999999723 0.30000000000000004
3.2 1.7999999999999723 0.4
3.2 1.7999999999999723 0.5
3.2 1.7999999999999723 0.6000000000000001
3.2 1.7999999999999723 0.7000000000000001
3.2 1.7999999999999723 0.8
3.2 1.7999999999999723 0.9
3.2 1.7999999999999723 1.0
3.2 1.7999999999999723 1.1
3.2 1.7999999999999723 1.2000000000000002
3.2 1.7999999999999723 1.3
3.2 1.7999999999999723 1.4000000000000001
3.2 1.7999999999999723 1.5
3.2 1.7999999999999723 1.6
3.2 1.7999999999999723 1.7000000000000002
3.2 1.7999999999999723 1.8
3.2 1.7999999999999723 1.9000000000000001
3.2 1.7999999999999723 2.0
3.2 1.7999999999999723 2.1
3.2 1.7999999999999723 2.2
3.2 1.7999999999999723 2.3000000000000003
3.2 1.7999999999999723 2.4000000000000004
3.2 1.7999999999999723 2.5
3.2 1.899999999999972 0.0
3.2 1.899999999999972 0.1
3.2 1.899999999999972 0.2
3.2 1.899999999999972 0.30000000000000004
3.2 1.899999999999972 0.4
3.2 1.899999999999972 0.5
3.2 1.899999999999972 0.6000000000000001
3.2 1.899999999999972 0.7000000000000001
3.2 1.899999999999972 0.8
3.2 1.899999999999972 0.9
3.2 1.899999999999972 1.0
3.2 1.899999999999972 1.1
3.2 1.899999999999972 1.2000000000000002
3.2 1.899999999999972 1.3
3.2 1.899999999999972 1.4000000000000001
3.2 1.899999999999972 1.5
3.2 1.899999999999972 1.6
3.2 1.899999999999972 1.7000000000000002
3.2 1.899999999999972 1.8
3.2 1.899999999999972 1.9000000000000001
3.2 1.899999999999972 2.0
3.2 1.899999999999972 2.1
3.2 1.899999999999972 2.2
3.2 1.899999999999972 2.3000000000000003
3.2 1.899999999999972 2.4000000000000004
3.2 1.899999999999972 2.5
3.2 1.9999999999999716 0.0
3.2 1.9999999999999716 0.1
3.2 1.9999999999999716 0.2
3.2 1.9999999999999716 0.30000000000000004
3.2 1.9999999999999716 0.4
3.2 1.9999999999999716 0.5
3.2 1.9999999999999716 0.6000000000000001
3.2 1.9999999999999716 0.7000000000000001
3.2 1.9999999999999716 0.8
3.2 1.9999999999999716 0.9
3.2 1.9999999999999716 1.0
3.2 1.9999999999999716 1.1
3.2 1.9999999999999716 1.2000000000000002
3.2 1.9999999999999716 1.3
3.2 1.9999999999999716 1.4000000000000001
3.2 1.9999999999999716 1.5
3.2 1.9999999999999716 1.6
3.2 1.9999999999999716 1.7000000000000002
3.2 1.9999999999999716 1.8
3.2 1.9999999999999716 1.9000000000000001
3.2 1.9999999999999716 2.0
3.2 1.9999999999999716 2.1
3.2 1.9999999999999716 2.2
3.2 1.9999999999999716 2.3000000000000003
3.2 1.9999999999999716 2.4000000000000004
3.2 1.9999999999999716 2.5
3.2 2.0999999999999712 0.0
3.2 2.0999999999999712 0.1
3.2 2.0999999999999712 0.2
3.2 2.0999999999999712 0.30000000000000004
3.2 2.0999999999999712 0.4
3.2 2.0999999999999712 0.5
3.2 2.0999999999999712 0.6000000000000001
3.2 2.0999999999999712 0.7000000000000001
3.2 2.0999999999999712 0.8
3.2 2.0999999999999712 0.9
3.2 2.0999999999999712 1.0
3.2 2.0999999999999712 1.1
3.2 2.0999999999999712 1.2000000000000002
3.2 2.0999999999999712 1.3
3.2 2.0999999999999712 1.4000000000000001
3.2 2.0999999999999712 1.5
3.2 2.0999999999999712 1.6
3.2 2.0999999999999712 1.7000000000000002
3.2 2.0999999999999712 1.8
3.2 2.0999999999999712 1.9000000000000001
3.2 2.0999999999999712 2.0
3.2 2.0999999999999712 2.1
3.2 2.0999999999999712 2.2
3.2 2.0999999999999712 2.3000000000000003
3.2 2.0999999999999712 2.4000000000000004
3.2 2.0999999999999712 2.5
3.2 2.199999999999971 0.0
3.2 2.199999999999971 0.1
3.2 2.199999999999971 0.2
3.2 2.199999999999971 0.30000000000000004
3.2 2.199999999999971 0.4
3.2 2.199999999999971 0.5
3.2 2.199999999999971 0.6000000000000001
3.2 2.199999999999971 0.7000000000000001
3.2 2.199999999999971 0.8
3.2 2.199999999999971 0.9
3.2 2.199999999999971 1.0
3.2 2.199999999999971 1.1
3.2 2.199999999999971 1.2000000000000002
3.2 2.199999999999971 1.3
3.2 2.199999999999971 1.4000000000000001
3.2 2.199999999999971 1.5
3.2 2.199999999999971 1.6
3.2 2.199999999999971 1.7000000000000002
3.2 2.199999999999971 1.8
3.2 2.199999999999971 1.9000000000000001
3.2 2.199999999999971 2.0
3.2 2.199999999999971 2.1
3.2 2.199999999999971 2.2
3.2 2.199999999999971 2.3000000000000003
3.2 2.199999999999971 2.4000000000000004
3.2 2.199999999999971 2.5
3.2 2.2999999999999705 0.0
3.2 2.2999999999999705 0.1
3.2 2.2999999999999705 0.2
3.2 2.2999999999999705 0.30000000000000004
3.2 2.2999999999999705 0.4
3.2 2.2999999999999705 0.5
3.2 2.2999999999999705 0.6000000000000001
3.2 2.2999999999999705 0.7000000000000001
3.2 2.2999999999999705 0.8
3.2 2.2999999999999705 0.9
3.2 2.2999999999999705 1.0
3.2 2.2999999999999705 1.1
3.2 2.2999999999999705 1.2000000000000002
3.2 2.2999999999999705 1.3
3.2 2.2999999999999705 1.4000000000000001
3.2 2.2999999999999705 1.5
3.2 2.2999999999999705 1.6
3.2 2.2999999999999705 1.7000000000000002
3.2 2.2999999999999705 1.8
3.2 2.2999999999999705 1.9000000000000001
3.2 2.2999999999999705 2.0
3.2 2.2999999999999705 2.1
3.2 2.2999999999999705 2.2
3.2 2.2999999999999705 2.3000000000000003
3.2 2.2999999999999705 2.4000000000000004
3.2 2.2999999999999705 2.5
3.2 2.39999999999997 0.0
3.2 2.39999999999997 0.1
3.2 2.39999999999997 0.2
3.2 2.39999999999997 0.30000000000000004
3.2 2.39999999999997 0.4
3.2 2.39999999999997 0.5
3.2 2.39999999999997 0.6000000000000001
3.2 2.39999999999997 0.7000000000000001
3.2 2.39999999999997 0.8
3.2 2.39999999999997 0.9
3.2 2.39999999999997 1.0
3.2 2.39999999999997 1.1
3.2 2.39999999999997 1.2000000000000002
3.2 2.39999999999997 1.3
3.2 2.39999999999997 1.4000000000000001
3.2 2.39999999999997 1.5
3.2 2.39999999999997 1.6
3.2 2.39999999999997 1.7000000000000002
3.2 2.39999999999997 1.8
3.2 2.39999999999997 1.9000000000000001
3.2 2.39999999999997 2.0
3.2 2.39999999999997 2.1
3.2 2.39999999999997 2.2
3.2 2.39999999999997 2.3000000000000003
3.2 2.39999999999997 2.4000000000000004
3.2 2.39999999999997 2.5
3.2 2.49999999999997 0.0
3.2 2.49999999999997 0.1
3.2 2.49999999999997 0.2
3.2 2.49999999999997 0.30000000000000004
3.2 2.49999999999997 0.4
3.2 2.49999999999997 0.5
3.2 2.49999999999997 0.6000000000000001
3.2 2.49999999999997 0.7000000000000001
3.2 2.49999999999997 0.8
3.2 2.49999999999997 0.9
3.2 2.49999999999997 1.0
3.2 2.49999999999997 1.1
3.2 2.49999999999997 1.2000000000000002
3.2 2.49999999999997 1.3
3.2 2.49999999999997 1.4000000000000001
3.2 2.49999999999997 1.5
3.2 2.49999999999997 1.6
3.2 2.49999999999997 1.7000000000000002
3.2 2.49999999999997 1.8
3.2 2.49999999999997 1.9000000000000001
3.2 2.49999999999997 2.0
3.2 2.49999999999997 2.1
3.2 2.49999999999997 2.2
3.2 2.49999999999997 2.3000000000000003
3.2 2.49999999999997 2.4000000000000004
3.2 2.49999999999997 2.5
3.2 2.5999999999999694 0.0
3.2 2.5999999999999694 0.1
3.2 2.5999999999999694 0.2
3.2 2.5999999999999694 0.30000000000000004
3.2 2.5999999999999694 0.4
3.2 2.5999999999999694 0.5
3.2 2.5999999999999694 0.6000000000000001
3.2 2.5999999999999694 0.7000000000000001
3.2 2.5999999999999694 0.8
3.2 2.5999999999999694 0.9
3.2 2.5999999999999694 1.0
3.2 2.5999999999999694 1.1
3.2 2.5999999999999694 1.2000000000000002
3.2 2.5999999999999694 1.3
3.2 2.5999999999999694 1.4000000000000001
3.2 2.5999999999999694 1.5
3.2 2.5999999999999694 1.6
3.2 2.5999999999999694 1.7000000000000002
3.2 2.5999999999999694 1.8
3.2 2.5999999999999694 1.9000000000000001
3.2 2.5999999999999694 2.0
3.2 2.5999999999999694 2.1
3.2 2.5999999999999694 2.2
3.2 2.5999999999999694 2.3000000000000003
3.2 2.5999999999999694 2.4000000000000004
3.2 2.5999999999999694 2.5
3.2 2.699999999999969 0.0
3.2 2.699999999999969 0.1
3.2 2.699999999999969 0.2
3.2 2.699999999999969 0.30000000000000004
3.2 2.699999999999969 0.4
3.2 2.699999999999969 0.5
3.2 2.699999999999969 0.6000000000000001
3.2 2.699999999999969 0.7000000000000001
3.2 2.699999999999969 0.8
3.2 2.699999999999969 0.9
3.2 2.699999999999969 1.0
3.2 2.699999999999969 1.1
3.2 2.699999999999969 1.2000000000000002
3.2 2.699999999999969 1.3
3.2 2.699999999999969 1.4000000000000001
3.2 2.699999999999969 1.5
3.2 2.699999999999969 1.6
3.2 2.699999999999969 1.7000000000000002
3.2 2.699999999999969 1.8
3.2 2.699999999999969 1.9000000000000001
3.2 2.699999999999969 2.0
3.2 2.699999999999969 2.1
3.2 2.699999999999969 2.2
3.2 2.699999999999969 2.3000000000000003
3.2 2.699999999999969 2.4000000000000004
3.2 2.699999999999969 2.5
3.2 2.7999999999999687 0.0
3.2 2.7999999999999687 0.1
3.2 2.7999999999999687 0.2
3.2 2.7999999999999687 0.30000000000000004
3.2 2.7999999999999687 0.4
3.2 2.7999999999999687 0.5
3.2 2.7999999999999687 0.6000000000000001
3.2 2.7999999999999687 0.7000000000000001
3.2 2.7999999999999687 0.8
3.2 2.7999999999999687 0.9
3.2 2.7999999999999687 1.0
3.2 2.7999999999999687 1.1
3.2 2.7999999999999687 1.2000000000000002
3.2 2.7999999999999687 1.3
3.2 2.7999999999999687 1.4000000000000001
3.2 2.7999999999999687 1.5
3.2 2.7999999999999687 1.6
3.2 2.7999999999999687 1.7000000000000002
3.2 2.7999999999999687 1.8
3.2 2.7999999999999687 1.9000000000000001
3.2 2.7999999999999687 2.0
3.2 2.7999999999999687 2.1
3.2 2.7999999999999687 2.2
3.2 2.7999999999999687 2.3000000000000003
3.2 2.7999999999999687 2.4000000000000004
3.2 2.7999999999999687 2.5
3.2 2.8999999999999684 0.0
3.2 2.8999999999999684 0.1
3.2 2.8999999999999684 0.2
3.2 2.8999999999999684 0.30000000000000004
3.2 2.8999999999999684 0.4
3.2 2.8999999999999684 0.5
3.2 2.8999999999999684 0.6000000000000001
3.2 2.8999999999999684 0.7000000000000001
3.2 2.8999999999999684 0.8
3.2 2.8999999999999684 0.9
3.2 2.8999999999999684 1.0
3.2 2.8999999999999684 1.1
3.2 2.8999999999999684 1.2000000000000002
3.2 2.8999999999999684 1.3
3.2 2.8999999999999684 1.4000000000000001
3.2 2.8999999999999684 1.5
3.2 2.8999999999999684 1.6
3.2 2.8999999999999684 1.7000000000000002
3.2 2.8999999999999684 1.8
3.2 2.8999999999999684 1.9000000000000001
3.2 2.8999999999999684 2.0
3.2 2.8999999999999684 2.1
3.2 2.8999999999999684 2.2
3.2 2.8999999999999684 2.3000000000000003
3.2 2.8999999999999684 2.4000000000000004
3.2 2.8999999999999684 2.5
3.2 2.999999999999968 0.0
3.2 2.999999999999968 0.1
3.2 2.999999999999968 0.2
3.2 2.999999999999968 0.30000000000000004
3.2 2.999999999999968 0.4
3.2 2.999999999999968 0.5
3.2 2.999999999999968 0.6000000000000001
3.2 2.999999999999968 0.7000000000000001
3.2 2.999999999999968 0.8
3.2 2.999999999999968 0.9
3.2 2.999999999999968 1.0
3.2 2.999999999999968 1.1
3.2 2.999999999999968 1.2000000000000002
3.2 2.999999999999968 1.3
3.2 2.999999999999968 1.4000000000000001
3.2 2.999999999999968 1.5
3.2 2.999999999999968 1.6
3.2 2.999999999999968 1.7000000000000002
3.2 2.999999999999968 1.8
3.2 2.999999999999968 1.9000000000000001
3.2 2.999999999999968 2.0
3.2 2.999999999999968 2.1
3.2 2.999999999999968 2.2
3.2 2.999999999999968 2.3000000000000003
3.2 2.999999999999968 2.4000000000000004
3.2 2.999999999999968 2.5
3.2 3.0999999999999677 0.0
3.2 3.0999999999999677 0.1
3.2 3.0999999999999677 0.2
3.2 3.0999999999999677 0.30000000000000004
3.2 3.0999999999999677 0.4
3.2 3.0999999999999677 0.5
3.2 3.0999999999999677 0.6000000000000001
3.2 3.0999999999999677 0.7000000000000001
3.2 3.0999999999999677 0.8
3.2 3.0999999999999677 0.9
3.2 3.0999999999999677 1.0
3.2 3.0999999999999677 1.1
3.2 3.0999999999999677 1.2000000000000002
3.2 3.0999999999999677 1.3
3.2 3.0999999999999677 1.4000000000000001
3.2 3.0999999999999677 1.5
3.2 3.0999999999999677 1.6
3.2 3.0999999999999677 1.7000000000000002
3.2 3.0999999999999677 1.8
3.2 3.0999999999999677 1.9000000000000001
3.2 3.0999999999999677 2.0
3.2 3.0999999999999677 2.1
3.2 3.0999999999999677 2.2
3.2 3.0999999999999677 2.3000000000000003
3.2 3.0999999999999677 2.4000000000000004
3.2 3.0999999999999677 2.5
3.2 3.1999999999999673 0.0
3.2 3.1999999999999673 0.1
3.2 3.1999999999999673 0.2
3.2 3.1999999999999673 0.30000000000000004
3.2 3.1999999999999673 0.4
3.2 3.1999999999999673 0.5
3.2 3.1999999999999673 0.6000000000000001
3.2 3.1999999999999673 0.7000000000000001
3.2 3.1999999999999673 0.8
3.2 3.1999999999999673 0.9
3.2 3.1999999999999673 1.0
3.2 3.1999999999999673 1.1
3.2 3.1999999999999673 1.2000000000000002
3.2 3.1999999999999673 1.3
3.2 3.1999999999999673 1.4000000000000001
3.2 3.1999999999999673 1.5
3.2 3.1999999999999673 1.6
3.2 3.1999999999999673 1.7000000000000002
3.2 3.1999999999999673 1.8
3.2 3.1999999999999673 1.9000000000000001
3.2 3.1999999999999673 2.0
3.2 3.1999999999999673 2.1
3.2 3.1999999999999673 2.2
3.2 3.1999999999999673 2.3000000000000003
3.2 3.1999999999999673 2.4000000000000004
3.2 3.1999999999999673 2.5
3.2 3.299999999999967 0.0
3.2 3.299999999999967 0.1
3.2 3.299999999999967 0.2
3.2 3.299999999999967 0.30000000000000004
3.2 3.299999999999967 0.4
3.2 3.299999999999967 0.5
3.2 3.299999999999967 0.6000000000000001
3.2 3.299999999999967 0.7000000000000001
3.2 3.299999999999967 0.8
3.2 3.299999999999967 0.9
3.2 3.299999999999967 1.0
3.2 3.299999999999967 1.1
3.2 3.299999999999967 1.2000000000000002
3.2 3.299999999999967 1.3
3.2 3.299999999999967 1.4000000000000001
3.2 3.299999999999967 1.5
3.2 3.299999999999967 1.6
3.2 3.299999999999967 1.7000000000000002
3.2 3.299999999999967 1.8
3.2 3.299999999999967 1.9000000000000001
3.2 3.299999999999967 2.0
3.2 3.299999999999967 2.1
3.2 3.299999999999967 2.2
3.2 3.299999999999967 2.3000000000000003
3.2 3.299999999999967 2.4000000000000004
3.2 3.299999999999967 2.5
3.2 3.3999999999999666 0.0
3.2 3.3999999999999666 0.1
3.2 3.3999999999999666 0.2
3.2 3.3999999999999666 0.30000000000000004
3.2 3.3999999999999666 0.4
3.2 3.3999999999999666 0.5
3.2 3.3999999999999666 0.6000000000000001
3.2 3.3999999999999666 0.7000000000000001
3.2 3.3999999999999666 0.8
3.2 3.3999999999999666 0.9
3.2 3.3999999999999666 1.0
3.2 3.3999999999999666 1.1
3.2 3.3999999999999666 1.2000000000000002
3.2 3.3999999999999666 1.3
3.2 3.3999999999999666 1.4000000000000001
3.2 3.3999999999999666 1.5
3.2 3.3999999999999666 1.6
3.2 3.3999999999999666 1.7000000000000002
3.2 3.3999999999999666 1.8
3.2 3.3999999999999666 1.9000000000000001
3.2 3.3999999999999666 2.0
3.2 3.3999999999999666 2.1
3.2 3.3999999999999666 2.2
3.2 3.3999999999999666 2.3000000000000003
3.2 3.3999999999999666 2.4000000000000004
3.2 3.3999999999999666 2.5
3.2 3.4999999999999662 0.0
3.2 3.4999999999999662 0.1
3.2 3.4999999999999662 0.2
3.2 3.4999999999999662 0.30000000000000004
3.2 3.4999999999999662 0.4
3.2 3.4999999999999662 0.5
3.2 3.4999999999999662 0.6000000000000001
3.2 3.4999999999999662 0.7000000000000001
3.2 3.4999999999999662 0.8
3.2 3.4999999999999662 0.9
3.2 3.4999999999999662 1.0
3.2 3.4999999999999662 1.1
3.2 3.4999999999999662 1.2000000000000002
3.2 3.4999999999999662 1.3
3.2 3.4999999999999662 1.4000000000000001
3.2 3.4999999999999662 1.5
3.2 3.4999999999999662 1.6
3.2 3.4999999999999662 1.7000000000000002
3.2 3.4999999999999662 1.8
3.2 3.4999999999999662 1.9000000000000001
3.2 3.4999999999999662 2.0
3.2 3.4999999999999662 2.1
3.2 3.4999999999999662 2.2
3.2 3.4999999999999662 2.3000000000000003
3.2 3.4999999999999662 2.4000000000000004
3.2 3.4999999999999662 2.5
3.2 3.599999999999966 0.0
3.2 3.599999999999966 0.1
3.2 3.599999999999966 0.2
3.2 3.599999999999966 0.30000000000000004
3.2 3.599999999999966 0.4
3.2 3.599999999999966 0.5
3.2 3.599999999999966 0.6000000000000001
3.2 3.599999999999966 0.7000000000000001
3.2 3.599999999999966 0.8
3.2 3.599999999999966 0.9
3.2 3.599999999999966 1.0
3.2 3.599999999999966 1.1
3.2 3.599999999999966 1.2000000000000002
3.2 3.599999999999966 1.3
3.2 3.599999999999966 1.4000000000000001
3.2 3.599999999999966 1.5
3.2 3.599999999999966 1.6
3.2 3.599999999999966 1.7000000000000002
3.2 3.599999999999966 1.8
3.2 3.599999999999966 1.9000000000000001
3.2 3.599999999999966 2.0
3.2 3.599999999999966 2.1
3.2 3.599999999999966 2.2
3.2 3.599999999999966 2.3000000000000003
3.2 3.599999999999966 2.4000000000000004
3.2 3.599999999999966 2.5
3.2 3.6999999999999655 0.0
3.2 3.6999999999999655 0.1
3.2 3.6999999999999655 0.2
3.2 3.6999999999999655 0.30000000000000004
3.2 3.6999999999999655 0.4
3.2 3.6999999999999655 0.5
3.2 3.6999999999999655 0.6000000000000001
3.2 3.6999999999999655 0.7000000000000001
3.2 3.6999999999999655 0.8
3.2 3.6999999999999655 0.9
3.2 3.6999999999999655 1.0
3.2 3.6999999999999655 1.1
3.2 3.6999999999999655 1.2000000000000002
3.2 3.6999999999999655 1.3
3.2 3.6999999999999655 1.4000000000000001
3.2 3.6999999999999655 1.5
3.2 3.6999999999999655 1.6
3.2 3.6999999999999655 1.7000000000000002
3.2 3.6999999999999655 1.8
3.2 3.6999999999999655 1.9000000000000001
3.2 3.6999999999999655 2.0
3.2 3.6999999999999655 2.1
3.2 3.6999999999999655 2.2
3.2 3.6999999999999655 2.3000000000000003
3.2 3.6999999999999655 2.4000000000000004
3.2 3.6999999999999655 2.5
3.2 3.799999999999965 0.0
3.2 3.799999999999965 0.1
3.2 3.799999999999965 0.2
3.2 3.799999999999965 0.30000000000000004
3.2 3.799999999999965 0.4
3.2 3.799999999999965 0.5
3.2 3.799999999999965 0.6000000000000001
3.2 3.799999999999965 0.7000000000000001
3.2 3.799999999999965 0.8
3.2 3.799999999999965 0.9
3.2 3.799999999999965 1.0
3.2 3.799999999999965 1.1
3.2 3.799999999999965 1.2000000000000002
3.2 3.799999999999965 1.3
3.2 3.799999999999965 1.4000000000000001
3.2 3.799999999999965 1.5
3.2 3.799999999999965 1.6
3.2 3.799999999999965 1.7000000000000002
3.2 3.799999999999965 1.8
3.2 3.799999999999965 1.9000000000000001
3.2 3.799999999999965 2.0
3.2 3.799999999999965 2.1
3.2 3.799999999999965 2.2
3.2 3.799999999999965 2.3000000000000003
3.2 3.799999999999965 2.4000000000000004
3.2 3.799999999999965 2.5
3.2 3.899999999999965 0.0
3.2 3.899999999999965 0.1
3.2 3.899999999999965 0.2
3.2 3.899999999999965 0.30000000000000004
3.2 3.899999999999965 0.4
3.2 3.899999999999965 0.5
3.2 3.899999999999965 0.6000000000000001
3.2 3.899999999999965 0.7000000000000001
3.2 3.899999999999965 0.8
3.2 3.899999999999965 0.9
3.2 3.899999999999965 1.0
3.2 3.899999999999965 1.1
3.2 3.899999999999965 1.2000000000000002
3.2 3.899999999999965 1.3
3.2 3.899999999999965 1.4000000000000001
3.2 3.899999999999965 1.5
3.2 3.899999999999965 1.6
3.2 3.899999999999965 1.7000000000000002
3.2 3.899999999999965 1.8
3.2 3.899999999999965 1.9000000000000001
3.2 3.899999999999965 2.0
3.2 3.899999999999965 2.1
3.2 3.899999999999965 2.2
3.2 3.899999999999965 2.3000000000000003
3.2 3.899999999999965 2.4000000000000004
3.2 3.899999999999965 2.5
3.2 3.9999999999999645 0.0
3.2 3.9999999999999645 0.1
3.2 3.9999999999999645 0.2
3.2 3.9999999999999645 0.30000000000000004
3.2 3.9999999999999645 0.4
3.2 3.9999999999999645 0.5
3.2 3.9999999999999645 0.6000000000000001
3.2 3.9999999999999645 0.7000000000000001
3.2 3.9999999999999645 0.8
3.2 3.9999999999999645 0.9
3.2 3.9999999999999645 1.0
3.2 3.9999999999999645 1.1
3.2 3.9999999999999645 1.2000000000000002
3.2 3.9999999999999645 1.3
3.2 3.9999999999999645 1.4000000000000001
3.2 3.9999999999999645 1.5
3.2 3.9999999999999645 1.6
3.2 3.9999999999999645 1.7000000000000002
3.2 3.9999999999999645 1.8
3.2 3.9999999999999645 1.9000000000000001
3.2 3.9999999999999645 2.0
3.2 3.9999999999999645 2.1
3.2 3.9999999999999645 2.2
3.2 3.9999999999999645 2.3000000000000003
3.2 3.9999999999999645 2.4000000000000004
3.2 3.9999999999999645 2.5
3.2 4.099999999999964 0.0
3.2 4.099999999999964 0.1
3.2 4.099999999999964 0.2
3.2 4.099999999999964 0.30000000000000004
3.2 4.099999999999964 0.4
3.2 4.099999999999964 0.5
3.2 4.099999999999964 0.6000000000000001
3.2 4.099999999999964 0.7000000000000001
3.2 4.099999999999964 0.8
3.2 4.099999999999964 0.9
3.2 4.099999999999964 1.0
3.2 4.099999999999964 1.1
3.2 4.099999999999964 1.2000000000000002
3.2 4.099999999999964 1.3
3.2 4.099999999999964 1.4000000000000001
3.2 4.099999999999964 1.5
3.2 4.099999999999964 1.6
3.2 4.099999999999964 1.7000000000000002
3.2 4.099999999999964 1.8
3.2 4.099999999999964 1.9000000000000001
3.2 4.099999999999964 2.0
3.2 4.099999999999964 2.1
3.2 4.099999999999964 2.2
3.2 4.099999999999964 2.3000000000000003
3.2 4.099999999999964 2.4000000000000004
3.2 4.099999999999964 2.5
3.2 4.199999999999964 0.0
3.2 4.199999999999964 0.1
3.2 4.199999999999964 0.2
3.2 4.199999999999964 0.30000000000000004
3.2 4.199999999999964 0.4
3.2 4.199999999999964 0.5
3.2 4.199999999999964 0.6000000000000001
3.2 4.199999999999964 0.7000000000000001
3.2 4.199999999999964 0.8
3.2 4.199999999999964 0.9
3.2 4.199999999999964 1.0
3.2 4.199999999999964 1.1
3.2 4.199999999999964 1.2000000000000002
3.2 4.199999999999964 1.3
3.2 4.199999999999964 1.4000000000000001
3.2 4.199999999999964 1.5
3.2 4.199999999999964 1.6
3.2 4.199999999999964 1.7000000000000002
3.2 4.199999999999964 1.8
3.2 4.199999999999964 1.9000000000000001
3.2 4.199999999999964 2.0
3.2 4.199999999999964 2.1
3.2 4.199999999999964 2.2
3.2 4.199999999999964 2.3000000000000003
3.2 4.199999999999964 2.4000000000000004
3.2 4.199999999999964 2.5
3.2 4.299999999999963 0.0
3.2 4.299999999999963 0.1
3.2 4.299999999999963 0.2
3.2 4.299999999999963 0.30000000000000004
3.2 4.299999999999963 0.4
3.2 4.299999999999963 0.5
3.2 4.299999999999963 0.6000000000000001
3.2 4.299999999999963 0.7000000000000001
3.2 4.299999999999963 0.8
3.2 4.299999999999963 0.9
3.2 4.299999999999963 1.0
3.2 4.299999999999963 1.1
3.2 4.299999999999963 1.2000000000000002
3.2 4.299999999999963 1.3
3.2 4.299999999999963 1.4000000000000001
3.2 4.299999999999963 1.5
3.2 4.299999999999963 1.6
3.2 4.299999999999963 1.7000000000000002
3.2 4.299999999999963 1.8
3.2 4.299999999999963 1.9000000000000001
3.2 4.299999999999963 2.0
3.2 4.299999999999963 2.1
3.2 4.299999999999963 2.2
3.2 4.299999999999963 2.3000000000000003
3.2 4.299999999999963 2.4000000000000004
3.2 4.299999999999963 2.5
3.2 4.399999999999963 0.0
3.2 4.399999999999963 0.1
3.2 4.399999999999963 0.2
3.2 4.399999999999963 0.30000000000000004
3.2 4.399999999999963 0.4
3.2 4.399999999999963 0.5
3.2 4.399999999999963 0.6000000000000001
3.2 4.399999999999963 0.7000000000000001
3.2 4.399999999999963 0.8
3.2 4.399999999999963 0.9
3.2 4.399999999999963 1.0
3.2 4.399999999999963 1.1
3.2 4.399999999999963 1.2000000000000002
3.2 4.399999999999963 1.3
3.2 4.399999999999963 1.4000000000000001
3.2 4.399999999999963 1.5
3.2 4.399999999999963 1.6
3.2 4.399999999999963 1.7000000000000002
3.2 4.399999999999963 1.8
3.2 4.399999999999963 1.9000000000000001
3.2 4.399999999999963 2.0
3.2 4.399999999999963 2.1
3.2 4.399999999999963 2.2
3.2 4.399999999999963 2.3000000000000003
3.2 4.399999999999963 2.4000000000000004
3.2 4.399999999999963 2.5
3.2 4.499999999999963 0.0
3.2 4.499999999999963 0.1
3.2 4.499999999999963 0.2
3.2 4.499999999999963 0.30000000000000004
3.2 4.499999999999963 0.4
3.2 4.499999999999963 0.5
3.2 4.499999999999963 0.6000000000000001
3.2 4.499999999999963 0.7000000000000001
3.2 4.499999999999963 0.8
3.2 4.499999999999963 0.9
3.2 4.499999999999963 1.0
3.2 4.499999999999963 1.1
3.2 4.499999999999963 1.2000000000000002
3.2 4.499999999999963 1.3
3.2 4.499999999999963 1.4000000000000001
3.2 4.499999999999963 1.5
3.2 4.499999999999963 1.6
3.2 4.499999999999963 1.7000000000000002
3.2 4.499999999999963 1.8
3.2 4.499999999999963 1.9000000000000001
3.2 4.499999999999963 2.0
3.2 4.499999999999963 2.1
3.2 4.499999999999963 2.2
3.2 4.499999999999963 2.3000000000000003
3.2 4.499999999999963 2.4000000000000004
3.2 4.499999999999963 2.5
3.2 4.599999999999962 0.0
3.2 4.599999999999962 0.1
3.2 4.599999999999962 0.2
3.2 4.599999999999962 0.30000000000000004
3.2 4.599999999999962 0.4
3.2 4.599999999999962 0.5
3.2 4.599999999999962 0.6000000000000001
3.2 4.599999999999962 0.7000000000000001
3.2 4.599999999999962 0.8
3.2 4.599999999999962 0.9
3.2 4.599999999999962 1.0
3.2 4.599999999999962 1.1
3.2 4.599999999999962 1.2000000000000002
3.2 4.599999999999962 1.3
3.2 4.599999999999962 1.4000000000000001
3.2 4.599999999999962 1.5
3.2 4.599999999999962 1.6
3.2 4.599999999999962 1.7000000000000002
3.2 4.599999999999962 1.8
3.2 4.599999999999962 1.9000000000000001
3.2 4.599999999999962 2.0
3.2 4.599999999999962 2.1
3.2 4.599999999999962 2.2
3.2 4.599999999999962 2.3000000000000003
3.2 4.599999999999962 2.4000000000000004
3.2 4.599999999999962 2.5
3.2 4.699999999999962 0.0
3.2 4.699999999999962 0.1
3.2 4.699999999999962 0.2
3.2 4.699999999999962 0.30000000000000004
3.2 4.699999999999962 0.4
3.2 4.699999999999962 0.5
3.2 4.699999999999962 0.6000000000000001
3.2 4.699999999999962 0.7000000000000001
3.2 4.699999999999962 0.8
3.2 4.699999999999962 0.9
3.2 4.699999999999962 1.0
3.2 4.699999999999962 1.1
3.2 4.699999999999962 1.2000000000000002
3.2 4.699999999999962 1.3
3.2 4.699999999999962 1.4000000000000001
3.2 4.699999999999962 1.5
3.2 4.699999999999962 1.6
3.2 4.699999999999962 1.7000000000000002
3.2 4.699999999999962 1.8
3.2 4.699999999999962 1.9000000000000001
3.2 4.699999999999962 2.0
3.2 4.699999999999962 2.1
3.2 4.699999999999962 2.2
3.2 4.699999999999962 2.3000000000000003
3.2 4.699999999999962 2.4000000000000004
3.2 4.699999999999962 2.5
3.2 4.799999999999962 0.0
3.2 4.799999999999962 0.1
3.2 4.799999999999962 0.2
3.2 4.799999999999962 0.30000000000000004
3.2 4.799999999999962 0.4
3.2 4.799999999999962 0.5
3.2 4.799999999999962 0.6000000000000001
3.2 4.799999999999962 0.7000000000000001
3.2 4.799999999999962 0.8
3.2 4.799999999999962 0.9
3.2 4.799999999999962 1.0
3.2 4.799999999999962 1.1
3.2 4.799999999999962 1.2000000000000002
3.2 4.799999999999962 1.3
3.2 4.799999999999962 1.4000000000000001
3.2 4.799999999999962 1.5
3.2 4.799999999999962 1.6
3.2 4.799999999999962 1.7000000000000002
3.2 4.799999999999962 1.8
3.2 4.799999999999962 1.9000000000000001
3.2 4.799999999999962 2.0
3.2 4.799999999999962 2.1
3.2 4.799999999999962 2.2
3.2 4.799999999999962 2.3000000000000003
3.2 4.799999999999962 2.4000000000000004
3.2 4.799999999999962 2.5
3.2 4.899999999999961 0.0
3.2 4.899999999999961 0.1
3.2 4.899999999999961 0.2
3.2 4.899999999999961 0.30000000000000004
3.2 4.899999999999961 0.4
3.2 4.899999999999961 0.5
3.2 4.899999999999961 0.6000000000000001
3.2 4.899999999999961 0.7000000000000001
3.2 4.899999999999961 0.8
3.2 4.899999999999961 0.9
3.2 4.899999999999961 1.0
3.2 4.899999999999961 1.1
3.2 4.899999999999961 1.2000000000000002
3.2 4.899999999999961 1.3
3.2 4.899999999999961 1.4000000000000001
3.2 4.899999999999961 1.5
3.2 4.899999999999961 1.6
3.2 4.899999999999961 1.7000000000000002
3.2 4.899999999999961 1.8
3.2 4.899999999999961 1.9000000000000001
3.2 4.899999999999961 2.0
3.2 4.899999999999961 2.1
3.2 4.899999999999961 2.2
3.2 4.899999999999961 2.3000000000000003
3.2 4.899999999999961 2.4000000000000004
3.2 4.899999999999961 2.5
3.2 4.999999999999961 0.0
3.2 4.999999999999961 0.1
3.2 4.999999999999961 0.2
3.2 4.999999999999961 0.30000000000000004
3.2 4.999999999999961 0.4
3.2 4.999999999999961 0.5
3.2 4.999999999999961 0.6000000000000001
3.2 4.999999999999961 0.7000000000000001
3.2 4.999999999999961 0.8
3.2 4.999999999999961 0.9
3.2 4.999999999999961 1.0
3.2 4.999999999999961 1.1
3.2 4.999999999999961 1.2000000000000002
3.2 4.999999999999961 1.3
3.2 4.999999999999961 1.4000000000000001
3.2 4.999999999999961 1.5
3.2 4.999999999999961 1.6
3.2 4.999999999999961 1.7000000000000002
3.2 4.999999999999961 1.8
3.2 4.999999999999961 1.9000000000000001
3.2 4.999999999999961 2.0
3.2 4.999999999999961 2.1
3.2 4.999999999999961 2.2
3.2 4.999999999999961 2.3000000000000003
3.2 4.999999999999961 2.4000000000000004
3.2 4.999999999999961 2.5
3.2 5.099999999999961 0.0
3.2 5.099999999999961 0.1
3.2 5.099999999999961 0.2
3.2 5.099999999999961 0.30000000000000004
3.2 5.099999999999961 0.4
3.2 5.099999999999961 0.5
3.2 5.099999999999961 0.6000000000000001
3.2 5.099999999999961 0.7000000000000001
3.2 5.099999999999961 0.8
3.2 5.099999999999961 0.9
3.2 5.099999999999961 1.0
3.2 5.099999999999961 1.1
3.2 5.099999999999961 1.2000000000000002
3.2 5.099999999999961 1.3
3.2 5.099999999999961 1.4000000000000001
3.2 5.099999999999961 1.5
3.2 5.099999999999961 1.6
3.2 5.099999999999961 1.7000000000000002
3.2 5.099999999999961 1.8
3.2 5.099999999999961 1.9000000000000001
3.2 5.099999999999961 2.0
3.2 5.099999999999961 2.1
3.2 5.099999999999961 2.2
3.2 5.099999999999961 2.3000000000000003
3.2 5.099999999999961 2.4000000000000004
3.2 5.099999999999961 2.5
3.2 5.19999999999996 0.0
3.2 5.19999999999996 0.1
3.2 5.19999999999996 0.2
3.2 5.19999999999996 0.30000000000000004
3.2 5.19999999999996 0.4
3.2 5.19999999999996 0.5
3.2 5.19999999999996 0.6000000000000001
3.2 5.19999999999996 0.7000000000000001
3.2 5.19999999999996 0.8
3.2 5.19999999999996 0.9
3.2 5.19999999999996 1.0
3.2 5.19999999999996 1.1
3.2 5.19999999999996 1.2000000000000002
3.2 5.19999999999996 1.3
3.2 5.19999999999996 1.4000000000000001
3.2 5.19999999999996 1.5
3.2 5.19999999999996 1.6
3.2 5.19999999999996 1.7000000000000002
3.2 5.19999999999996 1.8
3.2 5.19999999999996 1.9000000000000001
3.2 5.19999999999996 2.0
3.2 5.19999999999996 2.1
3.2 5.19999999999996 2.2
3.2 5.19999999999996 2.3000000000000003
3.2 5.19999999999996 2.4000000000000004
3.2 5.19999999999996 2.5
3.2 5.29999999999996 0.0
3.2 5.29999999999996 0.1
3.2 5.29999999999996 0.2
3.2 5.29999999999996 0.30000000000000004
3.2 5.29999999999996 0.4
3.2 5.29999999999996 0.5
3.2 5.29999999999996 0.6000000000000001
3.2 5.29999999999996 0.7000000000000001
3.2 5.29999999999996 0.8
3.2 5.29999999999996 0.9
3.2 5.29999999999996 1.0
3.2 5.29999999999996 1.1
3.2 5.29999999999996 1.2000000000000002
3.2 5.29999999999996 1.3
3.2 5.29999999999996 1.4000000000000001
3.2 5.29999999999996 1.5
3.2 5.29999999999996 1.6
3.2 5.29999999999996 1.7000000000000002
3.2 5.29999999999996 1.8
3.2 5.29999999999996 1.9000000000000001
3.2 5.29999999999996 2.0
3.2 5.29999999999996 2.1
3.2 5.29999999999996 2.2
3.2 5.29999999999996 2.3000000000000003
3.2 5.29999999999996 2.4000000000000004
3.2 5.29999999999996 2.5
3.2 5.3999999999999595 0.0
3.2 5.3999999999999595 0.1
3.2 5.3999999999999595 0.2
3.2 5.3999999999999595 0.30000000000000004
3.2 5.3999999999999595 0.4
3.2 5.3999999999999595 0.5
3.2 5.3999999999999595 0.6000000000000001
3.2 5.3999999999999595 0.7000000000000001
3.2 5.3999999999999595 0.8
3.2 5.3999999999999595 0.9
3.2 5.3999999999999595 1.0
3.2 5.3999999999999595 1.1
3.2 5.3999999999999595 1.2000000000000002
3.2 5.3999999999999595 1.3
3.2 5.3999999999999595 1.4000000000000001
3.2 5.3999999999999595 1.5
3.2 5.3999999999999595 1.6
3.2 5.3999999999999595 1.7000000000000002
3.2 5.3999999999999595 1.8
3.2 5.3999999999999595 1.9000000000000001
3.2 5.3999999999999595 2.0
3.2 5.3999999999999595 2.1
3.2 5.3999999999999595 2.2
3.2 5.3999999999999595 2.3000000000000003
3.2 5.3999999999999595 2.4000000000000004
3.2 5.3999999999999595 2.5
3.2 5.499999999999959 0.0
3.2 5.499999999999959 0.1
3.2 5.499999999999959 0.2
3.2 5.499999999999959 0.30000000000000004
3.2 5.499999999999959 0.4
3.2 5.499999999999959 0.5
3.2 5.499999999999959 0.6000000000000001
3.2 5.499999999999959 0.7000000000000001
3.2 5.499999999999959 0.8
3.2 5.499999999999959 0.9
3.2 5.499999999999959 1.0
3.2 5.499999999999959 1.1
3.2 5.499999999999959 1.2000000000000002
3.2 5.499999999999959 1.3
3.2 5.499999999999959 1.4000000000000001
3.2 5.499999999999959 1.5
3.2 5.499999999999959 1.6
3.2 5.499999999999959 1.7000000000000002
3.2 5.499999999999959 1.8
3.2 5.499999999999959 1.9000000000000001
3.2 5.499999999999959 2.0
3.2 5.499999999999959 2.1
3.2 5.499999999999959 2.2
3.2 5.499999999999959 2.3000000000000003
3.2 5.499999999999959 2.4000000000000004
3.2 5.499999999999959 2.5
3.2 5.599999999999959 0.0
3.2 5.599999999999959 0.1
3.2 5.599999999999959 0.2
3.2 5.599999999999959 0.30000000000000004
3.2 5.599999999999959 0.4
3.2 5.599999999999959 0.5
3.2 5.599999999999959 0.6000000000000001
3.2 5.599999999999959 0.7000000000000001
3.2 5.599999999999959 0.8
3.2 5.599999999999959 0.9
3.2 5.599999999999959 1.0
3.2 5.599999999999959 1.1
3.2 5.599999999999959 1.2000000000000002
3.2 5.599999999999959 1.3
3.2 5.599999999999959 1.4000000000000001
3.2 5.599999999999959 1.5
3.2 5.599999999999959 1.6
3.2 5.599999999999959 1.7000000000000002
3.2 5.599999999999959 1.8
3.2 5.599999999999959 1.9000000000000001
3.2 5.599999999999959 2.0
3.2 5.599999999999959 2.1
3.2 5.599999999999959 2.2
3.2 5.599999999999959 2.3000000000000003
3.2 5.599999999999959 2.4000000000000004
3.2 5.599999999999959 2.5
3.2 5.699999999999958 0.0
3.2 5.699999999999958 0.1
3.2 5.699999999999958 0.2
3.2 5.699999999999958 0.30000000000000004
3.2 5.699999999999958 0.4
3.2 5.699999999999958 0.5
3.2 5.699999999999958 0.6000000000000001
3.2 5.699999999999958 0.7000000000000001
3.2 5.699999999999958 0.8
3.2 5.699999999999958 0.9
3.2 5.699999999999958 1.0
3.2 5.699999999999958 1.1
3.2 5.699999999999958 1.2000000000000002
3.2 5.699999999999958 1.3
3.2 5.699999999999958 1.4000000000000001
3.2 5.699999999999958 1.5
3.2 5.699999999999958 1.6
3.2 5.699999999999958 1.7000000000000002
3.2 5.699999999999958 1.8
3.2 5.699999999999958 1.9000000000000001
3.2 5.699999999999958 2.0
3.2 5.699999999999958 2.1
3.2 5.699999999999958 2.2
3.2 5.699999999999958 2.3000000000000003
3.2 5.699999999999958 2.4000000000000004
3.2 5.699999999999958 2.5
3.2 5.799999999999958 0.0
3.2 5.799999999999958 0.1
3.2 5.799999999999958 0.2
3.2 5.799999999999958 0.30000000000000004
3.2 5.799999999999958 0.4
3.2 5.799999999999958 0.5
3.2 5.799999999999958 0.6000000000000001
3.2 5.799999999999958 0.7000000000000001
3.2 5.799999999999958 0.8
3.2 5.799999999999958 0.9
3.2 5.799999999999958 1.0
3.2 5.799999999999958 1.1
3.2 5.799999999999958 1.2000000000000002
3.2 5.799999999999958 1.3
3.2 5.799999999999958 1.4000000000000001
3.2 5.799999999999958 1.5
3.2 5.799999999999958 1.6
3.2 5.799999999999958 1.7000000000000002
3.2 5.799999999999958 1.8
3.2 5.799999999999958 1.9000000000000001
3.2 5.799999999999958 2.0
3.2 5.799999999999958 2.1
3.2 5.799999999999958 2.2
3.2 5.799999999999958 2.3000000000000003
3.2 5.799999999999958 2.4000000000000004
3.2 5.799999999999958 2.5
3.2 5.899999999999958 0.0
3.2 5.899999999999958 0.1
3.2 5.899999999999958 0.2
3.2 5.899999999999958 0.30000000000000004
3.2 5.899999999999958 0.4
3.2 5.899999999999958 0.5
3.2 5.899999999999958 0.6000000000000001
3.2 5.899999999999958 0.7000000000000001
3.2 5.899999999999958 0.8
3.2 5.899999999999958 0.9
3.2 5.899999999999958 1.0
3.2 5.899999999999958 1.1
3.2 5.899999999999958 1.2000000000000002
3.2 5.899999999999958 1.3
3.2 5.899999999999958 1.4000000000000001
3.2 5.899999999999958 1.5
3.2 5.899999999999958 1.6
3.2 5.899999999999958 1.7000000000000002
3.2 5.899999999999958 1.8
3.2 5.899999999999958 1.9000000000000001
3.2 5.899999999999958 2.0
3.2 5.899999999999958 2.1
3.2 5.899999999999958 2.2
3.2 5.899999999999958 2.3000000000000003
3.2 5.899999999999958 2.4000000000000004
3.2 5.899999999999958 2.5
3.2 5.999999999999957 0.0
3.2 5.999999999999957 0.1
3.2 5.999999999999957 0.2
3.2 5.999999999999957 0.30000000000000004
3.2 5.999999999999957 0.4
3.2 5.999999999999957 0.5
3.2 5.999999999999957 0.6000000000000001
3.2 5.999999999999957 0.7000000000000001
3.2 5.999999999999957 0.8
3.2 5.999999999999957 0.9
3.2 5.999999999999957 1.0
3.2 5.999999999999957 1.1
3.2 5.999999999999957 1.2000000000000002
3.2 5.999999999999957 1.3
3.2 5.999999999999957 1.4000000000000001
3.2 5.999999999999957 1.5
3.2 5.999999999999957 1.6
3.2 5.999999999999957 1.7000000000000002
3.2 5.999999999999957 1.8
3.2 5.999999999999957 1.9000000000000001
3.2 5.999999999999957 2.0
3.2 5.999999999999957 2.1
3.2 5.999999999999957 2.2
3.2 5.999999999999957 2.3000000000000003
3.2 5.999999999999957 2.4000000000000004
3.2 5.999999999999957 2.5
-3.0 -0.1 0.0
-3.0 -0.1 0.1
-3.0 -0.1 0.2
-3.0 -0.1 0.30000000000000004
-3.0 -0.1 0.4
-3.0 -0.1 0.5
-3.0 -0.1 0.6000000000000001
-3.0 -0.1 0.7000000000000001
-3.0 -0.1 0.8
-3.0 -0.1 0.9
-3.0 -0.1 1.0
-3.0 -0.1 1.1
-3.0 -0.1 1.2000000000000002
-3.0 -0.1 1.3
-3.0 -0.1 1.4000000000000001
-3.0 -0.1 1.5
-3.0 -0.1 1.6
-3.0 -0.1 1.7000000000000002
-3.0 -0.1 1.8
-3.0 -0.1 1.9000000000000001
-3.0 -0.1 2.0
-3.0 -0.1 2.1
-3.0 -0.1 2.2
-3.0 -0.1 2.3000000000000003
-3.0 -0.1 2.4000000000000004
-3.0 -0.1 2.5
-3.0 0.0 0.0
-3.0 0.0 0.1
-3.0 0.0 0.2
-3.0 0.0 0.30000000000000004
-3.0 0.0 0.4
-3.0 0.0 0.5
-3.0 0.0 0.6000000000000001
-3.0 0.0 0.7000000000000001
-3.0 0.0 0.8
-3.0 0.0 0.9
-3.0 0.0 1.0
-3.0 0.0 1.1
-3.0 0.0 1.2000000000000002
-3.0 0.0 1.3
-3.0 0.0 1.4000000000000001
-3.0 0.0 1.5
-3.0 0.0 1.6
-3.0 0.0 1.7000000000000002
-3.0 0.0 1.8
-3.0 0.0 1.9000000000000001
-3.0 0.0 2.0
-3.0 0.0 2.1
-3.0 0.0 2.2
-3.0 0.0 2.3000000000000003
-3.0 0.0 2.4000000000000004
-3.0 0.0 2.5
-3.0 0.1 0.0
-3.0 0.1 0.1
-3.0 0.1 0.2
-3.0 0.1 0.30000000000000004
-3.0 0.1 0.4
-3.0 0.1 0.5
-3.0 0.1 0.6000000000000001
-3.0 0.1 0.7000000000000001
-3.0 0.1 0.8
-3.0 0.1 0.9
-3.0 0.1 1.0
-3.0 0.1 1.1
-3.0 0.1 1.2000000000000002
-3.0 0.1 1.3
-3.0 0.1 1.4000000000000001
-3.0 0.1 1.5
-3.0 0.1 1.6
-3.0 0.1 1.7000000000000002
-3.0 0.1 1.8
-3.0 0.1 1.9000000000000001
-3.0 0.1 2.0
-3.0 0.1 2.1
-3.0 0.1 2.2
-3.0 0.1 2.3000000000000003
-3.0 0.1 2.4000000000000004
-3.0 0.1 2.5
-3.0 0.20000000000000004 0.0
-3.0 0.20000000000000004 0.1
-3.0 0.20000000000000004 0.2
-3.0 0.20000000000000004 0.30000000000000004
-3.0 0.20000000000000004 0.4
-3.0 0.20000000000000004 0.5
-3.0 0.20000000000000004 0.6000000000000001
-3.0 0.20000000000000004 0.7000000000000001
-3.0 0.20000000000000004 0.8
-3.0 0.20000000000000004 0.9
-3.0 0.20000000000000004 1.0
-3.0 0.20000000000000004 1.1
-3.0 0.20000000000000004 1.2000000000000002
-3.0 0.20000000000000004 1.3
-3.0 0.20000000000000004 1.4000000000000001
-3.0 0.20000000000000004 1.5
-3.0 0.20000000000000004 1.6
-3.0 0.20000000000000004 1.7000000000000002
-3.0 0.20000000000000004 1.8
-3.0 0.20000000000000004 1.9000000000000001
-3.0 0.20000000000000004 2.0
-3.0 0.20000000000000004 2.1
-3.0 0.20000000000000004 2.2
-3.0 0.20000000000000004 2.3000000000000003
-3.0 0.20000000000000004 2.4000000000000004
-3.0 0.20000000000000004 2.5
-2.9 -0.1 0.0
-2.9 -0.1 0.1
-2.9 -0.1 0.2
-2.9 -0.1 0.30000000000000004
-2.9 -0.1 0.4
-2.9 -0.1 0.5
-2.9 -0.1 0.6000000000000001
-2.9 -0.1 0.7000000000000001
-2.9 -0.1 0.8
-2.9 -0.1 0.9
-2.9 -0.1 1.0
-2.9 -0.1 1.1
-2.9 -0.1 1.2000000000000002
-2.9 -0.1 1.3
-2.9 -0.1 1.4000000000000001
-2.9 -0.1 1.5
-2.9 -0.1 1.6
-2.9 -0.1 1.7000000000000002
-2.9 -0.1 1.8
-2.9 -0.1 1.9000000000000001
-2.9 -0.1 2.0
-2.9 -0.1 2.1
-2.9 -0.1 2.2
-2.9 -0.1 2.3000000000000003
-2.9 -0.1 2.4000000000000004
-2.9 -0.1 2.5
-2.9 0.0 0.0
-2.9 0.0 0.1
-2.9 0.0 0.2
-2.9 0.0 0.30000000000000004
-2.9 0.0 0.4
-2.9 0.0 0.5
-2.9 0.0 0.6000000000000001
-2.9 0.0 0.7000000000000001
-2.9 0.0 0.8
-2.9 0.0 0.9
-2.9 0.0 1.0
-2.9 0.0 1.1
-2.9 0.0 1.2000000000000002
-2.9 0.0 1.3
-2.9 0.0 1.4000000000000001
-2.9 0.0 1.5
-2.9 0.0 1.6
-2.9 0.0 1.7000000000000002
-2.9 0.0 1.8
-2.9 0.0 1.9000000000000001
-2.9 0.0 2.0
-2.9 0.0 2.1
-2.9 0.0 2.2
-2.9 0.0 2.3000000000000003
-2.9 0.0 2.4000000000000004
-2.9 0.0 2.5
-2.9 0.1 0.0
-2.9 0.1 0.1
-2.9 0.1 0.2
-2.9 0.1 0.30000000000000004
-2.9 0.1 0.4
-2.9 0.1 0.5
-2.9 0.1 0.6000000000000001
-2.9 0.1 0.7000000000000001
-2.9 0.1 0.8
-2.9 0.1 0.9
-2.9 0.1 1.0
-2.9 0.1 1.1
-2.9 0.1 1.2000000000000002
-2.9 0.1 1.3
-2.9 0.1 1.4000000000000001
-2.9 0.1 1.5
-2.9 0.1 1.6
-2.9 0.1 1.7000000000000002
-2.9 0.1 1.8
-2.9 0.1 1.9000000000000001
-2.9 0.1 2.0
-2.9 0.1 2.1
-2.9 0.1 2.2
-2.9 0.1 2.3000000000000003
-2.9 0.1 2.4000000000000004
-2.9 0.1 2.5
-2.9 0.20000000000000004 0.0
-2.9 0.20000000000000004 0.1
-2.9 0.20000000000000004 0.2
-2.9 0.20000000000000004 0.30000000000000004
-2.9 0.20000000000000004 0.4
-2.9 0.20000000000000004 0.5
-2.9 0.20000000000000004 0.6000000000000001
-2.9 0.20000000000000004 0.7000000000000001
-2.9 0.20000000000000004 0.8
-2.9 0.20000000000000004 0.9
-2.9 0.20000000000000004 1.0
-2.9 0.20000000000000004 1.1
-2.9 0.20000000000000004 1.2000000000000002
-2.9 0.20000000000000004 1.3
-2.9 0.20000000000000004 1.4000000000000001
-2.9 0.20000000000000004 1.5
-2.9 0.20000000000000004 1.6
-2.9 0.20000000000000004 1.7000000000000002
-2.9 0.20000000000000004 1.8
-2.9 0.20000000000000004 1.9000000000000001
-2.9 0.20000000000000004 2.0
-2.9 0.20000000000000004 2.1
-2.9 0.20000000000000004 2.2
-2.9 0.20000000000000004 2.3000000000000003
-2.9 0.20000000000000004 2.4000000000000004
-2.9 0.20000000000000004 2.5
-2.8 -0.1 0.0
-2.8 -0.1 0.1
-2.8 -0.1 0.2
-2.8 -0.1 0.30000000000000004
-2.8 -0.1 0.4
-2.8 -0.1 0.5
-2.8 -0.1 0.6000000000000001
-2.8 -0.1 0.7000000000000001
-2.8 -0.1 0.8
-2.8 -0.1 0.9
-2.8 -0.1 1.0
-2.8 -0.1 1.1
-2.8 -0.1 1.2000000000000002
-2.8 -0.1 1.3
-2.8 -0.1 1.4000000000000001
-2.8 -0.1 1.5
-2.8 -0.1 1.6
-2.8 -0.1 1.7000000000000002
-2.8 -0.1 1.8
-2.8 -0.1 1.9000000000000001
-2.8 -0.1 2.0
-2.8 -0.1 2.1
-2.8 -0.1 2.2
-2.8 -0.1 2.3000000000000003
-2.8 -0.1 2.4000000000000004
-2.8 -0.1 2.5
-2.8 0.0 0.0
-2.8 0.0 0.1
-2.8 0.0 0.2
-2.8 0.0 0.30000000000000004
-2.8 0.0 0.4
-2.8 0.0 0.5
-2.8 0.0 0.6000000000000001
-2.8 0.0 0.7000000000000001
-2.8 0.0 0.8
-2.8 0.0 0.9
-2.8 0.0 1.0
-2.8 0.0 1.1
-2.8 0.0 1.2000000000000002
-2.8 0.0 1.3
-2.8 0.0 1.4000000000000001
-2.8 0.0 1.5
-2.8 0.0 1.6
-2.8 0.0 1.7000000000000002
-2.8 0.0 1.8
-2.8 0.0 1.9000000000000001
-2.8 0.0 2.0
-2.8 0.0 2.1
-2.8 0.0 2.2
-2.8 0.0 2.3000000000000003
-2.8 0.0 2.4000000000000004
-2.8 0.0 2.5
-2.8 0.1 0.0
-2.8 0.1 0.1
-2.8 0.1 0.2
-2.8 0.1 0.30000000000000004
-2.8 0.1 0.4
-2.8 0.1 0.5
-2.8 0.1 0.6000000000000001
-2.8 0.1 0.7000000000000001
-2.8 0.1 0.8
-2.8 0.1 0.9
-2.8 0.1 1.0
-2.8 0.1 1.1
-2.8 0.1 1.2000000000000002
-2.8 0.1 1.3
-2.8 0.1 1.4000000000000001
-2.8 0.1 1.5
-2.8 0.1 1.6
-2.8 0.1 1.7000000000000002
-2.8 0.1 1.8
-2.8 0.1 1.9000000000000001
-2.8 0.1 2.0
-2.8 0.1 2.1
-2.8 0.1 2.2
-2.8 0.1 2.3000000000000003
-2.8 0.1 2.4000000000000004
-2.8 0.1 2.5
-2.8 0.20000000000000004 0.0
-2.8 0.20000000000000004 0.1
-2.8 0.20000000000000004 0.2
-2.8 0.20000000000000004 0.30000000000000004
-2.8 0.20000000000000004 0.4
-2.8 0.20000000000000004 0.5
-2.8 0.20000000000000004 0.6000000000000001
-2.8 0.20000000000000004 0.7000000000000001
-2.8 0.20000000000000004 0.8
-2.8 0.20000000000000004 0.9
-2.8 0.20000000000000004 1.0
-2.8 0.20000000000000004 1.1
-2.8 0.20000000000000004 1.2000000000000002
-2.8 0.20000000000000004 1.3
-2.8 0.20000000000000004 1.4000000000000001
-2.8 0.20000000000000004 1.5
-2.8 0.20000000000000004 1.6
-2.8 0.20000000000000004 1.7000000000000002
-2.8 0.20000000000000004 1.8
-2.8 0.20000000000000004 1.9000000000000001
-2.8 0.20000000000000004 2.0
-2.8 0.20000000000000004 2.1
-2.8 0.20000000000000004 2.2
-2.8 0.20000000000000004 2.3000000000000003
-2.8 0.20000000000000004 2.4000000000000004
-2.8 0.20000000000000004 2.5
-2.6999999999999997 -0.1 0.0
-2.6999999999999997 -0.1 0.1
-2.6999999999999997 -0.1 0.2
-2.6999999999999997 -0.1 0.30000000000000004
-2.6999999999999997 -0.1 0.4
-2.6999999999999997 -0.1 0.5
-2.6999999999999997 -0.1 0.6000000000000001
-2.6999999999999997 -0.1 0.7000000000000001
-2.6999999999999997 -0.1 0.8
-2.6999999999999997 -0.1 0.9
-2.6999999999999997 -0.1 1.0
-2.6999999999999997 -0.1 1.1
-2.6999999999999997 -0.1 1.2000000000000002
-2.6999999999999997 -0.1 1.3
-2.6999999999999997 -0.1 1.4000000000000001
-2.6999999999999997 -0.1 1.5
-2.6999999999999997 -0.1 1.6
-2.6999999999999997 -0.1 1.7000000000000002
-2.6999999999999997 -0.1 1.8
-2.6999999999999997 -0.1 1.9000000000000001
-2.6999999999999997 -0.1 2.0
-2.6999999999999997 -0.1 2.1
-2.6999999999999997 -0.1 2.2
-2.6999999999999997 -0.1 2.3000000000000003
-2.6999999999999997 -0.1 2.4000000000000004
-2.6999999999999997 -0.1 2.5
-2.6999999999999997 0.0 0.0
-2.6999999999999997 0.0 0.1
-2.6999999999999997 0.0 0.2
-2.6999999999999997 0.0 0.30000000000000004
-2.6999999999999997 0.0 0.4
-2.6999999999999997 0.0 0.5
-2.6999999999999997 0.0 0.6000000000000001
-2.6999999999999997 0.0 0.7000000000000001
-2.6999999999999997 0.0 0.8
-2.6999999999999997 0.0 0.9
-2.6999999999999997 0.0 1.0
-2.6999999999999997 0.0 1.1
-2.6999999999999997 0.0 1.2000000000000002
-2.6999999999999997 0.0 1.3
-2.6999999999999997 0.0 1.4000000000000001
-2.6999999999999997 0.0 1.5
-2.6999999999999997 0.0 1.6
-2.6999999999999997 0.0 1.7000000000000002
-2.6999999999999997 0.0 1.8
-2.6999999999999997 0.0 1.9000000000000001
-2.6999999999999997 0.0 2.0
-2.6999999999999997 0.0 2.1
-2.6999999999999997 0.0 2.2
-2.6999999999999997 0.0 2.3000000000000003
-2.6999999999999997 0.0 2.4000000000000004
-2.6999999999999997 0.0 2.5
-2.6999999999999997 0.1 0.0
-2.6999999999999997 0.1 0.1
-2.6999999999999997 0.1 0.2
-2.6999999999999997 0.1 0.30000000000000004
-2.6999999999999997 0.1 0.4
-2.6999999999999997 0.1 0.5
-2.6999999999999997 0.1 0.6000000000000001
-2.6999999999999997 0.1 0.7000000000000001
-2.6999999999999997 0.1 0.8
-2.6999999999999997 0.1 0.9
-2.6999999999999997 0.1 1.0
-2.6999999999999997 0.1 1.1
-2.6999999999999997 0.1 1.2000000000000002
-2.6999999999999997 0.1 1.3
-2.6999999999999997 0.1 1.4000000000000001
-2.6999999999999997 0.1 1.5
-2.6999999999999997 0.1 1.6
-2.6999999999999997 0.1 1.7000000000000002
-2.6999999999999997 0.1 1.8
-2.6999999999999997 0.1 1.9000000000000001
-2.6999999999999997 0.1 2.0
-2.6999999999999997 0.1 2.1
-2.6999999999999997 0.1 2.2
-2.6999999999999997 0.1 2.3000000000000003
-2.6999999999999997 0.1 2.4000000000000004
-2.6999999999999997 0.1 2.5
-2.6999999999999997 0.20000000000000004 0.0
-2.6999999999999997 0.20000000000000004 0.1
-2.6999999999999997 0.20000000000000004 0.2
-2.6999999999999997 0.20000000000000004 0.30000000000000004
-2.6999999999999997 0.20000000000000004 0.4
-2.6999999999999997 0.20000000000000004 0.5
-2.6999999999999997 0.20000000000000004 0.6000000000000001
-2.6999999999999997 0.20000000000000004 0.7000000000000001
-2.6999999999999997 0.20000000000000004 0.8
-2.6999999999999997 0.20000000000000004 0.9
-2.6999999999999997 0.20000000000000004 1.0
-2.6999999999999997 0.20000000000000004 1.1
-2.6999999999999997 0.20000000000000004 1.2000000000000002
-2.6999999999999997 0.20000000000000004 1.3
-2.6999999999999997 0.20000000000000004 1.4000000000000001
-2.6999999999999997 0.20000000000000004 1.5
-2.6999999999999997 0.20000000000000004 1.6
-2.6999999999999997 0.20000000000000004 1.7000000000000002
-2.6999999999999997 0.20000000000000004 1.8
-2.6999999999999997 0.20000000000000004 1.9000000000000001
-2.6999999999999997 0.20000000000000004 2.0
-2.6999999999999997 0.20000000000000004 2.1
-2.6999999999999997 0.20000000000000004 2.2
-2.6999999999999997 0.20000000000000004 2.3000000000000003
-2.6999999999999997 0.20000000000000004 2.4000000000000004
-2.6999999999999997 0.20000000000000004 2.5
-2.5999999999999996 -0.1 0.0
-2.5999999999999996 -0.1 0.1
-2.5999999999999996 -0.1 0.2
-2.5999999999999996 -0.1 0.30000000000000004
-2.5999999999999996 -0.1 0.4
-2.5999999999999996 -0.1 0.5
-2.5999999999999996 -0.1 0.6000000000000001
-2.5999999999999996 -0.1 0.7000000000000001
-2.5999999999999996 -0.1 0.8
-2.5999999999999996 -0.1 0.9
-2.5999999999999996 -0.1 1.0
-2.5999999999999996 -0.1 1.1
-2.5999999999999996 -0.1 1.2000000000000002
-2.5999999999999996 -0.1 1.3
-2.5999999999999996 -0.1 1.4000000000000001
-2.5999999999999996 -0.1 1.5
-2.5999999999999996 -0.1 1.6
-2.5999999999999996 -0.1 1.7000000000000002
-2.5999999999999996 -0.1 1.8
-2.5999999999999996 -0.1 1.9000000000000001
-2.5999999999999996 -0.1 2.0
-2.5999999999999996 -0.1 2.1
-2.5999999999999996 -0.1 2.2
-2.5999999999999996 -0.1 2.3000000000000003
-2.5999999999999996 -0.1 2.4000000000000004
-2.5999999999999996 -0.1 2.5
-2.5999999999999996 0.0 0.0
-2.5999999999999996 0.0 0.1
-2.5999999999999996 0.0 0.2
-2.5999999999999996 0.0 0.30000000000000004
-2.5999999999999996 0.0 0.4
-2.5999999999999996 0.0 0.5
-2.5999999999999996 0.0 0.6000000000000001
-2.5999999999999996 0.0 0.7000000000000001
-2.5999999999999996 0.0 0.8
-2.5999999999999996 0.0 0.9
-2.5999999999999996 0.0 1.0
-2.5999999999999996 0.0 1.1
-2.5999999999999996 0.0 1.2000000000000002
-2.5999999999999996 0.0 1.3
-2.5999999999999996 0.0 1.4000000000000001
-2.5999999999999996 0.0 1.5
-2.5999999999999996 0.0 1.6
-2.5999999999999996 0.0 1.7000000000000002
-2.5999999999999996 0.0 1.8
-2.5999999999999996 0.0 1.9000000000000001
-2.5999999999999996 0.0 2.0
-2.5999999999999996 0.0 2.1
-2.5999999999999996 0.0 2.2
-2.5999999999999996 0.0 2.3000000000000003
-2.5999999999999996 0.0 2.4000000000000004
-2.5999999999999996 0.0 2.5
-2.5999999999999996 0.1 0.0
-2.5999999999999996 0.1 0.1
-2.5999999999999996 0.1 0.2
-2.5999999999999996 0.1 0.30000000000000004
-2.5999999999999996 0.1 0.4
-2.5999999999999996 0.1 0.5
-2.5999999999999996 0.1 0.6000000000000001
-2.5999999999999996 0.1 0.7000000000000001
-2.5999999999999996 0.1 0.8
-2.5999999999999996 0.1 0.9
-2.5999999999999996 0.1 1.0
-2.5999999999999996 0.1 1.1
-2.5999999999999996 0.1 1.2000000000000002
-2.5999999999999996 0.1 1.3
-2.5999999999999996 0.1 1.4000000000000001
-2.5999999999999996 0.1 1.5
-2.5999999999999996 0.1 1.6
-2.5999999999999996 0.1 1.7000000000000002
-2.5999999999999996 0.1 1.8
-2.5999999999999996 0.1 1.9000000000000001
-2.5999999999999996 0.1 2.0
-2.5999999999999996 0.1 2.1
-2.5999999999999996 0.1 2.2
-2.5999999999999996 0.1 2.3000000000000003
-2.5999999999999996 0.1 2.4000000000000004
-2.5999999999999996 0.1 2.5
-2.5999999999999996 0.20000000000000004 0.0
-2.5999999999999996 0.20000000000000004 0.1
-2.5999999999999996 0.20000000000000004 0.2
-2.5999999999999996 0.20000000000000004 0.30000000000000004
-2.5999999999999996 0.20000000000000004 0.4
-2.5999999999999996 0.20000000000000004 0.5
-2.5999999999999996 0.20000000000000004 0.6000000000000001
-2.5999999999999996 0.20000000000000004 0.7000000000000001
-2.5999999999999996 0.20000000000000004 0.8
-2.5999999999999996 0.20000000000000004 0.9
-2.5999999999999996 0.20000000000000004 1.0
-2.5999999999999996 0.20000000000000004 1.1
-2.5999999999999996 0.20000000000000004 1.2000000000000002
-2.5999999999999996 0.20000000000000004 1.3
-2.5999999999999996 0.20000000000000004 1.4000000000000001
-2.5999999999999996 0.20000000000000004 1.5
-2.5999999999999996 0.20000000000000004 1.6
-2.5999999999999996 0.20000000000000004 1.7000000000000002
-2.5999999999999996 0.20000000000000004 1.8
-2.5999999999999996 0.20000000000000004 1.9000000000000001
-2.5999999999999996 0.20000000000000004 2.0
-2.5999999999999996 0.20000000000000004 2.1
-2.5999999999999996 0.20000000000000004 2.2
-2.5999999999999996 0.20000000000000004 2.3000000000000003
-2.5999999999999996 0.20000000000000004 2.4000000000000004
-2.5999999999999996 0.20000000000000004 2.5
-2.4999999999999996 -0.1 0.0
-2.4999999999999996 -0.1 0.1
-2.4999999999999996 -0.1 0.2
-2.4999999999999996 -0.1 0.30000000000000004
-2.4999999999999996 -0.1 0.4
-2.4999999999999996 -0.1 0.5
-2.4999999999999996 -0.1 0.6000000000000001
-2.4999999999999996 -0.1 0.7000000000000001
-2.4999999999999996 -0.1 0.8
-2.4999999999999996 -0.1 0.9
-2.4999999999999996 -0.1 1.0
-2.4999999999999996 -0.1 1.1
-2.4999999999999996 -0.1 1.2000000000000002
-2.4999999999999996 -0.1 1.3
-2.4999999999999996 -0.1 1.4000000000000001
-2.4999999999999996 -0.1 1.5
-2.4999999999999996 -0.1 1.6
-2.4999999999999996 -0.1 1.7000000000000002
-2.4999999999999996 -0.1 1.8
-2.4999999999999996 -0.1 1.9000000000000001
-2.4999999999999996 -0.1 2.0
-2.4999999999999996 -0.1 2.1
-2.4999999999999996 -0.1 2.2
-2.4999999999999996 -0.1 2.3000000000000003
-2.4999999999999996 -0.1 2.4000000000000004
-2.4999999999999996 -0.1 2.5
-2.4999999999999996 0.0 0.0
-2.4999999999999996 0.0 0.1
-2.4999999999999996 0.0 0.2
-2.4999999999999996 0.0 0.30000000000000004
-2.4999999999999996 0.0 0.4
-2.4999999999999996 0.0 0.5
-2.4999999999999996 0.0 0.6000000000000001
-2.4999999999999996 0.0 0.7000000000000001
-2.4999999999999996 0.0 0.8
-2.4999999999999996 0.0 0.9
-2.4999999999999996 0.0 1.0
-2.4999999999999996 0.0 1.1
-2.4999999999999996 0.0 1.2000000000000002
-2.4999999999999996 0.0 1.3
-2.4999999999999996 0.0 1.4000000000000001
-2.4999999999999996 0.0 1.5
-2.4999999999999996 0.0 1.6
-2.4999999999999996 0.0 1.7000000000000002
-2.4999999999999996 0.0 1.8
-2.4999999999999996 0.0 1.9000000000000001
-2.4999999999999996 0.0 2.0
-2.4999999999999996 0.0 2.1
-2.4999999999999996 0.0 2.2
-2.4999999999999996 0.0 2.3000000000000003
-2.4999999999999996 0.0 2.4000000000000004
-2.4999999999999996 0.0 2.5
-2.4999999999999996 0.1 0.0
-2.4999999999999996 0.1 0.1
-2.4999999999999996 0.1 0.2
-2.4999999999999996 0.1 0.30000000000000004
-2.4999999999999996 0.1 0.4
-2.4999999999999996 0.1 0.5
-2.4999999999999996 0.1 0.6000000000000001
-2.4999999999999996 0.1 0.7000000000000001
-2.4999999999999996 0.1 0.8
-2.4999999999999996 0.1 0.9
-2.4999999999999996 0.1 1.0
-2.4999999999999996 0.1 1.1
-2.4999999999999996 0.1 1.2000000000000002
-2.4999999999999996 0.1 1.3
-2.4999999999999996 0.1 1.4000000000000001
-2.4999999999999996 0.1 1.5
-2.4999999999999996 0.1 1.6
-2.4999999999999996 0.1 1.7000000000000002
-2.4999999999999996 0.1 1.8
-2.4999999999999996 0.1 1.9000000000000001
-2.4999999999999996 0.1 2.0
-2.4999999999999996 0.1 2.1
-2.4999999999999996 0.1 2.2
-2.4999999999999996 0.1 2.3000000000000003
-2.4999999999999996 0.1 2.4000000000000004
-2.4999999999999996 0.1 2.5
-2.4999999999999996 0.20000000000000004 0.0
-2.4999999999999996 0.20000000000000004 0.1
-2.4999999999999996 0.20000000000000004 0.2
-2.4999999999999996 0.20000000000000004 0.30000000000000004
-2.4999999999999996 0.20000000000000004 0.4
-2.4999999999999996 0.20000000000000004 0.5
-2.4999999999999996 0.20000000000000004 0.6000000000000001
-2.4999999999999996 0.20000000000000004 0.7000000000000001
-2.4999999999999996 0.20000000000000004 0.8
-2.4999999999999996 0.20000000000000004 0.9
-2.4999999999999996 0.20000000000000004 1.0
-2.4999999999999996 0.20000000000000004 1.1
-2.4999999999999996 0.20000000000000004 1.2000000000000002
-2.4999999999999996 0.20000000000000004 1.3
-2.4999999999999996 0.20000000000000004 1.4000000000000001
-2.4999999999999996 0.20000000000000004 1.5
-2.4999999999999996 0.20000000000000004 1.6
-2.4999999999999996 0.20000000000000004 1.7000000000000002
-2.4999999999999996 0.20000000000000004 1.8
-2.4999999999999996 0.20000000000000004 1.9000000000000001
-2.4999999999999996 0.20000000000000004 2.0
-2.4999999999999996 0.20000000000000004 2.1
-2.4999999999999996 0.20000000000000004 2.2
-2.4999999999999996 0.20000000000000004 2.3000000000000003
-2.4999999999999996 0.20000000000000004 2.4000000000000004
-2.4999999999999996 0.20000000000000004 2.5
-2.3999999999999995 -0.1 0.0
-2.3999999999999995 -0.1 0.1
-2.3999999999999995 -0.1 0.2
-2.3999999999999995 -0.1 0.30000000000000004
-2.3999999999999995 -0.1 0.4
-2.3999999999999995 -0.1 0.5
-2.3999999999999995 -0.1 0.6000000000000001
-2.3999999999999995 -0.1 0.7000000000000001
-2.3999999999999995 -0.1 0.8
-2.3999999999999995 -0.1 0.9
-2.3999999999999995 -0.1 1.0
-2.3999999999999995 -0.1 1.1
-2.3999999999999995 -0.1 1.2000000000000002
-2.3999999999999995 -0.1 1.3
-2.3999999999999995 -0.1 1.4000000000000001
-2.3999999999999995 -0.1 1.5
-2.3999999999999995 -0.1 1.6
-2.3999999999999995 -0.1 1.7000000000000002
-2.3999999999999995 -0.1 1.8
-2.3999999999999995 -0.1 1.9000000000000001
-2.3999999999999995 -0.1 2.0
-2.3999999999999995 -0.1 2.1
-2.3999999999999995 -0.1 2.2
-2.3999999999999995 -0.1 2.3000000000000003
-2.3999999999999995 -0.1 2.4000000000000004
-2.3999999999999995 -0.1 2.5
-2.3999999999999995 0.0 0.0
-2.3999999999999995 0.0 0.1
-2.3999999999999995 0.0 0.2
-2.3999999999999995 0.0 0.30000000000000004
-2.3999999999999995 0.0 0.4
-2.3999999999999995 0.0 0.5
-2.3999999999999995 0.0 0.6000000000000001
-2.3999999999999995 0.0 0.7000000000000001
-2.3999999999999995 0.0 0.8
-2.3999999999999995 0.0 0.9
-2.3999999999999995 0.0 1.0
-2.3999999999999995 0.0 1.1
-2.3999999999999995 0.0 1.2000000000000002
-2.3999999999999995 0.0 1.3
-2.3999999999999995 0.0 1.4000000000000001
-2.3999999999999995 0.0 1.5
-2.3999999999999995 0.0 1.6
-2.3999999999999995 0.0 1.7000000000000002
-2.3999999999999995 0.0 1.8
-2.3999999999999995 0.0 1.9000000000000001
-2.3999999999999995 0.0 2.0
-2.3999999999999995 0.0 2.1
-2.3999999999999995 0.0 2.2
-2.3999999999999995 0.0 2.3000000000000003
-2.3999999999999995 0.0 2.4000000000000004
-2.3999999999999995 0.0 2.5
-2.3999999999999995 0.1 0.0
-2.3999999999999995 0.1 0.1
-2.3999999999999995 0.1 0.2
-2.3999999999999995 0.1 0.30000000000000004
-2.3999999999999995 0.1 0.4
-2.3999999999999995 0.1 0.5
-2.3999999999999995 0.1 0.6000000000000001
-2.3999999999999995 0.1 0.7000000000000001
-2.3999999999999995 0.1 0.8
-2.3999999999999995 0.1 0.9
-2.3999999999999995 0.1 1.0
-2.3999999999999995 0.1 1.1
-2.3999999999999995 0.1 1.2000000000000002
-2.3999999999999995 0.1 1.3
-2.3999999999999995 0.1 1.4000000000000001
-2.3999999999999995 0.1 1.5
-2.3999999999999995 0.1 1.6
-2.3999999999999995 0.1 1.7000000000000002
-2.3999999999999995 0.1 1.8
-2.3999999999999995 0.1 1.9000000000000001
-2.3999999999999995 0.1 2.0
-2.3999999999999995 0.1 2.1
-2.3999999999999995 0.1 2.2
-2.3999999999999995 0.1 2.3000000000000003
-2.3999999999999995 0.1 2.4000000000000004
-2.3999999999999995 0.1 2.5
-2.3999999999999995 0.20000000000000004 0.0
-2.3999999999999995 0.20000000000000004 0.1
-2.3999999999999995 0.20000000000000004 0.2
-2.3999999999999995 0.20000000000000004 0.30000000000000004
-2.3999999999999995 0.20000000000000004 0.4
-2.3999999999999995 0.20000000000000004 0.5
-2.3999999999999995 0.20000000000000004 0.6000000000000001
-2.3999999999999995 0.20000000000000004 0.7000000000000001
-2.3999999999999995 0.20000000000000004 0.8
-2.3999999999999995 0.20000000000000004 0.9
-2.3999999999999995 0.20000000000000004 1.0
-2.3999999999999995 0.20000000000000004 1.1
-2.3999999999999995 0.20000000000000004 1.2000000000000002
-2.3999999999999995 0.20000000000000004 1.3
-2.3999999999999995 0.20000000000000004 1.4000000000000001
-2.3999999999999995 0.20000000000000004 1.5
-2.3999999999999995 0.20000000000000004 1.6
-2.3999999999999995 0.20000000000000004 1.7000000000000002
-2.3999999999999995 0.20000000000000004 1.8
-2.3999999999999995 0.20000000000000004 1.9000000000000001
-2.3999999999999995 0.20000000000000004 2.0
-2.3999999999999995 0.20000000000000004 2.1
-2.3999999999999995 0.20000000000000004 2.2
-2.3999999999999995 0.20000000000000004 2.3000000000000003
-2.3999999999999995 0.20000000000000004 2.4000000000000004
-2.3999999999999995 0.20000000000000004 2.5
-2.2999999999999994 -0.1 0.0
-2.2999999999999994 -0.1 0.1
-2.2999999999999994 -0.1 0.2
-2.2999999999999994 -0.1 0.30000000000000004
-2.2999999999999994 -0.1 0.4
-2.2999999999999994 -0.1 0.5
-2.2999999999999994 -0.1 0.6000000000000001
-2.2999999999999994 -0.1 0.7000000000000001
-2.2999999999999994 -0.1 0.8
-2.2999999999999994 -0.1 0.9
-2.2999999999999994 -0.1 1.0
-2.2999999999999994 -0.1 1.1
-2.2999999999999994 -0.1 1.2000000000000002
-2.2999999999999994 -0.1 1.3
-2.2999999999999994 -0.1 1.4000000000000001
-2.2999999999999994 -0.1 1.5
-2.2999999999999994 -0.1 1.6
-2.2999999999999994 -0.1 1.7000000000000002
-2.2999999999999994 -0.1 1.8
-2.2999999999999994 -0.1 1.9000000000000001
-2.2999999999999994 -0.1 2.0
-2.2999999999999994 -0.1 2.1
-2.2999999999999994 -0.1 2.2
-2.2999999999999994 -0.1 2.3000000000000003
-2.2999999999999994 -0.1 2.4000000000000004
-2.2999999999999994 -0.1 2.5
-2.2999999999999994 0.0 0.0
-2.2999999999999994 0.0 0.1
-2.2999999999999994 0.0 0.2
-2.2999999999999994 0.0 0.30000000000000004
-2.2999999999999994 0.0 0.4
-2.2999999999999994 0.0 0.5
-2.2999999999999994 0.0 0.6000000000000001
-2.2999999999999994 0.0 0.7000000000000001
-2.2999999999999994 0.0 0.8
-2.2999999999999994 0.0 0.9
-2.2999999999999994 0.0 1.0
-2.2999999999999994 0.0 1.1
-2.2999999999999994 0.0 1.2000000000000002
-2.2999999999999994 0.0 1.3
-2.2999999999999994 0.0 1.4000000000000001
-2.2999999999999994 0.0 1.5
-2.2999999999999994 0.0 1.6
-2.2999999999999994 0.0 1.7000000000000002
-2.2999999999999994 0.0 1.8
-2.2999999999999994 0.0 1.9000000000000001
-2.2999999999999994 0.0 2.0
-2.2999999999999994 0.0 2.1
-2.2999999999999994 0.0 2.2
-2.2999999999999994 0.0 2.3000000000000003
-2.2999999999999994 0.0 2.4000000000000004
-2.2999999999999994 0.0 2.5
-2.2999999999999994 0.1 0.0
-2.2999999999999994 0.1 0.1
-2.2999999999999994 0.1 0.2
-2.2999999999999994 0.1 0.30000000000000004
-2.2999999999999994 0.1 0.4
-2.2999999999999994 0.1 0.5
-2.2999999999999994 0.1 0.6000000000000001
-2.2999999999999994 0.1 0.7000000000000001
-2.2999999999999994 0.1 0.8
-2.2999999999999994 0.1 0.9
-2.2999999999999994 0.1 1.0
-2.2999999999999994 0.1 1.1
-2.2999999999999994 0.1 1.2000000000000002
-2.2999999999999994 0.1 1.3
-2.2999999999999994 0.1 1.4000000000000001
-2.2999999999999994 0.1 1.5
-2.2999999999999994 0.1 1.6
-2.2999999999999994 0.1 1.7000000000000002
-2.2999999999999994 0.1 1.8
-2.2999999999999994 0.1 1.9000000000000001
-2.2999999999999994 0.1 2.0
-2.2999999999999994 0.1 2.1
-2.2999999999999994 0.1 2.2
-2.2999999999999994 0.1 2.3000000000000003
-2.2999999999999994 0.1 2.4000000000000004
-2.2999999999999994 0.1 2.5
-2.2999999999999994 0.20000000000000004 0.0
-2.2999999999999994 0.20000000000000004 0.1
-2.2999999999999994 0.20000000000000004 0.2
-2.2999999999999994 0.20000000000000004 0.30000000000000004
-2.2999999999999994 0.20000000000000004 0.4
-2.2999999999999994 0.20000000000000004 0.5
-2.2999999999999994 0.20000000000000004 0.6000000000000001
-2.2999999999999994 0.20000000000000004 0.7000000000000001
-2.2999999999999994 0.20000000000000004 0.8
-2.2999999999999994 0.20000000000000004 0.9
-2.2999999999999994 0.20000000000000004 1.0
-2.2999999999999994 0.20000000000000004 1.1
-2.2999999999999994 0.20000000000000004 1.2000000000000002
-2.2999999999999994 0.20000000000000004 1.3
-2.2999999999999994 0.20000000000000004 1.4000000000000001
-2.2999999999999994 0.20000000000000004 1.5
-2.2999999999999994 0.20000000000000004 1.6
-2.2999999999999994 0.20000000000000004 1.7000000000000002
-2.2999999999999994 0.20000000000000004 1.8
-2.2999999999999994 0.20000000000000004 1.9000000000000001
-2.2999999999999994 0.20000000000000004 2.0
-2.2999999999999994 0.20000000000000004 2.1
-2.2999999999999994 0.20000000000000004 2.2
-2.2999999999999994 0.20000000000000004 2.3000000000000003
-2.2999999999999994 0.20000000000000004 2.4000000000000004
-2.2999999999999994 0.20000000000000004 2.5
-2.1999999999999993 -0.1 0.0
-2.1999999999999993 -0.1 0.1
-2.1999999999999993 -0.1 0.2
-2.1999999999999993 -0.1 0.30000000000000004
-2.1999999999999993 -0.1 0.4
-2.1999999999999993 -0.1 0.5
-2.1999999999999993 -0.1 0.6000000000000001
-2.1999999999999993 -0.1 0.7000000000000001
-2.1999999999999993 -0.1 0.8
-2.1999999999999993 -0.1 0.9
-2.1999999999999993 -0.1 1.0
-2.1999999999999993 -0.1 1.1
-2.1999999999999993 -0.1 1.2000000000000002
-2.1999999999999993 -0.1 1.3
-2.1999999999999993 -0.1 1.4000000000000001
-2.1999999999999993 -0.1 1.5
-2.1999999999999993 -0.1 1.6
-2.1999999999999993 -0.1 1.7000000000000002
-2.1999999999999993 -0.1 1.8
-2.1999999999999993 -0.1 1.9000000000000001
-2.1999999999999993 -0.1 2.0
-2.1999999999999993 -0.1 2.1
-2.1999999999999993 -0.1 2.2
-2.1999999999999993 -0.1 2.3000000000000003
-2.1999999999999993 -0.1 2.4000000000000004
-2.1999999999999993 -0.1 2.5
-2.1999999999999993 0.0 0.0
-2.1999999999999993 0.0 0.1
-2.1999999999999993 0.0 0.2
-2.1999999999999993 0.0 0.30000000000000004
-2.1999999999999993 0.0 0.4
-2.1999999999999993 0.0 0.5
-2.1999999999999993 0.0 0.6000000000000001
-2.1999999999999993 0.0 0.7000000000000001
-2.1999999999999993 0.0 0.8
-2.1999999999999993 0.0 0.9
-2.1999999999999993 0.0 1.0
-2.1999999999999993 0.0 1.1
-2.1999999999999993 0.0 1.2000000000000002
-2.1999999999999993 0.0 1.3
-2.1999999999999993 0.0 1.4000000000000001
-2.1999999999999993 0.0 1.5
-2.1999999999999993 0.0 1.6
-2.1999999999999993 0.0 1.7000000000000002
-2.1999999999999993 0.0 1.8
-2.1999999999999993 0.0 1.9000000000000001
-2.1999999999999993 0.0 2.0
-2.1999999999999993 0.0 2.1
-2.1999999999999993 0.0 2.2
-2.1999999999999993 0.0 2.3000000000000003
-2.1999999999999993 0.0 2.4000000000000004
-2.1999999999999993 0.0 2.5
-2.1999999999999993 0.1 0.0
-2.1999999999999993 0.1 0.1
-2.1999999999999993 0.1 0.2
-2.1999999999999993 0.1 0.30000000000000004
-2.1999999999999993 0.1 0.4
-2.1999999999999993 0.1 0.5
-2.1999999999999993 0.1 0.6000000000000001
-2.1999999999999993 0.1 0.7000000000000001
-2.1999999999999993 0.1 0.8
-2.1999999999999993 0.1 0.9
-2.1999999999999993 0.1 1.0
-2.1999999999999993 0.1 1.1
-2.1999999999999993 0.1 1.2000000000000002
-2.1999999999999993 0.1 1.3
-2.1999999999999993 0.1 1.4000000000000001
-2.1999999999999993 0.1 1.5
-2.1999999999999993 0.1 1.6
-2.1999999999999993 0.1 1.7000000000000002
-2.1999999999999993 0.1 1.8
-2.1999999999999993 0.1 1.9000000000000001
-2.1999999999999993 0.1 2.0
-2.1999999999999993 0.1 2.1
-2.1999999999999993 0.1 2.2
-2.1999999999999993 0.1 2.3000000000000003
-2.1999999999999993 0.1 2.4000000000000004
-2.1999999999999993 0.1 2.5
-2.1999999999999993 0.20000000000000004 0.0
-2.1999999999999993 0.20000000000000004 0.1
-2.1999999999999993 0.20000000000000004 0.2
-2.1999999999999993 0.20000000000000004 0.30000000000000004
-2.1999999999999993 0.20000000000000004 0.4
-2.1999999999999993 0.20000000000000004 0.5
-2.1999999999999993 0.20000000000000004 0.6000000000000001
-2.1999999999999993 0.20000000000000004 0.7000000000000001
-2.1999999999999993 0.20000000000000004 0.8
-2.1999999999999993 0.20000000000000004 0.9
-2.1999999999999993 0.20000000000000004 1.0
-2.1999999999999993 0.20000000000000004 1.1
-2.1999999999999993 0.20000000000000004 1.2000000000000002
-2.1999999999999993 0.20000000000000004 1.3
-2.1999999999999993 0.20000000000000004 1.4000000000000001
-2.1999999999999993 0.20000000000000004 1.5
-2.1999999999999993 0.20000000000000004 1.6
-2.1999999999999993 0.20000000000000004 1.7000000000000002
-2.1999999999999993 0.20000000000000004 1.8
-2.1999999999999993 0.20000000000000004 1.9000000000000001
-2.1999999999999993 0.20000000000000004 2.0
-2.1999999999999993 0.20000000000000004 2.1
-2.1999999999999993 0.20000000000000004 2.2
-2.1999999999999993 0.20000000000000004 2.3000000000000003
-2.1999999999999993 0.20000000000000004 2.4000000000000004
-2.1999999999999993 0.20000000000000004 2.5
-2.099999999999999 -0.1 0.0
-2.099999999999999 -0.1 0.1
-2.099999999999999 -0.1 0.2
-2.099999999999999 -0.1 0.30000000000000004
-2.099999999999999 -0.1 0.4
-2.099999999999999 -0.1 0.5
-2.099999999999999 -0.1 0.6000000000000001
-2.099999999999999 -0.1 0.7000000000000001
-2.099999999999999 -0.1 0.8
-2.099999999999999 -0.1 0.9
-2.099999999999999 -0.1 1.0
-2.099999999999999 -0.1 1.1
-2.099999999999999 -0.1 1.2000000000000002
-2.099999999999999 -0.1 1.3
-2.099999999999999 -0.1 1.4000000000000001
-2.099999999999999 -0.1 1.5
-2.099999999999999 -0.1 1.6
-2.099999999999999 -0.1 1.7000000000000002
-2.099999999999999 -0.1 1.8
-2.099999999999999 -0.1 1.9000000000000001
-2.099999999999999 -0.1 2.0
-2.099999999999999 -0.1 2.1
-2.099999999999999 -0.1 2.2
-2.099999999999999 -0.1 2.3000000000000003
-2.099999999999999 -0.1 2.4000000000000004
-2.099999999999999 -0.1 2.5
-2.099999999999999 0.0 0.0
-2.099999999999999 0.0 0.1
-2.099999999999999 0.0 0.2
-2.099999999999999 0.0 0.30000000000000004
-2.099999999999999 0.0 0.4
-2.099999999999999 0.0 0.5
-2.099999999999999 0.0 0.6000000000000001
-2.099999999999999 0.0 0.7000000000000001
-2.099999999999999 0.0 0.8
-2.099999999999999 0.0 0.9
-2.099999999999999 0.0 1.0
-2.099999999999999 0.0 1.1
-2.099999999999999 0.0 1.2000000000000002
-2.099999999999999 0.0 1.3
-2.099999999999999 0.0 1.4000000000000001
-2.099999999999999 0.0 1.5
-2.099999999999999 0.0 1.6
-2.099999999999999 0.0 1.7000000000000002
-2.099999999999999 0.0 1.8
-2.099999999999999 0.0 1.9000000000000001
-2.099999999999999 0.0 2.0
-2.099999999999999 0.0 2.1
-2.099999999999999 0.0 2.2
-2.099999999999999 0.0 2.3000000000000003
-2.099999999999999 0.0 2.4000000000000004
-2.099999999999999 0.0 2.5
-2.099999999999999 0.1 0.0
-2.099999999999999 0.1 0.1
-2.099999999999999 0.1 0.2
-2.099999999999999 0.1 0.30000000000000004
-2.099999999999999 0.1 0.4
-2.099999999999999 0.1 0.5
-2.099999999999999 0.1 0.6000000000000001
-2.099999999999999 0.1 0.7000000000000001
-2.099999999999999 0.1 0.8
-2.099999999999999 0.1 0.9
-2.099999999999999 0.1 1.0
-2.099999999999999 0.1 1.1
-2.099999999999999 0.1 1.2000000000000002
-2.099999999999999 0.1 1.3
-2.099999999999999 0.1 1.4000000000000001
-2.099999999999999 0.1 1.5
-2.099999999999999 0.1 1.6
-2.099999999999999 0.1 1.7000000000000002
-2.099999999999999 0.1 1.8
-2.099999999999999 0.1 1.9000000000000001
-2.099999999999999 0.1 2.0
-2.099999999999999 0.1 2.1
-2.099999999999999 0.1 2.2
-2.099999999999999 0.1 2.3000000000000003
-2.099999999999999 0.1 2.4000000000000004
-2.099999999999999 0.1 2.5
-2.099999999999999 0.20000000000000004 0.0
-2.099999999999999 0.20000000000000004 0.1
-2.099999999999999 0.20000000000000004 0.2
-2.099999999999999 0.20000000000000004 0.30000000000000004
-2.099999999999999 0.20000000000000004 0.4
-2.099999999999999 0.20000000000000004 0.5
-2.099999999999999 0.20000000000000004 0.6000000000000001
-2.099999999999999 0.20000000000000004 0.7000000000000001
-2.099999999999999 0.20000000000000004 0.8
-2.099999999999999 0.20000000000000004 0.9
-2.099999999999999 0.20000000000000004 1.0
-2.099999999999999 0.20000000000000004 1.1
-2.099999999999999 0.20000000000000004 1.2000000000000002
-2.099999999999999 0.20000000000000004 1.3
-2.099999999999999 0.20000000000000004 1.4000000000000001
-2.099999999999999 0.20000000000000004 1.5
-2.099999999999999 0.20000000000000004 1.6
-2.099999999999999 0.20000000000000004 1.7000000000000002
-2.099999999999999 0.20000000000000004 1.8
-2.099999999999999 0.20000000000000004 1.9000000000000001
-2.099999999999999 0.20000000000000004 2.0
-2.099999999999999 0.20000000000000004 2.1
-2.099999999999999 0.20000000000000004 2.2
-2.099999999999999 0.20000000000000004 2.3000000000000003
-2.099999999999999 0.20000000000000004 2.4000000000000004
-2.099999999999999 0.20000000000000004 2.5
-1.9999999999999991 -0.1 0.0
-1.9999999999999991 -0.1 0.1
-1.9999999999999991 -0.1 0.2
-1.9999999999999991 -0.1 0.30000000000000004
-1.9999999999999991 -0.1 0.4
-1.9999999999999991 -0.1 0.5
-1.9999999999999991 -0.1 0.6000000000000001
-1.9999999999999991 -0.1 0.7000000000000001
-1.9999999999999991 -0.1 0.8
-1.9999999999999991 -0.1 0.9
-1.9999999999999991 -0.1 1.0
-1.9999999999999991 -0.1 1.1
-1.9999999999999991 -0.1 1.2000000000000002
-1.9999999999999991 -0.1 1.3
-1.9999999999999991 -0.1 1.4000000000000001
-1.9999999999999991 -0.1 1.5
-1.9999999999999991 -0.1 1.6
-1.9999999999999991 -0.1 1.7000000000000002
-1.9999999999999991 -0.1 1.8
-1.9999999999999991 -0.1 1.9000000000000001
-1.9999999999999991 -0.1 2.0
-1.9999999999999991 -0.1 2.1
-1.9999999999999991 -0.1 2.2
-1.9999999999999991 -0.1 2.3000000000000003
-1.9999999999999991 -0.1 2.4000000000000004
-1.9999999999999991 -0.1 2.5
-1.9999999999999991 0.0 0.0
-1.9999999999999991 0.0 0.1
-1.9999999999999991 0.0 0.2
-1.9999999999999991 0.0 0.30000000000000004
-1.9999999999999991 0.0 0.4
-1.9999999999999991 0.0 0.5
-1.9999999999999991 0.0 0.6000000000000001
-1.9999999999999991 0.0 0.7000000000000001
-1.9999999999999991 0.0 0.8
-1.9999999999999991 0.0 0.9
-1.9999999999999991 0.0 1.0
-1.9999999999999991 0.0 1.1
-1.9999999999999991 0.0 1.2000000000000002
-1.9999999999999991 0.0 1.3
-1.9999999999999991 0.0 1.4000000000000001
-1.9999999999999991 0.0 1.5
-1.9999999999999991 0.0 1.6
-1.9999999999999991 0.0 1.7000000000000002
-1.9999999999999991 0.0 1.8
-1.9999999999999991 0.0 1.9000000000000001
-1.9999999999999991 0.0 2.0
-1.9999999999999991 0.0 2.1
-1.9999999999999991 0.0 2.2
-1.9999999999999991 0.0 2.3000000000000003
-1.9999999999999991 0.0 2.4000000000000004
-1.9999999999999991 0.0 2.5
-1.9999999999999991 0.1 0.0
-1.9999999999999991 0.1 0.1
-1.9999999999999991 0.1 0.2
-1.9999999999999991 0.1 0.30000000000000004
-1.9999999999999991 0.1 0.4
-1.9999999999999991 0.1 0.5
-1.9999999999999991 0.1 0.6000000000000001
-1.9999999999999991 0.1 0.7000000000000001
-1.9999999999999991 0.1 0.8
-1.9999999999999991 0.1 0.9
-1.9999999999999991 0.1 1.0
-1.9999999999999991 0.1 1.1
-1.9999999999999991 0.1 1.2000000000000002
-1.9999999999999991 0.1 1.3
-1.9999999999999991 0.1 1.4000000000000001
-1.9999999999999991 0.1 1.5
-1.9999999999999991 0.1 1.6
-1.9999999999999991 0.1 1.7000000000000002
-1.9999999999999991 0.1 1.8
-1.9999999999999991 0.1 1.9000000000000001
-1.9999999999999991 0.1 2.0
-1.9999999999999991 0.1 2.1
-1.9999999999999991 0.1 2.2
-1.9999999999999991 0.1 2.3000000000000003
-1.9999999999999991 0.1 2.4000000000000004
-1.9999999999999991 0.1 2.5
-1.9999999999999991 0.20000000000000004 0.0
-1.9999999999999991 0.20000000000000004 0.1
-1.9999999999999991 0.20000000000000004 0.2
-1.9999999999999991 0.20000000000000004 0.30000000000000004
-1.9999999999999991 0.20000000000000004 0.4
-1.9999999999999991 0.20000000000000004 0.5
-1.9999999999999991 0.20000000000000004 0.6000000000000001
-1.9999999999999991 0.20000000000000004 0.7000000000000001
-1.9999999999999991 0.20000000000000004 0.8
-1.9999999999999991 0.20000000000000004 0.9
-1.9999999999999991 0.20000000000000004 1.0
-1.9999999999999991 0.20000000000000004 1.1
-1.9999999999999991 0.20000000000000004 1.2000000000000002
-1.9999999999999991 0.20000000000000004 1.3
-1.9999999999999991 0.20000000000000004 1.4000000000000001
-1.9999999999999991 0.20000000000000004 1.5
-1.9999999999999991 0.20000000000000004 1.6
-1.9999999999999991 0.20000000000000004 1.7000000000000002
-1.9999999999999991 0.20000000000000004 1.8
-1.9999999999999991 0.20000000000000004 1.9000000000000001
-1.9999999999999991 0.20000000000000004 2.0
-1.9999999999999991 0.20000000000000004 2.1
-1.9999999999999991 0.20000000000000004 2.2
-1.9999999999999991 0.20000000000000004 2.3000000000000003
-1.9999999999999991 0.20000000000000004 2.4000000000000004
-1.9999999999999991 0.20000000000000004 2.5
-1.899999999999999 -0.1 0.0
-1.899999999999999 -0.1 0.1
-1.899999999999999 -0.1 0.2
-1.899999999999999 -0.1 0.30000000000000004
-1.899999999999999 -0.1 0.4
-1.899999999999999 -0.1 0.5
-1.899999999999999 -0.1 0.6000000000000001
-1.899999999999999 -0.1 0.7000000000000001
-1.899999999999999 -0.1 0.8
-1.899999999999999 -0.1 0.9
-1.899999999999999 -0.1 1.0
-1.899999999999999 -0.1 1.1
-1.899999999999999 -0.1 1.2000000000000002
-1.899999999999999 -0.1 1.3
-1.899999999999999 -0.1 1.4000000000000001
-1.899999999999999 -0.1 1.5
-1.899999999999999 -0.1 1.6
-1.899999999999999 -0.1 1.7000000000000002
-1.899999999999999 -0.1 1.8
-1.899999999999999 -0.1 1.9000000000000001
-1.899999999999999 -0.1 2.0
-1.899999999999999 -0.1 2.1
-1.899999999999999 -0.1 2.2
-1.899999999999999 -0.1 2.3000000000000003
-1.899999999999999 -0.1 2.4000000000000004
-1.899999999999999 -0.1 2.5
-1.899999999999999 0.0 0.0
-1.899999999999999 0.0 0.1
-1.899999999999999 0.0 0.2
-1.899999999999999 0.0 0.30000000000000004
-1.899999999999999 0.0 0.4
-1.899999999999999 0.0 0.5
-1.899999999999999 0.0 0.6000000000000001
-1.899999999999999 0.0 0.7000000000000001
-1.899999999999999 0.0 0.8
-1.899999999999999 0.0 0.9
-1.899999999999999 0.0 1.0
-1.899999999999999 0.0 1.1
-1.899999999999999 0.0 1.2000000000000002
-1.899999999999999 0.0 1.3
-1.899999999999999 0.0 1.4000000000000001
-1.899999999999999 0.0 1.5
-1.899999999999999 0.0 1.6
-1.899999999999999 0.0 1.7000000000000002
-1.899999999999999 0.0 1.8
-1.899999999999999 0.0 1.9000000000000001
-1.899999999999999 0.0 2.0
-1.899999999999999 0.0 2.1
-1.899999999999999 0.0 2.2
-1.899999999999999 0.0 2.3000000000000003
-1.899999999999999 0.0 2.4000000000000004
-1.899999999999999 0.0 2.5
-1.899999999999999 0.1 0.0
-1.899999999999999 0.1 0.1
-1.899999999999999 0.1 0.2
-1.899999999999999 0.1 0.30000000000000004
-1.899999999999999 0.1 0.4
-1.899999999999999 0.1 0.5
-1.899999999999999 0.1 0.6000000000000001
-1.899999999999999 0.1 0.7000000000000001
-1.899999999999999 0.1 0.8
-1.899999999999999 0.1 0.9
-1.899999999999999 0.1 1.0
-1.899999999999999 0.1 1.1
-1.899999999999999 0.1 1.2000000000000002
-1.899999999999999 0.1 1.3
-1.899999999999999 0.1 1.4000000000000001
-1.899999999999999 0.1 1.5
-1.899999999999999 0.1 1.6
-1.899999999999999 0.1 1.7000000000000002
-1.899999999999999 0.1 1.8
-1.899999999999999 0.1 1.9000000000000001
-1.899999999999999 0.1 2.0
-1.899999999999999 0.1 2.1
-1.899999999999999 0.1 2.2
-1.899999999999999 0.1 2.3000000000000003
-1.899999999999999 0.1 2.4000000000000004
-1.899999999999999 0.1 2.5
-1.899999999999999 0.20000000000000004 0.0
-1.899999999999999 0.20000000000000004 0.1
-1.899999999999999 0.20000000000000004 0.2
-1.899999999999999 0.20000000000000004 0.30000000000000004
-1.899999999999999 0.20000000000000004 0.4
-1.899999999999999 0.20000000000000004 0.5
-1.899999999999999 0.20000000000000004 0.6000000000000001
-1.899999999999999 0.20000000000000004 0.7000000000000001
-1.899999999999999 0.20000000000000004 0.8
-1.899999999999999 0.20000000000000004 0.9
-1.899999999999999 0.20000000000000004 1.0
-1.899999999999999 0.20000000000000004 1.1
-1.899999999999999 0.20000000000000004 1.2000000000000002
-1.899999999999999 0.20000000000000004 1.3
-1.899999999999999 0.20000000000000004 1.4000000000000001
-1.899999999999999 0.20000000000000004 1.5
-1.899999999999999 0.20000000000000004 1.6
-1.899999999999999 0.20000000000000004 1.7000000000000002
-1.899999999999999 0.20000000000000004 1.8
-1.899999999999999 0.20000000000000004 1.9000000000000001
-1.899999999999999 0.20000000000000004 2.0
-1.899999999999999 0.20000000000000004 2.1
-1.899999999999999 0.20000000000000004 2.2
-1.899999999999999 0.20000000000000004 2.3000000000000003
-1.899999999999999 0.20000000000000004 2.4000000000000004
-1.899999999999999 0.20000000000000004 2.5
-1.799999999999999 -0.1 0.0
-1.799999999999999 -0.1 0.1
-1.799999999999999 -0.1 0.2
-1.799999999999999 -0.1 0.30000000000000004
-1.799999999999999 -0.1 0.4
-1.799999999999999 -0.1 0.5
-1.799999999999999 -0.1 0.6000000000000001
-1.799999999999999 -0.1 0.7000000000000001
-1.799999999999999 -0.1 0.8
-1.799999999999999 -0.1 0.9
-1.799999999999999 -0.1 1.0
-1.799999999999999 -0.1 1.1
-1.799999999999999 -0.1 1.2000000000000002
-1.799999999999999 -0.1 1.3
-1.799999999999999 -0.1 1.4000000000000001
-1.799999999999999 -0.1 1.5
-1.799999999999999 -0.1 1.6
-1.799999999999999 -0.1 1.7000000000000002
-1.799999999999999 -0.1 1.8
-1.799999999999999 -0.1 1.9000000000000001
-1.799999999999999 -0.1 2.0
-1.799999999999999 -0.1 2.1
-1.799999999999999 -0.1 2.2
-1.799999999999999 -0.1 2.3000000000000003
-1.799999999999999 -0.1 2.4000000000000004
-1.799999999999999 -0.1 2.5
-1.799999999999999 0.0 0.0
-1.799999999999999 0.0 0.1
-1.799999999999999 0.0 0.2
-1.799999999999999 0.0 0.30000000000000004
-1.799999999999999 0.0 0.4
-1.799999999999999 0.0 0.5
-1.799999999999999 0.0 0.6000000000000001
-1.799999999999999 0.0 0.7000000000000001
-1.799999999999999 0.0 0.8
-1.799999999999999 0.0 0.9
-1.799999999999999 0.0 1.0
-1.799999999999999 0.0 1.1
-1.799999999999999 0.0 1.2000000000000002
-1.799999999999999 0.0 1.3
-1.799999999999999 0.0 1.4000000000000001
-1.799999999999999 0.0 1.5
-1.799999999999999 0.0 1.6
-1.799999999999999 0.0 1.7000000000000002
-1.799999999999999 0.0 1.8
-1.799999999999999 0.0 1.9000000000000001
-1.799999999999999 0.0 2.0
-1.799999999999999 0.0 2.1
-1.799999999999999 0.0 2.2
-1.799999999999999 0.0 2.3000000000000003
-1.799999999999999 0.0 2.4000000000000004
-1.799999999999999 0.0 2.5
-1.799999999999999 0.1 0.0
-1.799999999999999 0.1 0.1
-1.799999999999999 0.1 0.2
-1.799999999999999 0.1 0.30000000000000004
-1.799999999999999 0.1 0.4
-1.799999999999999 0.1 0.5
-1.799999999999999 0.1 0.6000000000000001
-1.799999999999999 0.1 0.7000000000000001
-1.799999999999999 0.1 0.8
-1.799999999999999 0.1 0.9
-1.799999999999999 0.1 1.0
-1.799999999999999 0.1 1.1
-1.799999999999999 0.1 1.2000000000000002
-1.799999999999999 0.1 1.3
-1.799999999999999 0.1 1.4000000000000001
-1.799999999999999 0.1 1.5
-1.799999999999999 0.1 1.6
-1.799999999999999 0.1 1.7000000000000002
-1.799999999999999 0.1 1.8
-1.799999999999999 0.1 1.9000000000000001
-1.799999999999999 0.1 2.0
-1.799999999999999 0.1 2.1
-1.799999999999999 0.1 2.2
-1.799999999999999 0.1 2.3000000000000003
-1.799999999999999 0.1 2.4000000000000004
-1.799999999999999 0.1 2.5
-1.799999999999999 0.20000000000000004 0.0
-1.799999999999999 0.20000000000000004 0.1
-1.799999999999999 0.20000000000000004 0.2
-1.799999999999999 0.20000000000000004 0.30000000000000004
-1.799999999999999 0.20000000000000004 0.4
-1.799999999999999 0.20000000000000004 0.5
-1.799999999999999 0.20000000000000004 0.6000000000000001
-1.799999999999999 0.20000000000000004 0.7000000000000001
-1.799999999999999 0.20000000000000004 0.8
-1.799999999999999 0.20000000000000004 0.9
-1.799999999999999 0.20000000000000004 1.0
-1.799999999999999 0.20000000000000004 1.1
-1.799999999999999 0.20000000000000004 1.2000000000000002
-1.799999999999999 0.20000000000000004 1.3
-1.799999999999999 0.20000000000000004 1.4000000000000001
-1.799999999999999 0.20000000000000004 1.5
-1.799999999999999 0.20000000000000004 1.6
-1.799999999999999 0.20000000000000004 1.7000000000000002
-1.799999999999999 0.20000000000000004 1.8
-1.799999999999999 0.20000000000000004 1.9000000000000001
-1.799999999999999 0.20000000000000004 2.0
-1.799999999999999 0.20000000000000004 2.1
-1.799999999999999 0.20000000000000004 2.2
-1.799999999999999 0.20000000000000004 2.3000000000000003
-1.799999999999999 0.20000000000000004 2.4000000000000004
-1.799999999999999 0.20000000000000004 2.5
-1.6999999999999988 -0.1 0.0
-1.6999999999999988 -0.1 0.1
-1.6999999999999988 -0.1 0.2
-1.6999999999999988 -0.1 0.30000000000000004
-1.6999999999999988 -0.1 0.4
-1.6999999999999988 -0.1 0.5
-1.6999999999999988 -0.1 0.6000000000000001
-1.6999999999999988 -0.1 0.7000000000000001
-1.6999999999999988 -0.1 0.8
-1.6999999999999988 -0.1 0.9
-1.6999999999999988 -0.1 1.0
-1.6999999999999988 -0.1 1.1
-1.6999999999999988 -0.1 1.2000000000000002
-1.6999999999999988 -0.1 1.3
-1.6999999999999988 -0.1 1.4000000000000001
-1.6999999999999988 -0.1 1.5
-1.6999999999999988 -0.1 1.6
-1.6999999999999988 -0.1 1.7000000000000002
-1.6999999999999988 -0.1 1.8
-1.6999999999999988 -0.1 1.9000000000000001
-1.6999999999999988 -0.1 2.0
-1.6999999999999988 -0.1 2.1
-1.6999999999999988 -0.1 2.2
-1.6999999999999988 -0.1 2.3000000000000003
-1.6999999999999988 -0.1 2.4000000000000004
-1.6999999999999988 -0.1 2.5
-1.6999999999999988 0.0 0.0
-1.6999999999999988 0.0 0.1
-1.6999999999999988 0.0 0.2
-1.6999999999999988 0.0 0.30000000000000004
-1.6999999999999988 0.0 0.4
-1.6999999999999988 0.0 0.5
-1.6999999999999988 0.0 0.6000000000000001
-1.6999999999999988 0.0 0.7000000000000001
-1.6999999999999988 0.0 0.8
-1.6999999999999988 0.0 0.9
-1.6999999999999988 0.0 1.0
-1.6999999999999988 0.0 1.1
-1.6999999999999988 0.0 1.2000000000000002
-1.6999999999999988 0.0 1.3
-1.6999999999999988 0.0 1.4000000000000001
-1.6999999999999988 0.0 1.5
-1.6999999999999988 0.0 1.6
-1.6999999999999988 0.0 1.7000000000000002
-1.6999999999999988 0.0 1.8
-1.6999999999999988 0.0 1.9000000000000001
-1.6999999999999988 0.0 2.0
-1.6999999999999988 0.0 2.1
-1.6999999999999988 0.0 2.2
-1.6999999999999988 0.0 2.3000000000000003
-1.6999999999999988 0.0 2.4000000000000004
-1.6999999999999988 0.0 2.5
-1.6999999999999988 0.1 0.0
-1.6999999999999988 0.1 0.1
-1.6999999999999988 0.1 0.2
-1.6999999999999988 0.1 0.30000000000000004
-1.6999999999999988 0.1 0.4
-1.6999999999999988 0.1 0.5
-1.6999999999999988 0.1 0.6000000000000001
-1.6999999999999988 0.1 0.7000000000000001
-1.6999999999999988 0.1 0.8
-1.6999999999999988 0.1 0.9
-1.6999999999999988 0.1 1.0
-1.6999999999999988 0.1 1.1
-1.6999999999999988 0.1 1.2000000000000002
-1.6999999999999988 0.1 1.3
-1.6999999999999988 0.1 1.4000000000000001
-1.6999999999999988 0.1 1.5
-1.6999999999999988 0.1 1.6
-1.6999999999999988 0.1 1.7000000000000002
-1.6999999999999988 0.1 1.8
-1.6999999999999988 0.1 1.9000000000000001
-1.6999999999999988 0.1 2.0
-1.6999999999999988 0.1 2.1
-1.6999999999999988 0.1 2.2
-1.6999999999999988 0.1 2.3000000000000003
-1.6999999999999988 0.1 2.4000000000000004
-1.6999999999999988 0.1 2.5
-1.6999999999999988 0.20000000000000004 0.0
-1.6999999999999988 0.20000000000000004 0.1
-1.6999999999999988 0.20000000000000004 0.2
-1.6999999999999988 0.20000000000000004 0.30000000000000004
-1.6999999999999988 0.20000000000000004 0.4
-1.6999999999999988 0.20000000000000004 0.5
-1.6999999999999988 0.20000000000000004 0.6000000000000001
-1.6999999999999988 0.20000000000000004 0.7000000000000001
-1.6999999999999988 0.20000000000000004 0.8
-1.6999999999999988 0.20000000000000004 0.9
-1.6999999999999988 0.20000000000000004 1.0
-1.6999999999999988 0.20000000000000004 1.1
-1.6999999999999988 0.20000000000000004 1.2000000000000002
-1.6999999999999988 0.20000000000000004 1.3
-1.6999999999999988 0.20000000000000004 1.4000000000000001
-1.6999999999999988 0.20000000000000004 1.5
-1.6999999999999988 0.20000000000000004 1.6
-1.6999999999999988 0.20000000000000004 1.7000000000000002
-1.6999999999999988 0.20000000000000004 1.8
-1.6999999999999988 0.20000000000000004 1.9000000000000001
-1.6999999999999988 0.20000000000000004 2.0
-1.6999999999999988 0.20000000000000004 2.1
-1.6999999999999988 0.20000000000000004 2.2
-1.6999999999999988 0.20000000000000004 2.3000000000000003
-1.6999999999999988 0.20000000000000004 2.4000000000000004
-1.6999999999999988 0.20000000000000004 2.5
-1.5999999999999988 -0.1 0.0
-1.5999999999999988 -0.1 0.1
-1.5999999999999988 -0.1 0.2
-1.5999999999999988 -0.1 0.30000000000000004
-1.5999999999999988 -0.1 0.4
-1.5999999999999988 -0.1 0.5
-1.5999999999999988 -0.1 0.6000000000000001
-1.5999999999999988 -0.1 0.7000000000000001
-1.5999999999999988 -0.1 0.8
-1.5999999999999988 -0.1 0.9
-1.5999999999999988 -0.1 1.0
-1.5999999999999988 -0.1 1.1
-1.5999999999999988 -0.1 1.2000000000000002
-1.5999999999999988 -0.1 1.3
-1.5999999999999988 -0.1 1.4000000000000001
-1.5999999999999988 -0.1 1.5
-1.5999999999999988 -0.1 1.6
-1.5999999999999988 -0.1 1.7000000000000002
-1.5999999999999988 -0.1 1.8
-1.5999999999999988 -0.1 1.9000000000000001
-1.5999999999999988 -0.1 2.0
-1.5999999999999988 -0.1 2.1
-1.5999999999999988 -0.1 2.2
-1.5999999999999988 -0.1 2.3000000000000003
-1.5999999999999988 -0.1 2.4000000000000004
-1.5999999999999988 -0.1 2.5
-1.5999999999999988 0.0 0.0
-1.5999999999999988 0.0 0.1
-1.5999999999999988 0.0 0.2
-1.5999999999999988 0.0 0.30000000000000004
-1.5999999999999988 0.0 0.4
-1.5999999999999988 0.0 0.5
-1.5999999999999988 0.0 0.6000000000000001
-1.5999999999999988 0.0 0.7000000000000001
-1.5999999999999988 0.0 0.8
-1.5999999999999988 0.0 0.9
-1.5999999999999988 0.0 1.0
-1.5999999999999988 0.0 1.1
-1.5999999999999988 0.0 1.2000000000000002
-1.5999999999999988 0.0 1.3
-1.5999999999999988 0.0 1.4000000000000001
-1.5999999999999988 0.0 1.5
-1.5999999999999988 0.0 1.6
-1.5999999999999988 0.0 1.7000000000000002
-1.5999999999999988 0.0 1.8
-1.5999999999999988 0.0 1.9000000000000001
-1.5999999999999988 0.0 2.0
-1.5999999999999988 0.0 2.1
-1.5999999999999988 0.0 2.2
-1.5999999999999988 0.0 2.3000000000000003
-1.5999999999999988 0.0 2.4000000000000004
-1.5999999999999988 0.0 2.5
-1.5999999999999988 0.1 0.0
-1.5999999999999988 0.1 0.1
-1.5999999999999988 0.1 0.2
-1.5999999999999988 0.1 0.30000000000000004
-1.5999999999999988 0.1 0.4
-1.5999999999999988 0.1 0.5
-1.5999999999999988 0.1 0.6000000000000001
-1.5999999999999988 0.1 0.7000000000000001
-1.5999999999999988 0.1 0.8
-1.5999999999999988 0.1 0.9
-1.5999999999999988 0.1 1.0
-1.5999999999999988 0.1 1.1
-1.5999999999999988 0.1 1.2000000000000002
-1.5999999999999988 0.1 1.3
-1.5999999999999988 0.1 1.4000000000000001
-1.5999999999999988 0.1 1.5
-1.5999999999999988 0.1 1.6
-1.5999999999999988 0.1 1.7000000000000002
-1.5999999999999988 0.1 1.8
-1.5999999999999988 0.1 1.9000000000000001
-1.5999999999999988 0.1 2.0
-1.5999999999999988 0.1 2.1
-1.5999999999999988 0.1 2.2
-1.5999999999999988 0.1 2.3000000000000003
-1.5999999999999988 0.1 2.4000000000000004
-1.5999999999999988 0.1 2.5
-1.5999999999999988 0.20000000000000004 0.0
-1.5999999999999988 0.20000000000000004 0.1
-1.5999999999999988 0.20000000000000004 0.2
-1.5999999999999988 0.20000000000000004 0.30000000000000004
-1.5999999999999988 0.20000000000000004 0.4
-1.5999999999999988 0.20000000000000004 0.5
-1.5999999999999988 0.20000000000000004 0.6000000000000001
-1.5999999999999988 0.20000000000000004 0.7000000000000001
-1.5999999999999988 0.20000000000000004 0.8
-1.5999999999999988 0.20000000000000004 0.9
-1.5999999999999988 0.20000000000000004 1.0
-1.5999999999999988 0.20000000000000004 1.1
-1.5999999999999988 0.20000000000000004 1.2000000000000002
-1.5999999999999988 0.20000000000000004 1.3
-1.5999999999999988 0.20000000000000004 1.4000000000000001
-1.5999999999999988 0.20000000000000004 1.5
-1.5999999999999988 0.20000000000000004 1.6
-1.5999999999999988 0.20000000000000004 1.7000000000000002
-1.5999999999999988 0.20000000000000004 1.8
-1.5999999999999988 0.20000000000000004 1.9000000000000001
-1.5999999999999988 0.20000000000000004 2.0
-1.5999999999999988 0.20000000000000004 2.1
-1.5999999999999988 0.20000000000000004 2.2
-1.5999999999999988 0.20000000000000004 2.3000000000000003
-1.5999999999999988 0.20000000000000004 2.4000000000000004
-1.5999999999999988 0.20000000000000004 2.5
-1.4999999999999987 -0.1 0.0
-1.4999999999999987 -0.1 0.1
-1.4999999999999987 -0.1 0.2
-1.4999999999999987 -0.1 0.30000000000000004
-1.4999999999999987 -0.1 0.4
-1.4999999999999987 -0.1 0.5
-1.4999999999999987 -0.1 0.6000000000000001
-1.4999999999999987 -0.1 0.7000000000000001
-1.4999999999999987 -0.1 0.8
-1.4999999999999987 -0.1 0.9
-1.4999999999999987 -0.1 1.0
-1.4999999999999987 -0.1 1.1
-1.4999999999999987 -0.1 1.2000000000000002
-1.4999999999999987 -0.1 1.3
-1.4999999999999987 -0.1 1.4000000000000001
-1.4999999999999987 -0.1 1.5
-1.4999999999999987 -0.1 1.6
-1.4999999999999987 -0.1 1.7000000000000002
-1.4999999999999987 -0.1 1.8
-1.4999999999999987 -0.1 1.9000000000000001
-1.4999999999999987 -0.1 2.0
-1.4999999999999987 -0.1 2.1
-1.4999999999999987 -0.1 2.2
-1.4999999999999987 -0.1 2.3000000000000003
-1.4999999999999987 -0.1 2.4000000000000004
-1.4999999999999987 -0.1 2.5
-1.4999999999999987 0.0 0.0
-1.4999999999999987 0.0 0.1
-1.4999999999999987 0.0 0.2
-1.4999999999999987 0.0 0.30000000000000004
-1.4999999999999987 0.0 0.4
-1.4999999999999987 0.0 0.5
-1.4999999999999987 0.0 0.6000000000000001
-1.4999999999999987 0.0 0.7000000000000001
-1.4999999999999987 0.0 0.8
-1.4999999999999987 0.0 0.9
-1.4999999999999987 0.0 1.0
-1.4999999999999987 0.0 1.1
-1.4999999999999987 0.0 1.2000000000000002
-1.4999999999999987 0.0 1.3
-1.4999999999999987 0.0 1.4000000000000001
-1.4999999999999987 0.0 1.5
-1.4999999999999987 0.0 1.6
-1.4999999999999987 0.0 1.7000000000000002
-1.4999999999999987 0.0 1.8
-1.4999999999999987 0.0 1.9000000000000001
-1.4999999999999987 0.0 2.0
-1.4999999999999987 0.0 2.1
-1.4999999999999987 0.0 2.2
-1.4999999999999987 0.0 2.3000000000000003
-1.4999999999999987 0.0 2.4000000000000004
-1.4999999999999987 0.0 2.5
-1.4999999999999987 0.1 0.0
-1.4999999999999987 0.1 0.1
-1.4999999999999987 0.1 0.2
-1.4999999999999987 0.1 0.30000000000000004
-1.4999999999999987 0.1 0.4
-1.4999999999999987 0.1 0.5
-1.4999999999999987 0.1 0.6000000000000001
-1.4999999999999987 0.1 0.7000000000000001
-1.4999999999999987 0.1 0.8
-1.4999999999999987 0.1 0.9
-1.4999999999999987 0.1 1.0
-1.4999999999999987 0.1 1.1
-1.4999999999999987 0.1 1.2000000000000002
-1.4999999999999987 0.1 1.3
-1.4999999999999987 0.1 1.4000000000000001
-1.4999999999999987 0.1 1.5
-1.4999999999999987 0.1 1.6
-1.4999999999999987 0.1 1.7000000000000002
-1.4999999999999987 0.1 1.8
-1.4999999999999987 0.1 1.9000000000000001
-1.4999999999999987 0.1 2.0
-1.4999999999999987 0.1 2.1
-1.4999999999999987 0.1 2.2
-1.4999999999999987 0.1 2.3000000000000003
-1.4999999999999987 0.1 2.4000000000000004
-1.4999999999999987 0.1 2.5
-1.4999999999999987 0.20000000000000004 0.0
-1.4999999999999987 0.20000000000000004 0.1
-1.4999999999999987 0.20000000000000004 0.2
-1.4999999999999987 0.20000000000000004 0.30000000000000004
-1.4999999999999987 0.20000000000000004 0.4
-1.4999999999999987 0.20000000000000004 0.5
-1.4999999999999987 0.20000000000000004 0.6000000000000001
-1.4999999999999987 0.20000000000000004 0.7000000000000001
-1.4999999999999987 0.20000000000000004 0.8
-1.4999999999999987 0.20000000000000004 0.9
-1.4999999999999987 0.20000000000000004 1.0
-1.4999999999999987 0.20000000000000004 1.1
-1.4999999999999987 0.20000000000000004 1.2000000000000002
-1.4999999999999987 0.20000000000000004 1.3
-1.4999999999999987 0.20000000000000004 1.4000000000000001
-1.4999999999999987 0.20000000000000004 1.5
-1.4999999999999987 0.20000000000000004 1.6
-1.4999999999999987 0.20000000000000004 1.7000000000000002
-1.4999999999999987 0.20000000000000004 1.8
-1.4999999999999987 0.20000000000000004 1.9000000000000001
-1.4999999999999987 0.20000000000000004 2.0
-1.4999999999999987 0.20000000000000004 2.1
-1.4999999999999987 0.20000000000000004 2.2
-1.4999999999999987 0.20000000000000004 2.3000000000000003
-1.4999999999999987 0.20000000000000004 2.4000000000000004
-1.4999999999999987 0.20000000000000004 2.5
-1.3999999999999986 -0.1 0.0
-1.3999999999999986 -0.1 0.1
-1.3999999999999986 -0.1 0.2
-1.3999999999999986 -0.1 0.30000000000000004
-1.3999999999999986 -0.1 0.4
-1.3999999999999986 -0.1 0.5
-1.3999999999999986 -0.1 0.6000000000000001
-1.3999999999999986 -0.1 0.7000000000000001
-1.3999999999999986 -0.1 0.8
-1.3999999999999986 -0.1 0.9
-1.3999999999999986 -0.1 1.0
-1.3999999999999986 -0.1 1.1
-1.3999999999999986 -0.1 1.2000000000000002
-1.3999999999999986 -0.1 1.3
-1.3999999999999986 -0.1 1.4000000000000001
-1.3999999999999986 -0.1 1.5
-1.3999999999999986 -0.1 1.6
-1.3999999999999986 -0.1 1.7000000000000002
-1.3999999999999986 -0.1 1.8
-1.3999999999999986 -0.1 1.9000000000000001
-1.3999999999999986 -0.1 2.0
-1.3999999999999986 -0.1 2.1
-1.3999999999999986 -0.1 2.2
-1.3999999999999986 -0.1 2.3000000000000003
-1.3999999999999986 -0.1 2.4000000000000004
-1.3999999999999986 -0.1 2.5
-1.3999999999999986 0.0 0.0
-1.3999999999999986 0.0 0.1
-1.3999999999999986 0.0 0.2
-1.3999999999999986 0.0 0.30000000000000004
-1.3999999999999986 0.0 0.4
-1.3999999999999986 0.0 0.5
-1.3999999999999986 0.0 0.6000000000000001
-1.3999999999999986 0.0 0.7000000000000001
-1.3999999999999986 0.0 0.8
-1.3999999999999986 0.0 0.9
-1.3999999999999986 0.0 1.0
-1.3999999999999986 0.0 1.1
-1.3999999999999986 0.0 1.2000000000000002
-1.3999999999999986 0.0 1.3
-1.3999999999999986 0.0 1.4000000000000001
-1.3999999999999986 0.0 1.5
-1.3999999999999986 0.0 1.6
-1.3999999999999986 0.0 1.7000000000000002
-1.3999999999999986 0.0 1.8
-1.3999999999999986 0.0 1.9000000000000001
-1.3999999999999986 0.0 2.0
-1.3999999999999986 0.0 2.1
-1.3999999999999986 0.0 2.2
-1.3999999999999986 0.0 2.3000000000000003
-1.3999999999999986 0.0 2.4000000000000004
-1.3999999999999986 0.0 2.5
-1.3999999999999986 0.1 0.0
-1.3999999999999986 0.1 0.1
-1.3999999999999986 0.1 0.2
-1.3999999999999986 0.1 0.30000000000000004
-1.3999999999999986 0.1 0.4
-1.3999999999999986 0.1 0.5
-1.3999999999999986 0.1 0.6000000000000001
-1.3999999999999986 0.1 0.7000000000000001
-1.3999999999999986 0.1 0.8
-1.3999999999999986 0.1 0.9
-1.3999999999999986 0.1 1.0
-1.3999999999999986 0.1 1.1
-1.3999999999999986 0.1 1.2000000000000002
-1.3999999999999986 0.1 1.3
-1.3999999999999986 0.1 1.4000000000000001
-1.3999999999999986 0.1 1.5
-1.3999999999999986 0.1 1.6
-1.3999999999999986 0.1 1.7000000000000002
-1.3999999999999986 0.1 1.8
-1.3999999999999986 0.1 1.9000000000000001
-1.3999999999999986 0.1 2.0
-1.3999999999999986 0.1 2.1
-1.3999999999999986 0.1 2.2
-1.3999999999999986 0.1 2.3000000000000003
-1.3999999999999986 0.1 2.4000000000000004
-1.3999999999999986 0.1 2.5
-1.3999999999999986 0.20000000000000004 0.0
-1.3999999999999986 0.20000000000000004 0.1
-1.3999999999999986 0.20000000000000004 0.2
-1.3999999999999986 0.20000000000000004 0.30000000000000004
-1.3999999999999986 0.20000000000000004 0.4
-1.3999999999999986 0.20000000000000004 0.5
-1.3999999999999986 0.20000000000000004 0.6000000000000001
-1.3999999999999986 0.20000000000000004 0.7000000000000001
-1.3999999999999986 0.20000000000000004 0.8
-1.3999999999999986 0.20000000000000004 0.9
-1.3999999999999986 0.20000000000000004 1.0
-1.3999999999999986 0.20000000000000004 1.1
-1.3999999999999986 0.20000000000000004 1.2000000000000002
-1.3999999999999986 0.20000000000000004 1.3
-1.3999999999999986 0.20000000000000004 1.4000000000000001
-1.3999999999999986 0.20000000000000004 1.5
-1.3999999999999986 0.20000000000000004 1.6
-1.3999999999999986 0.20000000000000004 1.7000000000000002
-1.3999999999999986 0.20000000000000004 1.8
-1.3999999999999986 0.20000000000000004 1.9000000000000001
-1.3999999999999986 0.20000000000000004 2.0
-1.3999999999999986 0.20000000000000004 2.1
-1.3999999999999986 0.20000000000000004 2.2
-1.3999999999999986 0.20000000000000004 2.3000000000000003
-1.3999999999999986 0.20000000000000004 2.4000000000000004
-1.3999999999999986 0.20000000000000004 2.5
-1.2999999999999985 -0.1 0.0
-1.2999999999999985 -0.1 0.1
-1.2999999999999985 -0.1 0.2
-1.2999999999999985 -0.1 0.30000000000000004
-1.2999999999999985 -0.1 0.4
-1.2999999999999985 -0.1 0.5
-1.2999999999999985 -0.1 0.6000000000000001
-1.2999999999999985 -0.1 0.7000000000000001
-1.2999999999999985 -0.1 0.8
-1.2999999999999985 -0.1 0.9
-1.2999999999999985 -0.1 1.0
-1.2999999999999985 -0.1 1.1
-1.2999999999999985 -0.1 1.2000000000000002
-1.2999999999999985 -0.1 1.3
-1.2999999999999985 -0.1 1.4000000000000001
-1.2999999999999985 -0.1 1.5
-1.2999999999999985 -0.1 1.6
-1.2999999999999985 -0.1 1.7000000000000002
-1.2999999999999985 -0.1 1.8
-1.2999999999999985 -0.1 1.9000000000000001
-1.2999999999999985 -0.1 2.0
-1.2999999999999985 -0.1 2.1
-1.2999999999999985 -0.1 2.2
-1.2999999999999985 -0.1 2.3000000000000003
-1.2999999999999985 -0.1 2.4000000000000004
-1.2999999999999985 -0.1 2.5
-1.2999999999999985 0.0 0.0
-1.2999999999999985 0.0 0.1
-1.2999999999999985 0.0 0.2
-1.2999999999999985 0.0 0.30000000000000004
-1.2999999999999985 0.0 0.4
-1.2999999999999985 0.0 0.5
-1.2999999999999985 0.0 0.6000000000000001
-1.2999999999999985 0.0 0.7000000000000001
-1.2999999999999985 0.0 0.8
-1.2999999999999985 0.0 0.9
-1.2999999999999985 0.0 1.0
-1.2999999999999985 0.0 1.1
-1.2999999999999985 0.0 1.2000000000000002
-1.2999999999999985 0.0 1.3
-1.2999999999999985 0.0 1.4000000000000001
-1.2999999999999985 0.0 1.5
-1.2999999999999985 0.0 1.6
-1.2999999999999985 0.0 1.7000000000000002
-1.2999999999999985 0.0 1.8
-1.2999999999999985 0.0 1.9000000000000001
-1.2999999999999985 0.0 2.0
-1.2999999999999985 0.0 2.1
-1.2999999999999985 0.0 2.2
-1.2999999999999985 0.0 2.3000000000000003
-1.2999999999999985 0.0 2.4000000000000004
-1.2999999999999985 0.0 2.5
-1.2999999999999985 0.1 0.0
-1.2999999999999985 0.1 0.1
-1.2999999999999985 0.1 0.2
-1.2999999999999985 0.1 0.30000000000000004
-1.2999999999999985 0.1 0.4
-1.2999999999999985 0.1 0.5
-1.2999999999999985 0.1 0.6000000000000001
-1.2999999999999985 0.1 0.7000000000000001
-1.2999999999999985 0.1 0.8
-1.2999999999999985 0.1 0.9
-1.2999999999999985 0.1 1.0
-1.2999999999999985 0.1 1.1
-1.2999999999999985 0.1 1.2000000000000002
-1.2999999999999985 0.1 1.3
-1.2999999999999985 0.1 1.4000000000000001
-1.2999999999999985 0.1 1.5
-1.2999999999999985 0.1 1.6
-1.2999999999999985 0.1 1.7000000000000002
-1.2999999999999985 0.1 1.8
-1.2999999999999985 0.1 1.9000000000000001
-1.2999999999999985 0.1 2.0
-1.2999999999999985 0.1 2.1
-1.2999999999999985 0.1 2.2
-1.2999999999999985 0.1 2.3000000000000003
-1.2999999999999985 0.1 2.4000000000000004
-1.2999999999999985 0.1 2.5
-1.2999999999999985 0.20000000000000004 0.0
-1.2999999999999985 0.20000000000000004 0.1
-1.2999999999999985 0.20000000000000004 0.2
-1.2999999999999985 0.20000000000000004 0.30000000000000004
-1.2999999999999985 0.20000000000000004 0.4
-1.2999999999999985 0.20000000000000004 0.5
-1.2999999999999985 0.20000000000000004 0.6000000000000001
-1.2999999999999985 0.20000000000000004 0.7000000000000001
-1.2999999999999985 0.20000000000000004 0.8
-1.2999999999999985 0.20000000000000004 0.9
-1.2999999999999985 0.20000000000000004 1.0
-1.2999999999999985 0.20000000000000004 1.1
-1.2999999999999985 0.20000000000000004 1.2000000000000002
-1.2999999999999985 0.20000000000000004 1.3
-1.2999999999999985 0.20000000000000004 1.4000000000000001
-1.2999999999999985 0.20000000000000004 1.5
-1.2999999999999985 0.20000000000000004 1.6
-1.2999999999999985 0.20000000000000004 1.7000000000000002
-1.2999999999999985 0.20000000000000004 1.8
-1.2999999999999985 0.20000000000000004 1.9000000000000001
-1.2999999999999985 0.20000000000000004 2.0
-1.2999999999999985 0.20000000000000004 2.1
-1.2999999999999985 0.20000000000000004 2.2
-1.2999999999999985 0.20000000000000004 2.3000000000000003
-1.2999999999999985 0.20000000000000004 2.4000000000000004
-1.2999999999999985 0.20000000000000004 2.5
-1.1999999999999984 -0.1 0.0
-1.1999999999999984 -0.1 0.1
-1.1999999999999984 -0.1 0.2
-1.1999999999999984 -0.1 0.30000000000000004
-1.1999999999999984 -0.1 0.4
-1.1999999999999984 -0.1 0.5
-1.1999999999999984 -0.1 0.6000000000000001
-1.1999999999999984 -0.1 0.7000000000000001
-1.1999999999999984 -0.1 0.8
-1.1999999999999984 -0.1 0.9
-1.1999999999999984 -0.1 1.0
-1.1999999999999984 -0.1 1.1
-1.1999999999999984 -0.1 1.2000000000000002
-1.1999999999999984 -0.1 1.3
-1.1999999999999984 -0.1 1.4000000000000001
-1.1999999999999984 -0.1 1.5
-1.1999999999999984 -0.1 1.6
-1.1999999999999984 -0.1 1.7000000000000002
-1.1999999999999984 -0.1 1.8
-1.1999999999999984 -0.1 1.9000000000000001
-1.1999999999999984 -0.1 2.0
-1.1999999999999984 -0.1 2.1
-1.1999999999999984 -0.1 2.2
-1.1999999999999984 -0.1 2.3000000000000003
-1.1999999999999984 -0.1 2.4000000000000004
-1.1999999999999984 -0.1 2.5
-1.1999999999999984 0.0 0.0
-1.1999999999999984 0.0 0.1
-1.1999999999999984 0.0 0.2
-1.1999999999999984 0.0 0.30000000000000004
-1.1999999999999984 0.0 0.4
-1.1999999999999984 0.0 0.5
-1.1999999999999984 0.0 0.6000000000000001
-1.1999999999999984 0.0 0.7000000000000001
-1.1999999999999984 0.0 0.8
-1.1999999999999984 0.0 0.9
-1.1999999999999984 0.0 1.0
-1.1999999999999984 0.0 1.1
-1.1999999999999984 0.0 1.2000000000000002
-1.1999999999999984 0.0 1.3
-1.1999999999999984 0.0 1.4000000000000001
-1.1999999999999984 0.0 1.5
-1.1999999999999984 0.0 1.6
-1.1999999999999984 0.0 1.7000000000000002
-1.1999999999999984 0.0 1.8
-1.1999999999999984 0.0 1.9000000000000001
-1.1999999999999984 0.0 2.0
-1.1999999999999984 0.0 2.1
-1.1999999999999984 0.0 2.2
-1.1999999999999984 0.0 2.3000000000000003
-1.1999999999999984 0.0 2.4000000000000004
-1.1999999999999984 0.0 2.5
-1.1999999999999984 0.1 0.0
-1.1999999999999984 0.1 0.1
-1.1999999999999984 0.1 0.2
-1.1999999999999984 0.1 0.30000000000000004
-1.1999999999999984 0.1 0.4
-1.1999999999999984 0.1 0.5
-1.1999999999999984 0.1 0.6000000000000001
-1.1999999999999984 0.1 0.7000000000000001
-1.1999999999999984 0.1 0.8
-1.1999999999999984 0.1 0.9
-1.1999999999999984 0.1 1.0
-1.1999999999999984 0.1 1.1
-1.1999999999999984 0.1 1.2000000000000002
-1.1999999999999984 0.1 1.3
-1.1999999999999984 0.1 1.4000000000000001
-1.1999999999999984 0.1 1.5
-1.1999999999999984 0.1 1.6
-1.1999999999999984 0.1 1.7000000000000002
-1.1999999999999984 0.1 1.8
-1.1999999999999984 0.1 1.9000000000000001
-1.1999999999999984 0.1 2.0
-1.1999999999999984 0.1 2.1
-1.1999999999999984 0.1 2.2
-1.1999999999999984 0.1 2.3000000000000003
-1.1999999999999984 0.1 2.4000000000000004
-1.1999999999999984 0.1 2.5
-1.1999999999999984 0.20000000000000004 0.0
-1.1999999999999984 0.20000000000000004 0.1
-1.1999999999999984 0.20000000000000004 0.2
-1.1999999999999984 0.20000000000000004 0.30000000000000004
-1.1999999999999984 0.20000000000000004 0.4
-1.1999999999999984 0.20000000000000004 0.5
-1.1999999999999984 0.20000000000000004 0.6000000000000001
-1.1999999999999984 0.20000000000000004 0.7000000000000001
-1.1999999999999984 0.20000000000000004 0.8
-1.1999999999999984 0.20000000000000004 0.9
-1.1999999999999984 0.20000000000000004 1.0
-1.1999999999999984 0.20000000000000004 1.1
-1.1999999999999984 0.20000000000000004 1.2000000000000002
-1.1999999999999984 0.20000000000000004 1.3
-1.1999999999999984 0.20000000000000004 1.4000000000000001
-1.1999999999999984 0.20000000000000004 1.5
-1.1999999999999984 0.20000000000000004 1.6
-1.1999999999999984 0.20000000000000004 1.7000000000000002
-1.1999999999999984 0.20000000000000004 1.8
-1.1999999999999984 0.20000000000000004 1.9000000000000001
-1.1999999999999984 0.20000000000000004 2.0
-1.1999999999999984 0.20000000000000004 2.1
-1.1999999999999984 0.20000000000000004 2.2
-1.1999999999999984 0.20000000000000004 2.3000000000000003
-1.1999999999999984 0.20000000000000004 2.4000000000000004
-1.1999999999999984 0.20000000000000004 2.5
-1.0999999999999983 -0.1 0.0
-1.0999999999999983 -0.1 0.1
-1.0999999999999983 -0.1 0.2
-1.0999999999999983 -0.1 0.30000000000000004
-1.0999999999999983 -0.1 0.4
-1.0999999999999983 -0.1 0.5
-1.0999999999999983 -0.1 0.6000000000000001
-1.0999999999999983 -0.1 0.7000000000000001
-1.0999999999999983 -0.1 0.8
-1.0999999999999983 -0.1 0.9
-1.0999999999999983 -0.1 1.0
-1.0999999999999983 -0.1 1.1
-1.0999999999999983 -0.1 1.2000000000000002
-1.0999999999999983 -0.1 1.3
-1.0999999999999983 -0.1 1.4000000000000001
-1.0999999999999983 -0.1 1.5
-1.0999999999999983 -0.1 1.6
-1.0999999999999983 -0.1 1.7000000000000002
-1.0999999999999983 -0.1 1.8
-1.0999999999999983 -0.1 1.9000000000000001
-1.0999999999999983 -0.1 2.0
-1.0999999999999983 -0.1 2.1
-1.0999999999999983 -0.1 2.2
-1.0999999999999983 -0.1 2.3000000000000003
-1.0999999999999983 -0.1 2.4000000000000004
-1.0999999999999983 -0.1 2.5
-1.0999999999999983 0.0 0.0
-1.0999999999999983 0.0 0.1
-1.0999999999999983 0.0 0.2
-1.0999999999999983 0.0 0.30000000000000004
-1.0999999999999983 0.0 0.4
-1.0999999999999983 0.0 0.5
-1.0999999999999983 0.0 0.6000000000000001
-1.0999999999999983 0.0 0.7000000000000001
-1.0999999999999983 0.0 0.8
-1.0999999999999983 0.0 0.9
-1.0999999999999983 0.0 1.0
-1.0999999999999983 0.0 1.1
-1.0999999999999983 0.0 1.2000000000000002
-1.0999999999999983 0.0 1.3
-1.0999999999999983 0.0 1.4000000000000001
-1.0999999999999983 0.0 1.5
-1.0999999999999983 0.0 1.6
-1.0999999999999983 0.0 1.7000000000000002
-1.0999999999999983 0.0 1.8
-1.0999999999999983 0.0 1.9000000000000001
-1.0999999999999983 0.0 2.0
-1.0999999999999983 0.0 2.1
-1.0999999999999983 0.0 2.2
-1.0999999999999983 0.0 2.3000000000000003
-1.0999999999999983 0.0 2.4000000000000004
-1.0999999999999983 0.0 2.5
-1.0999999999999983 0.1 0.0
-1.0999999999999983 0.1 0.1
-1.0999999999999983 0.1 0.2
-1.0999999999999983 0.1 0.30000000000000004
-1.0999999999999983 0.1 0.4
-1.0999999999999983 0.1 0.5
-1.0999999999999983 0.1 0.6000000000000001
-1.0999999999999983 0.1 0.7000000000000001
-1.0999999999999983 0.1 0.8
-1.0999999999999983 0.1 0.9
-1.0999999999999983 0.1 1.0
-1.0999999999999983 0.1 1.1
-1.0999999999999983 0.1 1.2000000000000002
-1.0999999999999983 0.1 1.3
-1.0999999999999983 0.1 1.4000000000000001
-1.0999999999999983 0.1 1.5
-1.0999999999999983 0.1 1.6
-1.0999999999999983 0.1 1.7000000000000002
-1.0999999999999983 0.1 1.8
-1.0999999999999983 0.1 1.9000000000000001
-1.0999999999999983 0.1 2.0
-1.0999999999999983 0.1 2.1
-1.0999999999999983 0.1 2.2
-1.0999999999999983 0.1 2.3000000000000003
-1.0999999999999983 0.1 2.4000000000000004
-1.0999999999999983 0.1 2.5
-1.0999999999999983 0.20000000000000004 0.0
-1.0999999999999983 0.20000000000000004 0.1
-1.0999999999999983 0.20000000000000004 0.2
-1.0999999999999983 0.20000000000000004 0.30000000000000004
-1.0999999999999983 0.20000000000000004 0.4
-1.0999999999999983 0.20000000000000004 0.5
-1.0999999999999983 0.20000000000000004 0.6000000000000001
-1.0999999999999983 0.20000000000000004 0.7000000000000001
-1.0999999999999983 0.20000000000000004 0.8
-1.0999999999999983 0.20000000000000004 0.9
-1.0999999999999983 0.20000000000000004 1.0
-1.0999999999999983 0.20000000000000004 1.1
-1.0999999999999983 0.20000000000000004 1.2000000000000002
-1.0999999999999983 0.20000000000000004 1.3
-1.0999999999999983 0.20000000000000004 1.4000000000000001
-1.0999999999999983 0.20000000000000004 1.5
-1.0999999999999983 0.20000000000000004 1.6
-1.0999999999999983 0.20000000000000004 1.7000000000000002
-1.0999999999999983 0.20000000000000004 1.8
-1.0999999999999983 0.20000000000000004 1.9000000000000001
-1.0999999999999983 0.20000000000000004 2.0
-1.0999999999999983 0.20000000000000004 2.1
-1.0999999999999983 0.20000000000000004 2.2
-1.0999999999999983 0.20000000000000004 2.3000000000000003
-1.0999999999999983 0.20000000000000004 2.4000000000000004
-1.0999999999999983 0.20000000000000004 2.5
-0.9999999999999982 -0.1 0.0
-0.9999999999999982 -0.1 0.1
-0.9999999999999982 -0.1 0.2
-0.9999999999999982 -0.1 0.30000000000000004
-0.9999999999999982 -0.1 0.4
-0.9999999999999982 -0.1 0.5
-0.9999999999999982 -0.1 0.6000000000000001
-0.9999999999999982 -0.1 0.7000000000000001
-0.9999999999999982 -0.1 0.8
-0.9999999999999982 -0.1 0.9
-0.9999999999999982 -0.1 1.0
-0.9999999999999982 -0.1 1.1
-0.9999999999999982 -0.1 1.2000000000000002
-0.9999999999999982 -0.1 1.3
-0.9999999999999982 -0.1 1.4000000000000001
-0.9999999999999982 -0.1 1.5
-0.9999999999999982 -0.1 1.6
-0.9999999999999982 -0.1 1.7000000000000002
-0.9999999999999982 -0.1 1.8
-0.9999999999999982 -0.1 1.9000000000000001
-0.9999999999999982 -0.1 2.0
-0.9999999999999982 -0.1 2.1
-0.9999999999999982 -0.1 2.2
-0.9999999999999982 -0.1 2.3000000000000003
-0.9999999999999982 -0.1 2.4000000000000004
-0.9999999999999982 -0.1 2.5
-0.9999999999999982 0.0 0.0
-0.9999999999999982 0.0 0.1
-0.9999999999999982 0.0 0.2
-0.9999999999999982 0.0 0.30000000000000004
-0.9999999999999982 0.0 0.4
-0.9999999999999982 0.0 0.5
-0.9999999999999982 0.0 0.6000000000000001
-0.9999999999999982 0.0 0.7000000000000001
-0.9999999999999982 0.0 0.8
-0.9999999999999982 0.0 0.9
-0.9999999999999982 0.0 1.0
-0.9999999999999982 0.0 1.1
-0.9999999999999982 0.0 1.2000000000000002
-0.9999999999999982 0.0 1.3
-0.9999999999999982 0.0 1.4000000000000001
-0.9999999999999982 0.0 1.5
-0.9999999999999982 0.0 1.6
-0.9999999999999982 0.0 1.7000000000000002
-0.9999999999999982 0.0 1.8
-0.9999999999999982 0.0 1.9000000000000001
-0.9999999999999982 0.0 2.0
-0.9999999999999982 0.0 2.1
-0.9999999999999982 0.0 2.2
-0.9999999999999982 0.0 2.3000000000000003
-0.9999999999999982 0.0 2.4000000000000004
-0.9999999999999982 0.0 2.5
-0.9999999999999982 0.1 0.0
-0.9999999999999982 0.1 0.1
-0.9999999999999982 0.1 0.2
-0.9999999999999982 0.1 0.30000000000000004
-0.9999999999999982 0.1 0.4
-0.9999999999999982 0.1 0.5
-0.9999999999999982 0.1 0.6000000000000001
-0.9999999999999982 0.1 0.7000000000000001
-0.9999999999999982 0.1 0.8
-0.9999999999999982 0.1 0.9
-0.9999999999999982 0.1 1.0
-0.9999999999999982 0.1 1.1
-0.9999999999999982 0.1 1.2000000000000002
-0.9999999999999982 0.1 1.3
-0.9999999999999982 0.1 1.4000000000000001
-0.9999999999999982 0.1 1.5
-0.9999999999999982 0.1 1.6
-0.9999999999999982 0.1 1.7000000000000002
-0.9999999999999982 0.1 1.8
-0.9999999999999982 0.1 1.9000000000000001
-0.9999999999999982 0.1 2.0
-0.9999999999999982 0.1 2.1
-0.9999999999999982 0.1 2.2
-0.9999999999999982 0.1 2.3000000000000003
-0.9999999999999982 0.1 2.4000000000000004
-0.9999999999999982 0.1 2.5
-0.9999999999999982 0.20000000000000004 0.0
-0.9999999999999982 0.20000000000000004 0.1
-0.9999999999999982 0.20000000000000004 0.2
-0.9999999999999982 0.20000000000000004 0.30000000000000004
-0.9999999999999982 0.20000000000000004 0.4
-0.9999999999999982 0.20000000000000004 0.5
-0.9999999999999982 0.20000000000000004 0.6000000000000001
-0.9999999999999982 0.20000000000000004 0.7000000000000001
-0.9999999999999982 0.20000000000000004 0.8
-0.9999999999999982 0.20000000000000004 0.9
-0.9999999999999982 0.20000000000000004 1.0
-0.9999999999999982 0.20000000000000004 1.1
-0.9999999999999982 0.20000000000000004 1.2000000000000002
-0.9999999999999982 0.20000000000000004 1.3
-0.9999999999999982 0.20000000000000004 1.4000000000000001
-0.9999999999999982 0.20000000000000004 1.5
-0.9999999999999982 0.20000000000000004 1.6
-0.9999999999999982 0.20000000000000004 1.7000000000000002
-0.9999999999999982 0.20000000000000004 1.8
-0.9999999999999982 0.20000000000000004 1.9000000000000001
-0.9999999999999982 0.20000000000000004 2.0
-0.9999999999999982 0.20000000000000004 2.1
-0.9999999999999982 0.20000000000000004 2.2
-0.9999999999999982 0.20000000000000004 2.3000000000000003
-0.9999999999999982 0.20000000000000004 2.4000000000000004
-0.9999999999999982 0.20000000000000004 2.5
-0.8999999999999981 -0.1 0.0
-0.8999999999999981 -0.1 0.1
-0.8999999999999981 -0.1 0.2
-0.8999999999999981 -0.1 0.30000000000000004
-0.8999999999999981 -0.1 0.4
-0.8999999999999981 -0.1 0.5
-0.8999999999999981 -0.1 0.6000000000000001
-0.8999999999999981 -0.1 0.7000000000000001
-0.8999999999999981 -0.1 0.8
-0.8999999999999981 -0.1 0.9
-0.8999999999999981 -0.1 1.0
-0.8999999999999981 -0.1 1.1
-0.8999999999999981 -0.1 1.2000000000000002
-0.8999999999999981 -0.1 1.3
-0.8999999999999981 -0.1 1.4000000000000001
-0.8999999999999981 -0.1 1.5
-0.8999999999999981 -0.1 1.6
-0.8999999999999981 -0.1 1.7000000000000002
-0.8999999999999981 -0.1 1.8
-0.8999999999999981 -0.1 1.9000000000000001
-0.8999999999999981 -0.1 2.0
-0.8999999999999981 -0.1 2.1
-0.8999999999999981 -0.1 2.2
-0.8999999999999981 -0.1 2.3000000000000003
-0.8999999999999981 -0.1 2.4000000000000004
-0.8999999999999981 -0.1 2.5
-0.8999999999999981 0.0 0.0
-0.8999999999999981 0.0 0.1
-0.8999999999999981 0.0 0.2
-0.8999999999999981 0.0 0.30000000000000004
-0.8999999999999981 0.0 0.4
-0.8999999999999981 0.0 0.5
-0.8999999999999981 0.0 0.6000000000000001
-0.8999999999999981 0.0 0.7000000000000001
-0.8999999999999981 0.0 0.8
-0.8999999999999981 0.0 0.9
-0.8999999999999981 0.0 1.0
-0.8999999999999981 0.0 1.1
-0.8999999999999981 0.0 1.2000000000000002
-0.8999999999999981 0.0 1.3
-0.8999999999999981 0.0 1.4000000000000001
-0.8999999999999981 0.0 1.5
-0.8999999999999981 0.0 1.6
-0.8999999999999981 0.0 1.7000000000000002
-0.8999999999999981 0.0 1.8
-0.8999999999999981 0.0 1.9000000000000001
-0.8999999999999981 0.0 2.0
-0.8999999999999981 0.0 2.1
-0.8999999999999981 0.0 2.2
-0.8999999999999981 0.0 2.3000000000000003
-0.8999999999999981 0.0 2.4000000000000004
-0.8999999999999981 0.0 2.5
-0.8999999999999981 0.1 0.0
-0.8999999999999981 0.1 0.1
-0.8999999999999981 0.1 0.2
-0.8999999999999981 0.1 0.30000000000000004
-0.8999999999999981 0.1 0.4
-0.8999999999999981 0.1 0.5
-0.8999999999999981 0.1 0.6000000000000001
-0.8999999999999981 0.1 0.7000000000000001
-0.8999999999999981 0.1 0.8
-0.8999999999999981 0.1 0.9
-0.8999999999999981 0.1 1.0
-0.8999999999999981 0.1 1.1
-0.8999999999999981 0.1 1.2000000000000002
-0.8999999999999981 0.1 1.3
-0.8999999999999981 0.1 1.4000000000000001
-0.8999999999999981 0.1 1.5
-0.8999999999999981 0.1 1.6
-0.8999999999999981 0.1 1.7000000000000002
-0.8999999999999981 0.1 1.8
-0.8999999999999981 0.1 1.9000000000000001
-0.8999999999999981 0.1 2.0
-0.8999999999999981 0.1 2.1
-0.8999999999999981 0.1 2.2
-0.8999999999999981 0.1 2.3000000000000003
-0.8999999999999981 0.1 2.4000000000000004
-0.8999999999999981 0.1 2.5
-0.8999999999999981 0.20000000000000004 0.0
-0.8999999999999981 0.20000000000000004 0.1
-0.8999999999999981 0.20000000000000004 0.2
-0.8999999999999981 0.20000000000000004 0.30000000000000004
-0.8999999999999981 0.20000000000000004 0.4
-0.8999999999999981 0.20000000000000004 0.5
-0.8999999999999981 0.20000000000000004 0.6000000000000001
-0.8999999999999981 0.20000000000000004 0.7000000000000001
-0.8999999999999981 0.20000000000000004 0.8
-0.8999999999999981 0.20000000000000004 0.9
-0.8999999999999981 0.20000000000000004 1.0
-0.8999999999999981 0.20000000000000004 1.1
-0.8999999999999981 0.20000000000000004 1.2000000000000002
-0.8999999999999981 0.20000000000000004 1.3
-0.8999999999999981 0.20000000000000004 1.4000000000000001
-0.8999999999999981 0.20000000000000004 1.5
-0.8999999999999981 0.20000000000000004 1.6
-0.8999999999999981 0.20000000000000004 1.7000000000000002
-0.8999999999999981 0.20000000000000004 1.8
-0.8999999999999981 0.20000000000000004 1.9000000000000001
-0.8999999999999981 0.20000000000000004 2.0
-0.8999999999999981 0.20000000000000004 2.1
-0.8999999999999981 0.20000000000000004 2.2
-0.8999999999999981 0.20000000000000004 2.3000000000000003
-0.8999999999999981 0.20000000000000004 2.4000000000000004
-0.8999999999999981 0.20000000000000004 2.5
-0.799999999999998 -0.1 0.0
-0.799999999999998 -0.1 0.1
-0.799999999999998 -0.1 0.2
-0.799999999999998 -0.1 0.30000000000000004
-0.799999999999998 -0.1 0.4
-0.799999999999998 -0.1 0.5
-0.799999999999998 -0.1 0.6000000000000001
-0.799999999999998 -0.1 0.7000000000000001
-0.799999999999998 -0.1 0.8
-0.799999999999998 -0.1 0.9
-0.799999999999998 -0.1 1.0
-0.799999999999998 -0.1 1.1
-0.799999999999998 -0.1 1.2000000000000002
-0.799999999999998 -0.1 1.3
-0.799999999999998 -0.1 1.4000000000000001
-0.799999999999998 -0.1 1.5
-0.799999999999998 -0.1 1.6
-0.799999999999998 -0.1 1.7000000000000002
-0.799999999999998 -0.1 1.8
-0.799999999999998 -0.1 1.9000000000000001
-0.799999999999998 -0.1 2.0
-0.799999999999998 -0.1 2.1
-0.799999999999998 -0.1 2.2
-0.799999999999998 -0.1 2.3000000000000003
-0.799999999999998 -0.1 2.4000000000000004
-0.799999999999998 -0.1 2.5
-0.799999999999998 0.0 0.0
-0.799999999999998 0.0 0.1
-0.799999999999998 0.0 0.2
-0.799999999999998 0.0 0.30000000000000004
-0.799999999999998 0.0 0.4
-0.799999999999998 0.0 0.5
-0.799999999999998 0.0 0.6000000000000001
-0.799999999999998 0.0 0.7000000000000001
-0.799999999999998 0.0 0.8
-0.799999999999998 0.0 0.9
-0.799999999999998 0.0 1.0
-0.799999999999998 0.0 1.1
-0.799999999999998 0.0 1.2000000000000002
-0.799999999999998 0.0 1.3
-0.799999999999998 0.0 1.4000000000000001
-0.799999999999998 0.0 1.5
-0.799999999999998 0.0 1.6
-0.799999999999998 0.0 1.7000000000000002
-0.799999999999998 0.0 1.8
-0.799999999999998 0.0 1.9000000000000001
-0.799999999999998 0.0 2.0
-0.799999999999998 0.0 2.1
-0.799999999999998 0.0 2.2
-0.799999999999998 0.0 2.3000000000000003
-0.799999999999998 0.0 2.4000000000000004
-0.799999999999998 0.0 2.5
-0.799999999999998 0.1 0.0
-0.799999999999998 0.1 0.1
-0.799999999999998 0.1 0.2
-0.799999999999998 0.1 0.30000000000000004
-0.799999999999998 0.1 0.4
-0.799999999999998 0.1 0.5
-0.799999999999998 0.1 0.6000000000000001
-0.799999999999998 0.1 0.7000000000000001
-0.799999999999998 0.1 0.8
-0.799999999999998 0.1 0.9
-0.799999999999998 0.1 1.0
-0.799999999999998 0.1 1.1
-0.799999999999998 0.1 1.2000000000000002
-0.799999999999998 0.1 1.3
-0.799999999999998 0.1 1.4000000000000001
-0.799999999999998 0.1 1.5
-0.799999999999998 0.1 1.6
-0.799999999999998 0.1 1.7000000000000002
-0.799999999999998 0.1 1.8
-0.799999999999998 0.1 1.9000000000000001
-0.799999999999998 0.1 2.0
-0.799999999999998 0.1 2.1
-0.799999999999998 0.1 2.2
-0.799999999999998 0.1 2.3000000000000003
-0.799999999999998 0.1 2.4000000000000004
-0.799999999999998 0.1 2.5
-0.799999999999998 0.20000000000000004 0.0
-0.799999999999998 0.20000000000000004 0.1
-0.799999999999998 0.20000000000000004 0.2
-0.799999999999998 0.20000000000000004 0.30000000000000004
-0.799999999999998 0.20000000000000004 0.4
-0.799999999999998 0.20000000000000004 0.5
-0.799999999999998 0.20000000000000004 0.6000000000000001
-0.799999999999998 0.20000000000000004 0.7000000000000001
-0.799999999999998 0.20000000000000004 0.8
-0.799999999999998 0.20000000000000004 0.9
-0.799999999999998 0.20000000000000004 1.0
-0.799999999999998 0.20000000000000004 1.1
-0.799999999999998 0.20000000000000004 1.2000000000000002
-0.799999999999998 0.20000000000000004 1.3
-0.799999999999998 0.20000000000000004 1.4000000000000001
-0.799999999999998 0.20000000000000004 1.5
-0.799999999999998 0.20000000000000004 1.6
-0.799999999999998 0.20000000000000004 1.7000000000000002
-0.799999999999998 0.20000000000000004 1.8
-0.799999999999998 0.20000000000000004 1.9000000000000001
-0.799999999999998 0.20000000000000004 2.0
-0.799999999999998 0.20000000000000004 2.1
-0.799999999999998 0.20000000000000004 2.2
-0.799999999999998 0.20000000000000004 2.3000000000000003
-0.799999999999998 0.20000000000000004 2.4000000000000004
-0.799999999999998 0.20000000000000004 2.5
-0.699999999999998 -0.1 0.0
-0.699999999999998 -0.1 0.1
-0.699999999999998 -0.1 0.2
-0.699999999999998 -0.1 0.30000000000000004
-0.699999999999998 -0.1 0.4
-0.699999999999998 -0.1 0.5
-0.699999999999998 -0.1 0.6000000000000001
-0.699999999999998 -0.1 0.7000000000000001
-0.699999999999998 -0.1 0.8
-0.699999999999998 -0.1 0.9
-0.699999999999998 -0.1 1.0
-0.699999999999998 -0.1 1.1
-0.699999999999998 -0.1 1.2000000000000002
-0.699999999999998 -0.1 1.3
-0.699999999999998 -0.1 1.4000000000000001
-0.699999999999998 -0.1 1.5
-0.699999999999998 -0.1 1.6
-0.699999999999998 -0.1 1.7000000000000002
-0.699999999999998 -0.1 1.8
-0.699999999999998 -0.1 1.9000000000000001
-0.699999999999998 -0.1 2.0
-0.699999999999998 -0.1 2.1
-0.699999999999998 -0.1 2.2
-0.699999999999998 -0.1 2.3000000000000003
-0.699999999999998 -0.1 2.4000000000000004
-0.699999999999998 -0.1 2.5
-0.699999999999998 0.0 0.0
-0.699999999999998 0.0 0.1
-0.699999999999998 0.0 0.2
-0.699999999999998 0.0 0.30000000000000004
-0.699999999999998 0.0 0.4
-0.699999999999998 0.0 0.5
-0.699999999999998 0.0 0.6000000000000001
-0.699999999999998 0.0 0.7000000000000001
-0.699999999999998 0.0 0.8
-0.699999999999998 0.0 0.9
-0.699999999999998 0.0 1.0
-0.699999999999998 0.0 1.1
-0.699999999999998 0.0 1.2000000000000002
-0.699999999999998 0.0 1.3
-0.699999999999998 0.0 1.4000000000000001
-0.699999999999998 0.0 1.5
-0.699999999999998 0.0 1.6
-0.699999999999998 0.0 1.7000000000000002
-0.699999999999998 0.0 1.8
-0.699999999999998 0.0 1.9000000000000001
-0.699999999999998 0.0 2.0
-0.699999999999998 0.0 2.1
-0.699999999999998 0.0 2.2
-0.699999999999998 0.0 2.3000000000000003
-0.699999999999998 0.0 2.4000000000000004
-0.699999999999998 0.0 2.5
-0.699999999999998 0.1 0.0
-0.699999999999998 0.1 0.1
-0.699999999999998 0.1 0.2
-0.699999999999998 0.1 0.30000000000000004
-0.699999999999998 0.1 0.4
-0.699999999999998 0.1 0.5
-0.699999999999998 0.1 0.6000000000000001
-0.699999999999998 0.1 0.7000000000000001
-0.699999999999998 0.1 0.8
-0.699999999999998 0.1 0.9
-0.699999999999998 0.1 1.0
-0.699999999999998 0.1 1.1
-0.699999999999998 0.1 1.2000000000000002
-0.699999999999998 0.1 1.3
-0.699999999999998 0.1 1.4000000000000001
-0.699999999999998 0.1 1.5
-0.699999999999998 0.1 1.6
-0.699999999999998 0.1 1.7000000000000002
-0.699999999999998 0.1 1.8
-0.699999999999998 0.1 1.9000000000000001
-0.699999999999998 0.1 2.0
-0.699999999999998 0.1 2.1
-0.699999999999998 0.1 2.2
-0.699999999999998 0.1 2.3000000000000003
-0.699999999999998 0.1 2.4000000000000004
-0.699999999999998 0.1 2.5
-0.699999999999998 0.20000000000000004 0.0
-0.699999999999998 0.20000000000000004 0.1
-0.699999999999998 0.20000000000000004 0.2
-0.699999999999998 0.20000000000000004 0.30000000000000004
-0.699999999999998 0.20000000000000004 0.4
-0.699999999999998 0.20000000000000004 0.5
-0.699999999999998 0.20000000000000004 0.6000000000000001
-0.699999999999998 0.20000000000000004 0.7000000000000001
-0.699999999999998 0.20000000000000004 0.8
-0.699999999999998 0.20000000000000004 0.9
-0.699999999999998 0.20000000000000004 1.0
-0.699999999999998 0.20000000000000004 1.1
-0.699999999999998 0.20000000000000004 1.2000000000000002
-0.699999999999998 0.20000000000000004 1.3
-0.699999999999998 0.20000000000000004 1.4000000000000001
-0.699999999999998 0.20000000000000004 1.5
-0.699999999999998 0.20000000000000004 1.6
-0.699999999999998 0.20000000000000004 1.7000000000000002
-0.699999999999998 0.20000000000000004 1.8
-0.699999999999998 0.20000000000000004 1.9000000000000001
-0.699999999999998 0.20000000000000004 2.0
-0.699999999999998 0.20000000000000004 2.1
-0.699999999999998 0.20000000000000004 2.2
-0.699999999999998 0.20000000000000004 2.3000000000000003
-0.699999999999998 0.20000000000000004 2.4000000000000004
-0.699999999999998 0.20000000000000004 2.5
-0.5999999999999979 -0.1 0.0
-0.5999999999999979 -0.1 0.1
-0.5999999999999979 -0.1 0.2
-0.5999999999999979 -0.1 0.30000000000000004
-0.5999999999999979 -0.1 0.4
-0.5999999999999979 -0.1 0.5
-0.5999999999999979 -0.1 0.6000000000000001
-0.5999999999999979 -0.1 0.7000000000000001
-0.5999999999999979 -0.1 0.8
-0.5999999999999979 -0.1 0.9
-0.5999999999999979 -0.1 1.0
-0.5999999999999979 -0.1 1.1
-0.5999999999999979 -0.1 1.2000000000000002
-0.5999999999999979 -0.1 1.3
-0.5999999999999979 -0.1 1.4000000000000001
-0.5999999999999979 -0.1 1.5
-0.5999999999999979 -0.1 1.6
-0.5999999999999979 -0.1 1.7000000000000002
-0.5999999999999979 -0.1 1.8
-0.5999999999999979 -0.1 1.9000000000000001
-0.5999999999999979 -0.1 2.0
-0.5999999999999979 -0.1 2.1
-0.5999999999999979 -0.1 2.2
-0.5999999999999979 -0.1 2.3000000000000003
-0.5999999999999979 -0.1 2.4000000000000004
-0.5999999999999979 -0.1 2.5
-0.5999999999999979 0.0 0.0
-0.5999999999999979 0.0 0.1
-0.5999999999999979 0.0 0.2
-0.5999999999999979 0.0 0.30000000000000004
-0.5999999999999979 0.0 0.4
-0.5999999999999979 0.0 0.5
-0.5999999999999979 0.0 0.6000000000000001
-0.5999999999999979 0.0 0.7000000000000001
-0.5999999999999979 0.0 0.8
-0.5999999999999979 0.0 0.9
-0.5999999999999979 0.0 1.0
-0.5999999999999979 0.0 1.1
-0.5999999999999979 0.0 1.2000000000000002
-0.5999999999999979 0.0 1.3
-0.5999999999999979 0.0 1.4000000000000001
-0.5999999999999979 0.0 1.5
-0.5999999999999979 0.0 1.6
-0.5999999999999979 0.0 1.7000000000000002
-0.5999999999999979 0.0 1.8
-0.5999999999999979 0.0 1.9000000000000001
-0.5999999999999979 0.0 2.0
-0.5999999999999979 0.0 2.1
-0.5999999999999979 0.0 2.2
-0.5999999999999979 0.0 2.3000000000000003
-0.5999999999999979 0.0 2.4000000000000004
-0.5999999999999979 0.0 2.5
-0.5999999999999979 0.1 0.0
-0.5999999999999979 0.1 0.1
-0.5999999999999979 0.1 0.2
-0.5999999999999979 0.1 0.30000000000000004
-0.5999999999999979 0.1 0.4
-0.5999999999999979 0.1 0.5
-0.5999999999999979 0.1 0.6000000000000001
-0.5999999999999979 0.1 0.7000000000000001
-0.5999999999999979 0.1 0.8
-0.5999999999999979 0.1 0.9
-0.5999999999999979 0.1 1.0
-0.5999999999999979 0.1 1.1
-0.5999999999999979 0.1 1.2000000000000002
-0.5999999999999979 0.1 1.3
-0.5999999999999979 0.1 1.4000000000000001
-0.5999999999999979 0.1 1.5
-0.5999999999999979 0.1 1.6
-0.5999999999999979 0.1 1.7000000000000002
-0.5999999999999979 0.1 1.8
-0.5999999999999979 0.1 1.9000000000000001
-0.5999999999999979 0.1 2.0
-0.5999999999999979 0.1 2.1
-0.5999999999999979 0.1 2.2
-0.5999999999999979 0.1 2.3000000000000003
-0.5999999999999979 0.1 2.4000000000000004
-0.5999999999999979 0.1 2.5
-0.5999999999999979 0.20000000000000004 0.0
-0.5999999999999979 0.20000000000000004 0.1
-0.5999999999999979 0.20000000000000004 0.2
-0.5999999999999979 0.20000000000000004 0.30000000000000004
-0.5999999999999979 0.20000000000000004 0.4
-0.5999999999999979 0.20000000000000004 0.5
-0.5999999999999979 0.20000000000000004 0.6000000000000001
-0.5999999999999979 0.20000000000000004 0.7000000000000001
-0.5999999999999979 0.20000000000000004 0.8
-0.5999999999999979 0.20000000000000004 0.9
-0.5999999999999979 0.20000000000000004 1.0
-0.5999999999999979 0.20000000000000004 1.1
-0.5999999999999979 0.20000000000000004 1.2000000000000002
-0.5999999999999979 0.20000000000000004 1.3
-0.5999999999999979 0.20000000000000004 1.4000000000000001
-0.5999999999999979 0.20000000000000004 1.5
-0.5999999999999979 0.20000000000000004 1.6
-0.5999999999999979 0.20000000000000004 1.7000000000000002
-0.5999999999999979 0.20000000000000004 1.8
-0.5999999999999979 0.20000000000000004 1.9000000000000001
-0.5999999999999979 0.20000000000000004 2.0
-0.5999999999999979 0.20000000000000004 2.1
-0.5999999999999979 0.20000000000000004 2.2
-0.5999999999999979 0.20000000000000004 2.3000000000000003
-0.5999999999999979 0.20000000000000004 2.4000000000000004
-0.5999999999999979 0.20000000000000004 2.5
-0.4999999999999978 -0.1 0.0
-0.4999999999999978 -0.1 0.1
-0.4999999999999978 -0.1 0.2
-0.4999999999999978 -0.1 0.30000000000000004
-0.4999999999999978 -0.1 0.4
-0.4999999999999978 -0.1 0.5
-0.4999999999999978 -0.1 0.6000000000000001
-0.4999999999999978 -0.1 0.7000000000000001
-0.4999999999999978 -0.1 0.8
-0.4999999999999978 -0.1 0.9
-0.4999999999999978 -0.1 1.0
-0.4999999999999978 -0.1 1.1
-0.4999999999999978 -0.1 1.2000000000000002
-0.4999999999999978 -0.1 1.3
-0.4999999999999978 -0.1 1.4000000000000001
-0.4999999999999978 -0.1 1.5
-0.4999999999999978 -0.1 1.6
-0.4999999999999978 -0.1 1.7000000000000002
-0.4999999999999978 -0.1 1.8
-0.4999999999999978 -0.1 1.9000000000000001
-0.4999999999999978 -0.1 2.0
-0.4999999999999978 -0.1 2.1
-0.4999999999999978 -0.1 2.2
-0.4999999999999978 -0.1 2.3000000000000003
-0.4999999999999978 -0.1 2.4000000000000004
-0.4999999999999978 -0.1 2.5
-0.4999999999999978 0.0 0.0
-0.4999999999999978 0.0 0.1
-0.4999999999999978 0.0 0.2
-0.4999999999999978 0.0 0.30000000000000004
-0.4999999999999978 0.0 0.4
-0.4999999999999978 0.0 0.5
-0.4999999999999978 0.0 0.6000000000000001
-0.4999999999999978 0.0 0.7000000000000001
-0.4999999999999978 0.0 0.8
-0.4999999999999978 0.0 0.9
-0.4999999999999978 0.0 1.0
-0.4999999999999978 0.0 1.1
-0.4999999999999978 0.0 1.2000000000000002
-0.4999999999999978 0.0 1.3
-0.4999999999999978 0.0 1.4000000000000001
-0.4999999999999978 0.0 1.5
-0.4999999999999978 0.0 1.6
-0.4999999999999978 0.0 1.7000000000000002
-0.4999999999999978 0.0 1.8
-0.4999999999999978 0.0 1.9000000000000001
-0.4999999999999978 0.0 2.0
-0.4999999999999978 0.0 2.1
-0.4999999999999978 0.0 2.2
-0.4999999999999978 0.0 2.3000000000000003
-0.4999999999999978 0.0 2.4000000000000004
-0.4999999999999978 0.0 2.5
-0.4999999999999978 0.1 0.0
-0.4999999999999978 0.1 0.1
-0.4999999999999978 0.1 0.2
-0.4999999999999978 0.1 0.30000000000000004
-0.4999999999999978 0.1 0.4
-0.4999999999999978 0.1 0.5
-0.4999999999999978 0.1 0.6000000000000001
-0.4999999999999978 0.1 0.7000000000000001
-0.4999999999999978 0.1 0.8
-0.4999999999999978 0.1 0.9
-0.4999999999999978 0.1 1.0
-0.4999999999999978 0.1 1.1
-0.4999999999999978 0.1 1.2000000000000002
-0.4999999999999978 0.1 1.3
-0.4999999999999978 0.1 1.4000000000000001
-0.4999999999999978 0.1 1.5
-0.4999999999999978 0.1 1.6
-0.4999999999999978 0.1 1.7000000000000002
-0.4999999999999978 0.1 1.8
-0.4999999999999978 0.1 1.9000000000000001
-0.4999999999999978 0.1 2.0
-0.4999999999999978 0.1 2.1
-0.4999999999999978 0.1 2.2
-0.4999999999999978 0.1 2.3000000000000003
-0.4999999999999978 0.1 2.4000000000000004
-0.4999999999999978 0.1 2.5
-0.4999999999999978 0.20000000000000004 0.0
-0.4999999999999978 0.20000000000000004 0.1
-0.4999999999999978 0.20000000000000004 0.2
-0.4999999999999978 0.20000000000000004 0.30000000000000004
-0.4999999999999978 0.20000000000000004 0.4
-0.4999999999999978 0.20000000000000004 0.5
-0.4999999999999978 0.20000000000000004 0.6000000000000001
-0.4999999999999978 0.20000000000000004 0.7000000000000001
-0.4999999999999978 0.20000000000000004 0.8
-0.4999999999999978 0.20000000000000004 0.9
-0.4999999999999978 0.20000000000000004 1.0
-0.4999999999999978 0.20000000000000004 1.1
-0.4999999999999978 0.20000000000000004 1.2000000000000002
-0.4999999999999978 0.20000000000000004 1.3
-0.4999999999999978 0.20000000000000004 1.4000000000000001
-0.4999999999999978 0.20000000000000004 1.5
-0.4999999999999978 0.20000000000000004 1.6
-0.4999999999999978 0.20000000000000004 1.7000000000000002
-0.4999999999999978 0.20000000000000004 1.8
-0.4999999999999978 0.20000000000000004 1.9000000000000001
-0.4999999999999978 0.20000000000000004 2.0
-0.4999999999999978 0.20000000000000004 2.1
-0.4999999999999978 0.20000000000000004 2.2
-0.4999999999999978 0.20000000000000004 2.3000000000000003
-0.4999999999999978 0.20000000000000004 2.4000000000000004
-0.4999999999999978 0.20000000000000004 2.5
-0.3999999999999977 -0.1 0.0
-0.3999999999999977 -0.1 0.1
-0.3999999999999977 -0.1 0.2
-0.3999999999999977 -0.1 0.30000000000000004
-0.3999999999999977 -0.1 0.4
-0.3999999999999977 -0.1 0.5
-0.3999999999999977 -0.1 0.6000000000000001
-0.3999999999999977 -0.1 0.7000000000000001
-0.3999999999999977 -0.1 0.8
-0.3999999999999977 -0.1 0.9
-0.3999999999999977 -0.1 1.0
-0.3999999999999977 -0.1 1.1
-0.3999999999999977 -0.1 1.2000000000000002
-0.3999999999999977 -0.1 1.3
-0.3999999999999977 -0.1 1.4000000000000001
-0.3999999999999977 -0.1 1.5
-0.3999999999999977 -0.1 1.6
-0.3999999999999977 -0.1 1.7000000000000002
-0.3999999999999977 -0.1 1.8
-0.3999999999999977 -0.1 1.9000000000000001
-0.3999999999999977 -0.1 2.0
-0.3999999999999977 -0.1 2.1
-0.3999999999999977 -0.1 2.2
-0.3999999999999977 -0.1 2.3000000000000003
-0.3999999999999977 -0.1 2.4000000000000004
-0.3999999999999977 -0.1 2.5
-0.3999999999999977 0.0 0.0
-0.3999999999999977 0.0 0.1
-0.3999999999999977 0.0 0.2
-0.3999999999999977 0.0 0.30000000000000004
-0.3999999999999977 0.0 0.4
-0.3999999999999977 0.0 0.5
-0.3999999999999977 0.0 0.6000000000000001
-0.3999999999999977 0.0 0.7000000000000001
-0.3999999999999977 0.0 0.8
-0.3999999999999977 0.0 0.9
-0.3999999999999977 0.0 1.0
-0.3999999999999977 0.0 1.1
-0.3999999999999977 0.0 1.2000000000000002
-0.3999999999999977 0.0 1.3
-0.3999999999999977 0.0 1.4000000000000001
-0.3999999999999977 0.0 1.5
-0.3999999999999977 0.0 1.6
-0.3999999999999977 0.0 1.7000000000000002
-0.3999999999999977 0.0 1.8
-0.3999999999999977 0.0 1.9000000000000001
-0.3999999999999977 0.0 2.0
-0.3999999999999977 0.0 2.1
-0.3999999999999977 0.0 2.2
-0.3999999999999977 0.0 2.3000000000000003
-0.3999999999999977 0.0 2.4000000000000004
-0.3999999999999977 0.0 2.5
-0.3999999999999977 0.1 0.0
-0.3999999999999977 0.1 0.1
-0.3999999999999977 0.1 0.2
-0.3999999999999977 0.1 0.30000000000000004
-0.3999999999999977 0.1 0.4
-0.3999999999999977 0.1 0.5
-0.3999999999999977 0.1 0.6000000000000001
-0.3999999999999977 0.1 0.7000000000000001
-0.3999999999999977 0.1 0.8
-0.3999999999999977 0.1 0.9
-0.3999999999999977 0.1 1.0
-0.3999999999999977 0.1 1.1
-0.3999999999999977 0.1 1.2000000000000002
-0.3999999999999977 0.1 1.3
-0.3999999999999977 0.1 1.4000000000000001
-0.3999999999999977 0.1 1.5
-0.3999999999999977 0.1 1.6
-0.3999999999999977 0.1 1.7000000000000002
-0.3999999999999977 0.1 1.8
-0.3999999999999977 0.1 1.9000000000000001
-0.3999999999999977 0.1 2.0
-0.3999999999999977 0.1 2.1
-0.3999999999999977 0.1 2.2
-0.3999999999999977 0.1 2.3000000000000003
-0.3999999999999977 0.1 2.4000000000000004
-0.3999999999999977 0.1 2.5
-0.3999999999999977 0.20000000000000004 0.0
-0.3999999999999977 0.20000000000000004 0.1
-0.3999999999999977 0.20000000000000004 0.2
-0.3999999999999977 0.20000000000000004 0.30000000000000004
-0.3999999999999977 0.20000000000000004 0.4
-0.3999999999999977 0.20000000000000004 0.5
-0.3999999999999977 0.20000000000000004 0.6000000000000001
-0.3999999999999977 0.20000000000000004 0.7000000000000001
-0.3999999999999977 0.20000000000000004 0.8
-0.3999999999999977 0.20000000000000004 0.9
-0.3999999999999977 0.20000000000000004 1.0
-0.3999999999999977 0.20000000000000004 1.1
-0.3999999999999977 0.20000000000000004 1.2000000000000002
-0.3999999999999977 0.20000000000000004 1.3
-0.3999999999999977 0.20000000000000004 1.4000000000000001
-0.3999999999999977 0.20000000000000004 1.5
-0.3999999999999977 0.20000000000000004 1.6
-0.3999999999999977 0.20000000000000004 1.7000000000000002
-0.3999999999999977 0.20000000000000004 1.8
-0.3999999999999977 0.20000000000000004 1.9000000000000001
-0.3999999999999977 0.20000000000000004 2.0
-0.3999999999999977 0.20000000000000004 2.1
-0.3999999999999977 0.20000000000000004 2.2
-0.3999999999999977 0.20000000000000004 2.3000000000000003
-0.3999999999999977 0.20000000000000004 2.4000000000000004
-0.3999999999999977 0.20000000000000004 2.5
-0.2999999999999976 -0.1 0.0
-0.2999999999999976 -0.1 0.1
-0.2999999999999976 -0.1 0.2
-0.2999999999999976 -0.1 0.30000000000000004
-0.2999999999999976 -0.1 0.4
-0.2999999999999976 -0.1 0.5
-0.2999999999999976 -0.1 0.6000000000000001
-0.2999999999999976 -0.1 0.7000000000000001
-0.2999999999999976 -0.1 0.8
-0.2999999999999976 -0.1 0.9
-0.2999999999999976 -0.1 1.0
-0.2999999999999976 -0.1 1.1
-0.2999999999999976 -0.1 1.2000000000000002
-0.2999999999999976 -0.1 1.3
-0.2999999999999976 -0.1 1.4000000000000001
-0.2999999999999976 -0.1 1.5
-0.2999999999999976 -0.1 1.6
-0.2999999999999976 -0.1 1.7000000000000002
-0.2999999999999976 -0.1 1.8
-0.2999999999999976 -0.1 1.9000000000000001
-0.2999999999999976 -0.1 2.0
-0.2999999999999976 -0.1 2.1
-0.2999999999999976 -0.1 2.2
-0.2999999999999976 -0.1 2.3000000000000003
-0.2999999999999976 -0.1 2.4000000000000004
-0.2999999999999976 -0.1 2.5
-0.2999999999999976 0.0 0.0
-0.2999999999999976 0.0 0.1
-0.2999999999999976 0.0 0.2
-0.2999999999999976 0.0 0.30000000000000004
-0.2999999999999976 0.0 0.4
-0.2999999999999976 0.0 0.5
-0.2999999999999976 0.0 0.6000000000000001
-0.2999999999999976 0.0 0.7000000000000001
-0.2999999999999976 0.0 0.8
-0.2999999999999976 0.0 0.9
-0.2999999999999976 0.0 1.0
-0.2999999999999976 0.0 1.1
-0.2999999999999976 0.0 1.2000000000000002
-0.2999999999999976 0.0 1.3
-0.2999999999999976 0.0 1.4000000000000001
-0.2999999999999976 0.0 1.5
-0.2999999999999976 0.0 1.6
-0.2999999999999976 0.0 1.7000000000000002
-0.2999999999999976 0.0 1.8
-0.2999999999999976 0.0 1.9000000000000001
-0.2999999999999976 0.0 2.0
-0.2999999999999976 0.0 2.1
-0.2999999999999976 0.0 2.2
-0.2999999999999976 0.0 2.3000000000000003
-0.2999999999999976 0.0 2.4000000000000004
-0.2999999999999976 0.0 2.5
-0.2999999999999976 0.1 0.0
-0.2999999999999976 0.1 0.1
-0.2999999999999976 0.1 0.2
-0.2999999999999976 0.1 0.30000000000000004
-0.2999999999999976 0.1 0.4
-0.2999999999999976 0.1 0.5
-0.2999999999999976 0.1 0.6000000000000001
-0.2999999999999976 0.1 0.7000000000000001
-0.2999999999999976 0.1 0.8
-0.2999999999999976 0.1 0.9
-0.2999999999999976 0.1 1.0
-0.2999999999999976 0.1 1.1
-0.2999999999999976 0.1 1.2000000000000002
-0.2999999999999976 0.1 1.3
-0.2999999999999976 0.1 1.4000000000000001
-0.2999999999999976 0.1 1.5
-0.2999999999999976 0.1 1.6
-0.2999999999999976 0.1 1.7000000000000002
-0.2999999999999976 0.1 1.8
-0.2999999999999976 0.1 1.9000000000000001
-0.2999999999999976 0.1 2.0
-0.2999999999999976 0.1 2.1
-0.2999999999999976 0.1 2.2
-0.2999999999999976 0.1 2.3000000000000003
-0.2999999999999976 0.1 2.4000000000000004
-0.2999999999999976 0.1 2.5
-0.2999999999999976 0.20000000000000004 0.0
-0.2999999999999976 0.20000000000000004 0.1
-0.2999999999999976 0.20000000000000004 0.2
-0.2999999999999976 0.20000000000000004 0.30000000000000004
-0.2999999999999976 0.20000000000000004 0.4
-0.2999999999999976 0.20000000000000004 0.5
-0.2999999999999976 0.20000000000000004 0.6000000000000001
-0.2999999999999976 0.20000000000000004 0.7000000000000001
-0.2999999999999976 0.20000000000000004 0.8
-0.2999999999999976 0.20000000000000004 0.9
-0.2999999999999976 0.20000000000000004 1.0
-0.2999999999999976 0.20000000000000004 1.1
-0.2999999999999976 0.20000000000000004 1.2000000000000002
-0.2999999999999976 0.20000000000000004 1.3
-0.2999999999999976 0.20000000000000004 1.4000000000000001
-0.2999999999999976 0.20000000000000004 1.5
-0.2999999999999976 0.20000000000000004 1.6
-0.2999999999999976 0.20000000000000004 1.7000000000000002
-0.2999999999999976 0.20000000000000004 1.8
-0.2999999999999976 0.20000000000000004 1.9000000000000001
-0.2999999999999976 0.20000000000000004 2.0
-0.2999999999999976 0.20000000000000004 2.1
-0.2999999999999976 0.20000000000000004 2.2
-0.2999999999999976 0.20000000000000004 2.3000000000000003
-0.2999999999999976 0.20000000000000004 2.4000000000000004
-0.2999999999999976 0.20000000000000004 2.5
-0.1999999999999975 -0.1 0.0
-0.1999999999999975 -0.1 0.1
-0.1999999999999975 -0.1 0.2
-0.1999999999999975 -0.1 0.30000000000000004
-0.1999999999999975 -0.1 0.4
-0.1999999999999975 -0.1 0.5
-0.1999999999999975 -0.1 0.6000000000000001
-0.1999999999999975 -0.1 0.7000000000000001
-0.1999999999999975 -0.1 0.8
-0.1999999999999975 -0.1 0.9
-0.1999999999999975 -0.1 1.0
-0.1999999999999975 -0.1 1.1
-0.1999999999999975 -0.1 1.2000000000000002
-0.1999999999999975 -0.1 1.3
-0.1999999999999975 -0.1 1.4000000000000001
-0.1999999999999975 -0.1 1.5
-0.1999999999999975 -0.1 1.6
-0.1999999999999975 -0.1 1.7000000000000002
-0.1999999999999975 -0.1 1.8
-0.1999999999999975 -0.1 1.9000000000000001
-0.1999999999999975 -0.1 2.0
-0.1999999999999975 -0.1 2.1
-0.1999999999999975 -0.1 2.2
-0.1999999999999975 -0.1 2.3000000000000003
-0.1999999999999975 -0.1 2.4000000000000004
-0.1999999999999975 -0.1 2.5
-0.1999999999999975 0.0 0.0
-0.1999999999999975 0.0 0.1
-0.1999999999999975 0.0 0.2
-0.1999999999999975 0.0 0.30000000000000004
-0.1999999999999975 0.0 0.4
-0.1999999999999975 0.0 0.5
-0.1999999999999975 0.0 0.6000000000000001
-0.1999999999999975 0.0 0.7000000000000001
-0.1999999999999975 0.0 0.8
-0.1999999999999975 0.0 0.9
-0.1999999999999975 0.0 1.0
-0.1999999999999975 0.0 1.1
-0.1999999999999975 0.0 1.2000000000000002
-0.1999999999999975 0.0 1.3
-0.1999999999999975 0.0 1.4000000000000001
-0.1999999999999975 0.0 1.5
-0.1999999999999975 0.0 1.6
-0.1999999999999975 0.0 1.7000000000000002
-0.1999999999999975 0.0 1.8
-0.1999999999999975 0.0 1.9000000000000001
-0.1999999999999975 0.0 2.0
-0.1999999999999975 0.0 2.1
-0.1999999999999975 0.0 2.2
-0.1999999999999975 0.0 2.3000000000000003
-0.1999999999999975 0.0 2.4000000000000004
-0.1999999999999975 0.0 2.5
-0.1999999999999975 0.1 0.0
-0.1999999999999975 0.1 0.1
-0.1999999999999975 0.1 0.2
-0.1999999999999975 0.1 0.30000000000000004
-0.1999999999999975 0.1 0.4
-0.1999999999999975 0.1 0.5
-0.1999999999999975 0.1 0.6000000000000001
-0.1999999999999975 0.1 0.7000000000000001
-0.1999999999999975 0.1 0.8
-0.1999999999999975 0.1 0.9
-0.1999999999999975 0.1 1.0
-0.1999999999999975 0.1 1.1
-0.1999999999999975 0.1 1.2000000000000002
-0.1999999999999975 0.1 1.3
-0.1999999999999975 0.1 1.4000000000000001
-0.1999999999999975 0.1 1.5
-0.1999999999999975 0.1 1.6
-0.1999999999999975 0.1 1.7000000000000002
-0.1999999999999975 0.1 1.8
-0.1999999999999975 0.1 1.9000000000000001
-0.1999999999999975 0.1 2.0
-0.1999999999999975 0.1 2.1
-0.1999999999999975 0.1 2.2
-0.1999999999999975 0.1 2.3000000000000003
-0.1999999999999975 0.1 2.4000000000000004
-0.1999999999999975 0.1 2.5
-0.1999999999999975 0.20000000000000004 0.0
-0.1999999999999975 0.20000000000000004 0.1
-0.1999999999999975 0.20000000000000004 0.2
-0.1999999999999975 0.20000000000000004 0.30000000000000004
-0.1999999999999975 0.20000000000000004 0.4
-0.1999999999999975 0.20000000000000004 0.5
-0.1999999999999975 0.20000000000000004 0.6000000000000001
-0.1999999999999975 0.20000000000000004 0.7000000000000001
-0.1999999999999975 0.20000000000000004 0.8
-0.1999999999999975 0.20000000000000004 0.9
-0.1999999999999975 0.20000000000000004 1.0
-0.1999999999999975 0.20000000000000004 1.1
-0.1999999999999975 0.20000000000000004 1.2000000000000002
-0.1999999999999975 0.20000000000000004 1.3
-0.1999999999999975 0.20000000000000004 1.4000000000000001
-0.1999999999999975 0.20000000000000004 1.5
-0.1999999999999975 0.20000000000000004 1.6
-0.1999999999999975 0.20000000000000004 1.7000000000000002
-0.1999999999999975 0.20000000000000004 1.8
-0.1999999999999975 0.20000000000000004 1.9000000000000001
-0.1999999999999975 0.20000000000000004 2.0
-0.1999999999999975 0.20000000000000004 2.1
-0.1999999999999975 0.20000000000000004 2.2
-0.1999999999999975 0.20000000000000004 2.3000000000000003
-0.1999999999999975 0.20000000000000004 2.4000000000000004
-0.1999999999999975 0.20000000000000004 2.5
-0.09999999999999742 -0.1 0.0
-0.09999999999999742 -0.1 0.1
-0.09999999999999742 -0.1 0.2
-0.09999999999999742 -0.1 0.30000000000000004
-0.09999999999999742 -0.1 0.4
-0.09999999999999742 -0.1 0.5
-0.09999999999999742 -0.1 0.6000000000000001
-0.09999999999999742 -0.1 0.7000000000000001
-0.09999999999999742 -0.1 0.8
-0.09999999999999742 -0.1 0.9
-0.09999999999999742 -0.1 1.0
-0.09999999999999742 -0.1 1.1
-0.09999999999999742 -0.1 1.2000000000000002
-0.09999999999999742 -0.1 1.3
-0.09999999999999742 -0.1 1.4000000000000001
-0.09999999999999742 -0.1 1.5
-0.09999999999999742 -0.1 1.6
-0.09999999999999742 -0.1 1.7000000000000002
-0.09999999999999742 -0.1 1.8
-0.09999999999999742 -0.1 1.9000000000000001
-0.09999999999999742 -0.1 2.0
-0.09999999999999742 -0.1 2.1
-0.09999999999999742 -0.1 2.2
-0.09999999999999742 -0.1 2.3000000000000003
-0.09999999999999742 -0.1 2.4000000000000004
-0.09999999999999742 -0.1 2.5
-0.09999999999999742 0.0 0.0
-0.09999999999999742 0.0 0.1
-0.09999999999999742 0.0 0.2
-0.09999999999999742 0.0 0.30000000000000004
-0.09999999999999742 0.0 0.4
-0.09999999999999742 0.0 0.5
-0.09999999999999742 0.0 0.6000000000000001
-0.09999999999999742 0.0 0.7000000000000001
-0.09999999999999742 0.0 0.8
-0.09999999999999742 0.0 0.9
-0.09999999999999742 0.0 1.0
-0.09999999999999742 0.0 1.1
-0.09999999999999742 0.0 1.2000000000000002
-0.09999999999999742 0.0 1.3
-0.09999999999999742 0.0 1.4000000000000001
-0.09999999999999742 0.0 1.5
-0.09999999999999742 0.0 1.6
-0.09999999999999742 0.0 1.7000000000000002
-0.09999999999999742 0.0 1.8
-0.09999999999999742 0.0 1.9000000000000001
-0.09999999999999742 0.0 2.0
-0.09999999999999742 0.0 2.1
-0.09999999999999742 0.0 2.2
-0.09999999999999742 0.0 2.3000000000000003
-0.09999999999999742 0.0 2.4000000000000004
-0.09999999999999742 0.0 2.5
-0.09999999999999742 0.1 0.0
-0.09999999999999742 0.1 0.1
-0.09999999999999742 0.1 0.2
-0.09999999999999742 0.1 0.30000000000000004
-0.09999999999999742 0.1 0.4
-0.09999999999999742 0.1 0.5
-0.09999999999999742 0.1 0.6000000000000001
-0.09999999999999742 0.1 0.7000000000000001
-0.09999999999999742 0.1 0.8
-0.09999999999999742 0.1 0.9
-0.09999999999999742 0.1 1.0
-0.09999999999999742 0.1 1.1
-0.09999999999999742 0.1 1.2000000000000002
-0.09999999999999742 0.1 1.3
-0.09999999999999742 0.1 1.4000000000000001
-0.09999999999999742 0.1 1.5
-0.09999999999999742 0.1 1.6
-0.09999999999999742 0.1 1.7000000000000002
-0.09999999999999742 0.1 1.8
-0.09999999999999742 0.1 1.9000000000000001
-0.09999999999999742 0.1 2.0
-0.09999999999999742 0.1 2.1
-0.09999999999999742 0.1 2.2
-0.09999999999999742 0.1 2.3000000000000003
-0.09999999999999742 0.1 2.4000000000000004
-0.09999999999999742 0.1 2.5
-0.09999999999999742 0.20000000000000004 0.0
-0.09999999999999742 0.20000000000000004 0.1
-0.09999999999999742 0.20000000000000004 0.2
-0.09999999999999742 0.20000000000000004 0.30000000000000004
-0.09999999999999742 0.20000000000000004 0.4
-0.09999999999999742 0.20000000000000004 0.5
-0.09999999999999742 0.20000000000000004 0.6000000000000001
-0.09999999999999742 0.20000000000000004 0.7000000000000001
-0.09999999999999742 0.20000000000000004 0.8
-0.09999999999999742 0.20000000000000004 0.9
-0.09999999999999742 0.20000000000000004 1.0
-0.09999999999999742 0.20000000000000004 1.1
-0.09999999999999742 0.20000000000000004 1.2000000000000002
-0.09999999999999742 0.20000000000000004 1.3
-0.09999999999999742 0.20000000000000004 1.4000000000000001
-0.09999999999999742 0.20000000000000004 1.5
-0.09999999999999742 0.20000000000000004 1.6
-0.09999999999999742 0.20000000000000004 1.7000000000000002
-0.09999999999999742 0.20000000000000004 1.8
-0.09999999999999742 0.20000000000000004 1.9000000000000001
-0.09999999999999742 0.20000000000000004 2.0
-0.09999999999999742 0.20000000000000004 2.1
-0.09999999999999742 0.20000000000000004 2.2
-0.09999999999999742 0.20000000000000004 2.3000000000000003
-0.09999999999999742 0.20000000000000004 2.4000000000000004
-0.09999999999999742 0.20000000000000004 2.5
2.6645352591003757e-15 -0.1 0.0
2.6645352591003757e-15 -0.1 0.1
2.6645352591003757e-15 -0.1 0.2
2.6645352591003757e-15 -0.1 0.30000000000000004
2.6645352591003757e-15 -0.1 0.4
2.6645352591003757e-15 -0.1 0.5
2.6645352591003757e-15 -0.1 0.6000000000000001
2.6645352591003757e-15 -0.1 0.7000000000000001
2.6645352591003757e-15 -0.1 0.8
2.6645352591003757e-15 -0.1 0.9
2.6645352591003757e-15 -0.1 1.0
2.6645352591003757e-15 -0.1 1.1
2.6645352591003757e-15 -0.1 1.2000000000000002
2.6645352591003757e-15 -0.1 1.3
2.6645352591003757e-15 -0.1 1.4000000000000001
2.6645352591003757e-15 -0.1 1.5
2.6645352591003757e-15 -0.1 1.6
2.6645352591003757e-15 -0.1 1.7000000000000002
2.6645352591003757e-15 -0.1 1.8
2.6645352591003757e-15 -0.1 1.9000000000000001
2.6645352591003757e-15 -0.1 2.0
2.6645352591003757e-15 -0.1 2.1
2.6645352591003757e-15 -0.1 2.2
2.6645352591003757e-15 -0.1 2.3000000000000003
2.6645352591003757e-15 -0.1 2.4000000000000004
2.6645352591003757e-15 -0.1 2.5
2.6645352591003757e-15 0.0 0.0
2.6645352591003757e-15 0.0 0.1
2.6645352591003757e-15 0.0 0.2
2.6645352591003757e-15 0.0 0.30000000000000004
2.6645352591003757e-15 0.0 0.4
2.6645352591003757e-15 0.0 0.5
2.6645352591003757e-15 0.0 0.6000000000000001
2.6645352591003757e-15 0.0 0.7000000000000001
2.6645352591003757e-15 0.0 0.8
2.6645352591003757e-15 0.0 0.9
2.6645352591003757e-15 0.0 1.0
2.6645352591003757e-15 0.0 1.1
2.6645352591003757e-15 0.0 1.2000000000000002
2.6645352591003757e-15 0.0 1.3
2.6645352591003757e-15 0.0 1.4000000000000001
2.6645352591003757e-15 0.0 1.5
2.6645352591003757e-15 0.0 1.6
2.6645352591003757e-15 0.0 1.7000000000000002
2.6645352591003757e-15 0.0 1.8
2.6645352591003757e-15 0.0 1.9000000000000001
2.6645352591003757e-15 0.0 2.0
2.6645352591003757e-15 0.0 2.1
2.6645352591003757e-15 0.0 2.2
2.6645352591003757e-15 0.0 2.3000000000000003
2.6645352591003757e-15 0.0 2.4000000000000004
2.6645352591003757e-15 0.0 2.5
2.6645352591003757e-15 0.1 0.0
2.6645352591003757e-15 0.1 0.1
2.6645352591003757e-15 0.1 0.2
2.6645352591003757e-15 0.1 0.30000000000000004
2.6645352591003757e-15 0.1 0.4
2.6645352591003757e-15 0.1 0.5
2.6645352591003757e-15 0.1 0.6000000000000001
2.6645352591003757e-15 0.1 0.7000000000000001
2.6645352591003757e-15 0.1 0.8
2.6645352591003757e-15 0.1 0.9
2.6645352591003757e-15 0.1 1.0
2.6645352591003757e-15 0.1 1.1
2.6645352591003757e-15 0.1 1.2000000000000002
2.6645352591003757e-15 0.1 1.3
2.6645352591003757e-15 0.1 1.4000000000000001
2.6645352591003757e-15 0.1 1.5
2.6645352591003757e-15 0.1 1.6
2.6645352591003757e-15 0.1 1.7000000000000002
2.6645352591003757e-15 0.1 1.8
2.6645352591003757e-15 0.1 1.9000000000000001
2.6645352591003757e-15 0.1 2.0
2.6645352591003757e-15 0.1 2.1
2.6645352591003757e-15 0.1 2.2
2.6645352591003757e-15 0.1 2.3000000000000003
2.6645352591003757e-15 0.1 2.4000000000000004
2.6645352591003757e-15 0.1 2.5
2.6645352591003757e-15 0.20000000000000004 0.0
2.6645352591003757e-15 0.20000000000000004 0.1
2.6645352591003757e-15 0.20000000000000004 0.2
2.6645352591003757e-15 0.20000000000000004 0.30000000000000004
2.6645352591003757e-15 0.20000000000000004 0.4
2.6645352591003757e-15 0.20000000000000004 0.5
2.6645352591003757e-15 0.20000000000000004 0.6000000000000001
2.6645352591003757e-15 0.20000000000000004 0.7000000000000001
2.6645352591003757e-15 0.20000000000000004 0.8
2.6645352591003757e-15 0.20000000000000004 0.9
2.6645352591003757e-15 0.20000000000000004 1.0
2.6645352591003757e-15 0.20000000000000004 1.1
2.6645352591003757e-15 0.20000000000000004 1.2000000000000002
2.6645352591003757e-15 0.20000000000000004 1.3
2.6645352591003757e-15 0.20000000000000004 1.4000000000000001
2.6645352591003757e-15 0.20000000000000004 1.5
2.6645352591003757e-15 0.20000000000000004 1.6
2.6645352591003757e-15 0.20000000000000004 1.7000000000000002
2.6645352591003757e-15 0.20000000000000004 1.8
2.6645352591003757e-15 0.20000000000000004 1.9000000000000001
2.6645352591003757e-15 0.20000000000000004 2.0
2.6645352591003757e-15 0.20000000000000004 2.1
2.6645352591003757e-15 0.20000000000000004 2.2
2.6645352591003757e-15 0.20000000000000004 2.3000000000000003
2.6645352591003757e-15 0.20000000000000004 2.4000000000000004
2.6645352591003757e-15 0.20000000000000004 2.5
0.10000000000000275 -0.1 0.0
0.10000000000000275 -0.1 0.1
0.10000000000000275 -0.1 0.2
0.10000000000000275 -0.1 0.30000000000000004
0.10000000000000275 -0.1 0.4
0.10000000000000275 -0.1 0.5
0.10000000000000275 -0.1 0.6000000000000001
0.10000000000000275 -0.1 0.7000000000000001
0.10000000000000275 -0.1 0.8
0.10000000000000275 -0.1 0.9
0.10000000000000275 -0.1 1.0
0.10000000000000275 -0.1 1.1
0.10000000000000275 -0.1 1.2000000000000002
0.10000000000000275 -0.1 1.3
0.10000000000000275 -0.1 1.4000000000000001
0.10000000000000275 -0.1 1.5
0.10000000000000275 -0.1 1.6
0.10000000000000275 -0.1 1.7000000000000002
0.10000000000000275 -0.1 1.8
0.10000000000000275 -0.1 1.9000000000000001
0.10000000000000275 -0.1 2.0
0.10000000000000275 -0.1 2.1
0.10000000000000275 -0.1 2.2
0.10000000000000275 -0.1 2.3000000000000003
0.10000000000000275 -0.1 2.4000000000000004
0.10000000000000275 -0.1 2.5
0.10000000000000275 0.0 0.0
0.10000000000000275 0.0 0.1
0.10000000000000275 0.0 0.2
0.10000000000000275 0.0 0.30000000000000004
0.10000000000000275 0.0 0.4
0.10000000000000275 0.0 0.5
0.10000000000000275 0.0 0.6000000000000001
0.10000000000000275 0.0 0.7000000000000001
0.10000000000000275 0.0 0.8
0.10000000000000275 0.0 0.9
0.10000000000000275 0.0 1.0
0.10000000000000275 0.0 1.1
0.10000000000000275 0.0 1.2000000000000002
0.10000000000000275 0.0 1.3
0.10000000000000275 0.0 1.4000000000000001
0.10000000000000275 0.0 1.5
0.10000000000000275 0.0 1.6
0.10000000000000275 0.0 1.7000000000000002
0.10000000000000275 0.0 1.8
0.10000000000000275 0.0 1.9000000000000001
0.10000000000000275 0.0 2.0
0.10000000000000275 0.0 2.1
0.10000000000000275 0.0 2.2
0.10000000000000275 0.0 2.3000000000000003
0.10000000000000275 0.0 2.4000000000000004
0.10000000000000275 0.0 2.5
0.10000000000000275 0.1 0.0
0.10000000000000275 0.1 0.1
0.10000000000000275 0.1 0.2
0.10000000000000275 0.1 0.30000000000000004
0.10000000000000275 0.1 0.4
0.10000000000000275 0.1 0.5
0.10000000000000275 0.1 0.6000000000000001
0.10000000000000275 0.1 0.7000000000000001
0.10000000000000275 0.1 0.8
0.10000000000000275 0.1 0.9
0.10000000000000275 0.1 1.0
0.10000000000000275 0.1 1.1
0.10000000000000275 0.1 1.2000000000000002
0.10000000000000275 0.1 1.3
0.10000000000000275 0.1 1.4000000000000001
0.10000000000000275 0.1 1.5
0.10000000000000275 0.1 1.6
0.10000000000000275 0.1 1.7000000000000002
0.10000000000000275 0.1 1.8
0.10000000000000275 0.1 1.9000000000000001
0.10000000000000275 0.1 2.0
0.10000000000000275 0.1 2.1
0.10000000000000275 0.1 2.2
0.10000000000000275 0.1 2.3000000000000003
0.10000000000000275 0.1 2.4000000000000004
0.10000000000000275 0.1 2.5
0.10000000000000275 0.20000000000000004 0.0
0.10000000000000275 0.20000000000000004 0.1
0.10000000000000275 0.20000000000000004 0.2
0.10000000000000275 0.20000000000000004 0.30000000000000004
0.10000000000000275 0.20000000000000004 0.4
0.10000000000000275 0.20000000000000004 0.5
0.10000000000000275 0.20000000000000004 0.6000000000000001
0.10000000000000275 0.20000000000000004 0.7000000000000001
0.10000000000000275 0.20000000000000004 0.8
0.10000000000000275 0.20000000000000004 0.9
0.10000000000000275 0.20000000000000004 1.0
0.10000000000000275 0.20000000000000004 1.1
0.10000000000000275 0.20000000000000004 1.2000000000000002
0.10000000000000275 0.20000000000000004 1.3
0.10000000000000275 0.20000000000000004 1.4000000000000001
0.10000000000000275 0.20000000000000004 1.5
0.10000000000000275 0.20000000000000004 1.6
0.10000000000000275 0.20000000000000004 1.7000000000000002
0.10000000000000275 0.20000000000000004 1.8
0.10000000000000275 0.20000000000000004 1.9000000000000001
0.10000000000000275 0.20000000000000004 2.0
0.10000000000000275 0.20000000000000004 2.1
0.10000000000000275 0.20000000000000004 2.2
0.10000000000000275 0.20000000000000004 2.3000000000000003
0.10000000000000275 0.20000000000000004 2.4000000000000004
0.10000000000000275 0.20000000000000004 2.5
0.20000000000000284 -0.1 0.0
0.20000000000000284 -0.1 0.1
0.20000000000000284 -0.1 0.2
0.20000000000000284 -0.1 0.30000000000000004
0.20000000000000284 -0.1 0.4
0.20000000000000284 -0.1 0.5
0.20000000000000284 -0.1 0.6000000000000001
0.20000000000000284 -0.1 0.7000000000000001
0.20000000000000284 -0.1 0.8
0.20000000000000284 -0.1 0.9
0.20000000000000284 -0.1 1.0
0.20000000000000284 -0.1 1.1
0.20000000000000284 -0.1 1.2000000000000002
0.20000000000000284 -0.1 1.3
0.20000000000000284 -0.1 1.4000000000000001
0.20000000000000284 -0.1 1.5
0.20000000000000284 -0.1 1.6
0.20000000000000284 -0.1 1.7000000000000002
0.20000000000000284 -0.1 1.8
0.20000000000000284 -0.1 1.9000000000000001
0.20000000000000284 -0.1 2.0
0.20000000000000284 -0.1 2.1
0.20000000000000284 -0.1 2.2
0.20000000000000284 -0.1 2.3000000000000003
0.20000000000000284 -0.1 2.4000000000000004
0.20000000000000284 -0.1 2.5
0.20000000000000284 0.0 0.0
0.20000000000000284 0.0 0.1
0.20000000000000284 0.0 0.2
0.20000000000000284 0.0 0.30000000000000004
0.20000000000000284 0.0 0.4
0.20000000000000284 0.0 0.5
0.20000000000000284 0.0 0.6000000000000001
0.20000000000000284 0.0 0.7000000000000001
0.20000000000000284 0.0 0.8
0.20000000000000284 0.0 0.9
0.20000000000000284 0.0 1.0
0.20000000000000284 0.0 1.1
0.20000000000000284 0.0 1.2000000000000002
0.20000000000000284 0.0 1.3
0.20000000000000284 0.0 1.4000000000000001
0.20000000000000284 0.0 1.5
0.20000000000000284 0.0 1.6
0.20000000000000284 0.0 1.7000000000000002
0.20000000000000284 0.0 1.8
0.20000000000000284 0.0 1.9000000000000001
0.20000000000000284 0.0 2.0
0.20000000000000284 0.0 2.1
0.20000000000000284 0.0 2.2
0.20000000000000284 0.0 2.3000000000000003
0.20000000000000284 0.0 2.4000000000000004
0.20000000000000284 0.0 2.5
0.20000000000000284 0.1 0.0
0.20000000000000284 0.1 0.1
0.20000000000000284 0.1 0.2
0.20000000000000284 0.1 0.30000000000000004
0.20000000000000284 0.1 0.4
0.20000000000000284 0.1 0.5
0.20000000000000284 0.1 0.6000000000000001
0.20000000000000284 0.1 0.7000000000000001
0.20000000000000284 0.1 0.8
0.20000000000000284 0.1 0.9
0.20000000000000284 0.1 1.0
0.20000000000000284 0.1 1.1
0.20000000000000284 0.1 1.2000000000000002
0.20000000000000284 0.1 1.3
0.20000000000000284 0.1 1.4000000000000001
0.20000000000000284 0.1 1.5
0.20000000000000284 0.1 1.6
0.20000000000000284 0.1 1.7000000000000002
0.20000000000000284 0.1 1.8
0.20000000000000284 0.1 1.9000000000000001
0.20000000000000284 0.1 2.0
0.20000000000000284 0.1 2.1
0.20000000000000284 0.1 2.2
0.20000000000000284 0.1 2.3000000000000003
0.20000000000000284 0.1 2.4000000000000004
0.20000000000000284 0.1 2.5
0.20000000000000284 0.20000000000000004 0.0
0.20000000000000284 0.20000000000000004 0.1
0.20000000000000284 0.20000000000000004 0.2
0.20000000000000284 0.20000000000000004 0.30000000000000004
0.20000000000000284 0.20000000000000004 0.4
0.20000000000000284 0.20000000000000004 0.5
0.20000000000000284 0.20000000000000004 0.6000000000000001
0.20000000000000284 0.20000000000000004 0.7000000000000001
0.20000000000000284 0.20000000000000004 0.8
0.20000000000000284 0.20000000000000004 0.9
0.20000000000000284 0.20000000000000004 1.0
0.20000000000000284 0.20000000000000004 1.1
0.20000000000000284 0.20000000000000004 1.2000000000000002
0.20000000000000284 0.20000000000000004 1.3
0.20000000000000284 0.20000000000000004 1.4000000000000001
0.20000000000000284 0.20000000000000004 1.5
0.20000000000000284 0.20000000000000004 1.6
0.20000000000000284 0.20000000000000004 1.7000000000000002
0.20000000000000284 0.20000000000000004 1.8
0.20000000000000284 0.20000000000000004 1.9000000000000001
0.20000000000000284 0.20000000000000004 2.0
0.20000000000000284 0.20000000000000004 2.1
0.20000000000000284 0.20000000000000004 2.2
0.20000000000000284 0.20000000000000004 2.3000000000000003
0.20000000000000284 0.20000000000000004 2.4000000000000004
0.20000000000000284 0.20000000000000004 2.5
0.30000000000000293 -0.1 0.0
0.30000000000000293 -0.1 0.1
0.30000000000000293 -0.1 0.2
0.30000000000000293 -0.1 0.30000000000000004
0.30000000000000293 -0.1 0.4
0.30000000000000293 -0.1 0.5
0.30000000000000293 -0.1 0.6000000000000001
0.30000000000000293 -0.1 0.7000000000000001
0.30000000000000293 -0.1 0.8
0.30000000000000293 -0.1 0.9
0.30000000000000293 -0.1 1.0
0.30000000000000293 -0.1 1.1
0.30000000000000293 -0.1 1.2000000000000002
0.30000000000000293 -0.1 1.3
0.30000000000000293 -0.1 1.4000000000000001
0.30000000000000293 -0.1 1.5
0.30000000000000293 -0.1 1.6
0.30000000000000293 -0.1 1.7000000000000002
0.30000000000000293 -0.1 1.8
0.30000000000000293 -0.1 1.9000000000000001
0.30000000000000293 -0.1 2.0
0.30000000000000293 -0.1 2.1
0.30000000000000293 -0.1 2.2
0.30000000000000293 -0.1 2.3000000000000003
0.30000000000000293 -0.1 2.4000000000000004
0.30000000000000293 -0.1 2.5
0.30000000000000293 0.0 0.0
0.30000000000000293 0.0 0.1
0.30000000000000293 0.0 0.2
0.30000000000000293 0.0 0.30000000000000004
0.30000000000000293 0.0 0.4
0.30000000000000293 0.0 0.5
0.30000000000000293 0.0 0.6000000000000001
0.30000000000000293 0.0 0.7000000000000001
0.30000000000000293 0.0 0.8
0.30000000000000293 0.0 0.9
0.30000000000000293 0.0 1.0
0.30000000000000293 0.0 1.1
0.30000000000000293 0.0 1.2000000000000002
0.30000000000000293 0.0 1.3
0.30000000000000293 0.0 1.4000000000000001
0.30000000000000293 0.0 1.5
0.30000000000000293 0.0 1.6
0.30000000000000293 0.0 1.7000000000000002
0.30000000000000293 0.0 1.8
0.30000000000000293 0.0 1.9000000000000001
0.30000000000000293 0.0 2.0
0.30000000000000293 0.0 2.1
0.30000000000000293 0.0 2.2
0.30000000000000293 0.0 2.3000000000000003
0.30000000000000293 0.0 2.4000000000000004
0.30000000000000293 0.0 2.5
0.30000000000000293 0.1 0.0
0.30000000000000293 0.1 0.1
0.30000000000000293 0.1 0.2
0.30000000000000293 0.1 0.30000000000000004
0.30000000000000293 0.1 0.4
0.30000000000000293 0.1 0.5
0.30000000000000293 0.1 0.6000000000000001
0.30000000000000293 0.1 0.7000000000000001
0.30000000000000293 0.1 0.8
0.30000000000000293 0.1 0.9
0.30000000000000293 0.1 1.0
0.30000000000000293 0.1 1.1
0.30000000000000293 0.1 1.2000000000000002
0.30000000000000293 0.1 1.3
0.30000000000000293 0.1 1.4000000000000001
0.30000000000000293 0.1 1.5
0.30000000000000293 0.1 1.6
0.30000000000000293 0.1 1.7000000000000002
0.30000000000000293 0.1 1.8
0.30000000000000293 0.1 1.9000000000000001
0.30000000000000293 0.1 2.0
0.30000000000000293 0.1 2.1
0.30000000000000293 0.1 2.2
0.30000000000000293 0.1 2.3000000000000003
0.30000000000000293 0.1 2.4000000000000004
0.30000000000000293 0.1 2.5
0.30000000000000293 0.20000000000000004 0.0
0.30000000000000293 0.20000000000000004 0.1
0.30000000000000293 0.20000000000000004 0.2
0.30000000000000293 0.20000000000000004 0.30000000000000004
0.30000000000000293 0.20000000000000004 0.4
0.30000000000000293 0.20000000000000004 0.5
0.30000000000000293 0.20000000000000004 0.6000000000000001
0.30000000000000293 0.20000000000000004 0.7000000000000001
0.30000000000000293 0.20000000000000004 0.8
0.30000000000000293 0.20000000000000004 0.9
0.30000000000000293 0.20000000000000004 1.0
0.30000000000000293 0.20000000000000004 1.1
0.30000000000000293 0.20000000000000004 1.2000000000000002
0.30000000000000293 0.20000000000000004 1.3
0.30000000000000293 0.20000000000000004 1.4000000000000001
0.30000000000000293 0.20000000000000004 1.5
0.30000000000000293 0.20000000000000004 1.6
0.30000000000000293 0.20000000000000004 1.7000000000000002
0.30000000000000293 0.20000000000000004 1.8
0.30000000000000293 0.20000000000000004 1.9000000000000001
0.30000000000000293 0.20000000000000004 2.0
0.30000000000000293 0.20000000000000004 2.1
0.30000000000000293 0.20000000000000004 2.2
0.30000000000000293 0.20000000000000004 2.3000000000000003
0.30000000000000293 0.20000000000000004 2.4000000000000004
0.30000000000000293 0.20000000000000004 2.5
0.400000000000003 -0.1 0.0
0.400000000000003 -0.1 0.1
0.400000000000003 -0.1 0.2
0.400000000000003 -0.1 0.30000000000000004
0.400000000000003 -0.1 0.4
0.400000000000003 -0.1 0.5
0.400000000000003 -0.1 0.6000000000000001
0.400000000000003 -0.1 0.7000000000000001
0.400000000000003 -0.1 0.8
0.400000000000003 -0.1 0.9
0.400000000000003 -0.1 1.0
0.400000000000003 -0.1 1.1
0.400000000000003 -0.1 1.2000000000000002
0.400000000000003 -0.1 1.3
0.400000000000003 -0.1 1.4000000000000001
0.400000000000003 -0.1 1.5
0.400000000000003 -0.1 1.6
0.400000000000003 -0.1 1.7000000000000002
0.400000000000003 -0.1 1.8
0.400000000000003 -0.1 1.9000000000000001
0.400000000000003 -0.1 2.0
0.400000000000003 -0.1 2.1
0.400000000000003 -0.1 2.2
0.400000000000003 -0.1 2.3000000000000003
0.400000000000003 -0.1 2.4000000000000004
0.400000000000003 -0.1 2.5
0.400000000000003 0.0 0.0
0.400000000000003 0.0 0.1
0.400000000000003 0.0 0.2
0.400000000000003 0.0 0.30000000000000004
0.400000000000003 0.0 0.4
0.400000000000003 0.0 0.5
0.400000000000003 0.0 0.6000000000000001
0.400000000000003 0.0 0.7000000000000001
0.400000000000003 0.0 0.8
0.400000000000003 0.0 0.9
0.400000000000003 0.0 1.0
0.400000000000003 0.0 1.1
0.400000000000003 0.0 1.2000000000000002
0.400000000000003 0.0 1.3
0.400000000000003 0.0 1.4000000000000001
0.400000000000003 0.0 1.5
0.400000000000003 0.0 1.6
0.400000000000003 0.0 1.7000000000000002
0.400000000000003 0.0 1.8
0.400000000000003 0.0 1.9000000000000001
0.400000000000003 0.0 2.0
0.400000000000003 0.0 2.1
0.400000000000003 0.0 2.2
0.400000000000003 0.0 2.3000000000000003
0.400000000000003 0.0 2.4000000000000004
0.400000000000003 0.0 2.5
0.400000000000003 0.1 0.0
0.400000000000003 0.1 0.1
0.400000000000003 0.1 0.2
0.400000000000003 0.1 0.30000000000000004
0.400000000000003 0.1 0.4
0.400000000000003 0.1 0.5
0.400000000000003 0.1 0.6000000000000001
0.400000000000003 0.1 0.7000000000000001
0.400000000000003 0.1 0.8
0.400000000000003 0.1 0.9
0.400000000000003 0.1 1.0
0.400000000000003 0.1 1.1
0.400000000000003 0.1 1.2000000000000002
0.400000000000003 0.1 1.3
0.400000000000003 0.1 1.4000000000000001
0.400000000000003 0.1 1.5
0.400000000000003 0.1 1.6
0.400000000000003 0.1 1.7000000000000002
0.400000000000003 0.1 1.8
0.400000000000003 0.1 1.9000000000000001
0.400000000000003 0.1 2.0
0.400000000000003 0.1 2.1
0.400000000000003 0.1 2.2
0.400000000000003 0.1 2.3000000000000003
0.400000000000003 0.1 2.4000000000000004
0.400000000000003 0.1 2.5
0.400000000000003 0.20000000000000004 0.0
0.400000000000003 0.20000000000000004 0.1
0.400000000000003 0.20000000000000004 0.2
0.400000000000003 0.20000000000000004 0.30000000000000004
0.400000000000003 0.20000000000000004 0.4
0.400000000000003 0.20000000000000004 0.5
0.400000000000003 0.20000000000000004 0.6000000000000001
0.400000000000003 0.20000000000000004 0.7000000000000001
0.400000000000003 0.20000000000000004 0.8
0.400000000000003 0.20000000000000004 0.9
0.400000000000003 0.20000000000000004 1.0
0.400000000000003 0.20000000000000004 1.1
0.400000000000003 0.20000000000000004 1.2000000000000002
0.400000000000003 0.20000000000000004 1.3
0.400000000000003 0.20000000000000004 1.4000000000000001
0.400000000000003 0.20000000000000004 1.5
0.400000000000003 0.20000000000000004 1.6
0.400000000000003 0.20000000000000004 1.7000000000000002
0.400000000000003 0.20000000000000004 1.8
0.400000000000003 0.20000000000000004 1.9000000000000001
0.400000000000003 0.20000000000000004 2.0
0.400000000000003 0.20000000000000004 2.1
0.400000000000003 0.20000000000000004 2.2
0.400000000000003 0.20000000000000004 2.3000000000000003
0.400000000000003 0.20000000000000004 2.4000000000000004
0.400000000000003 0.20000000000000004 2.5
0.5000000000000031 -0.1 0.0
0.5000000000000031 -0.1 0.1
0.5000000000000031 -0.1 0.2
0.5000000000000031 -0.1 0.30000000000000004
0.5000000000000031 -0.1 0.4
0.5000000000000031 -0.1 0.5
0.5000000000000031 -0.1 0.6000000000000001
0.5000000000000031 -0.1 0.7000000000000001
0.5000000000000031 -0.1 0.8
0.5000000000000031 -0.1 0.9
0.5000000000000031 -0.1 1.0
0.5000000000000031 -0.1 1.1
0.5000000000000031 -0.1 1.2000000000000002
0.5000000000000031 -0.1 1.3
0.5000000000000031 -0.1 1.4000000000000001
0.5000000000000031 -0.1 1.5
0.5000000000000031 -0.1 1.6
0.5000000000000031 -0.1 1.7000000000000002
0.5000000000000031 -0.1 1.8
0.5000000000000031 -0.1 1.9000000000000001
0.5000000000000031 -0.1 2.0
0.5000000000000031 -0.1 2.1
0.5000000000000031 -0.1 2.2
0.5000000000000031 -0.1 2.3000000000000003
0.5000000000000031 -0.1 2.4000000000000004
0.5000000000000031 -0.1 2.5
0.5000000000000031 0.0 0.0
0.5000000000000031 0.0 0.1
0.5000000000000031 0.0 0.2
0.5000000000000031 0.0 0.30000000000000004
0.5000000000000031 0.0 0.4
0.5000000000000031 0.0 0.5
0.5000000000000031 0.0 0.6000000000000001
0.5000000000000031 0.0 0.7000000000000001
0.5000000000000031 0.0 0.8
0.5000000000000031 0.0 0.9
0.5000000000000031 0.0 1.0
0.5000000000000031 0.0 1.1
0.5000000000000031 0.0 1.2000000000000002
0.5000000000000031 0.0 1.3
0.5000000000000031 0.0 1.4000000000000001
0.5000000000000031 0.0 1.5
0.5000000000000031 0.0 1.6
0.5000000000000031 0.0 1.7000000000000002
0.5000000000000031 0.0 1.8
0.5000000000000031 0.0 1.9000000000000001
0.5000000000000031 0.0 2.0
0.5000000000000031 0.0 2.1
0.5000000000000031 0.0 2.2
0.5000000000000031 0.0 2.3000000000000003
0.5000000000000031 0.0 2.4000000000000004
0.5000000000000031 0.0 2.5
0.5000000000000031 0.1 0.0
0.5000000000000031 0.1 0.1
0.5000000000000031 0.1 0.2
0.5000000000000031 0.1 0.30000000000000004
0.5000000000000031 0.1 0.4
0.5000000000000031 0.1 0.5
0.5000000000000031 0.1 0.6000000000000001
0.5000000000000031 0.1 0.7000000000000001
0.5000000000000031 0.1 0.8
0.5000000000000031 0.1 0.9
0.5000000000000031 0.1 1.0
0.5000000000000031 0.1 1.1
0.5000000000000031 0.1 1.2000000000000002
0.5000000000000031 0.1 1.3
0.5000000000000031 0.1 1.4000000000000001
0.5000000000000031 0.1 1.5
0.5000000000000031 0.1 1.6
0.5000000000000031 0.1 1.7000000000000002
0.5000000000000031 0.1 1.8
0.5000000000000031 0.1 1.9000000000000001
0.5000000000000031 0.1 2.0
0.5000000000000031 0.1 2.1
0.5000000000000031 0.1 2.2
0.5000000000000031 0.1 2.3000000000000003
0.5000000000000031 0.1 2.4000000000000004
0.5000000000000031 0.1 2.5
0.5000000000000031 0.20000000000000004 0.0
0.5000000000000031 0.20000000000000004 0.1
0.5000000000000031 0.20000000000000004 0.2
0.5000000000000031 0.20000000000000004 0.30000000000000004
0.5000000000000031 0.20000000000000004 0.4
0.5000000000000031 0.20000000000000004 0.5
0.5000000000000031 0.20000000000000004 0.6000000000000001
0.5000000000000031 0.20000000000000004 0.7000000000000001
0.5000000000000031 0.20000000000000004 0.8
0.5000000000000031 0.20000000000000004 0.9
0.5000000000000031 0.20000000000000004 1.0
0.5000000000000031 0.20000000000000004 1.1
0.5000000000000031 0.20000000000000004 1.2000000000000002
0.5000000000000031 0.20000000000000004 1.3
0.5000000000000031 0.20000000000000004 1.4000000000000001
0.5000000000000031 0.20000000000000004 1.5
0.5000000000000031 0.20000000000000004 1.6
0.5000000000000031 0.20000000000000004 1.7000000000000002
0.5000000000000031 0.20000000000000004 1.8
0.5000000000000031 0.20000000000000004 1.9000000000000001
0.5000000000000031 0.20000000000000004 2.0
0.5000000000000031 0.20000000000000004 2.1
0.5000000000000031 0.20000000000000004 2.2
0.5000000000000031 0.20000000000000004 2.3000000000000003
0.5000000000000031 0.20000000000000004 2.4000000000000004
0.5000000000000031 0.20000000000000004 2.5
0.6000000000000032 -0.1 0.0
0.6000000000000032 -0.1 0.1
0.6000000000000032 -0.1 0.2
0.6000000000000032 -0.1 0.30000000000000004
0.6000000000000032 -0.1 0.4
0.6000000000000032 -0.1 0.5
0.6000000000000032 -0.1 0.6000000000000001
0.6000000000000032 -0.1 0.7000000000000001
0.6000000000000032 -0.1 0.8
0.6000000000000032 -0.1 0.9
0.6000000000000032 -0.1 1.0
0.6000000000000032 -0.1 1.1
0.6000000000000032 -0.1 1.2000000000000002
0.6000000000000032 -0.1 1.3
0.6000000000000032 -0.1 1.4000000000000001
0.6000000000000032 -0.1 1.5
0.6000000000000032 -0.1 1.6
0.6000000000000032 -0.1 1.7000000000000002
0.6000000000000032 -0.1 1.8
0.6000000000000032 -0.1 1.9000000000000001
0.6000000000000032 -0.1 2.0
0.6000000000000032 -0.1 2.1
0.6000000000000032 -0.1 2.2
0.6000000000000032 -0.1 2.3000000000000003
0.6000000000000032 -0.1 2.4000000000000004
0.6000000000000032 -0.1 2.5
0.6000000000000032 0.0 0.0
0.6000000000000032 0.0 0.1
0.6000000000000032 0.0 0.2
0.6000000000000032 0.0 0.30000000000000004
0.6000000000000032 0.0 0.4
0.6000000000000032 0.0 0.5
0.6000000000000032 0.0 0.6000000000000001
0.6000000000000032 0.0 0.7000000000000001
0.6000000000000032 0.0 0.8
0.6000000000000032 0.0 0.9
0.6000000000000032 0.0 1.0
0.6000000000000032 0.0 1.1
0.6000000000000032 0.0 1.2000000000000002
0.6000000000000032 0.0 1.3
0.6000000000000032 0.0 1.4000000000000001
0.6000000000000032 0.0 1.5
0.6000000000000032 0.0 1.6
0.6000000000000032 0.0 1.7000000000000002
0.6000000000000032 0.0 1.8
0.6000000000000032 0.0 1.9000000000000001
0.6000000000000032 0.0 2.0
0.6000000000000032 0.0 2.1
0.6000000000000032 0.0 2.2
0.6000000000000032 0.0 2.3000000000000003
0.6000000000000032 0.0 2.4000000000000004
0.6000000000000032 0.0 2.5
0.6000000000000032 0.1 0.0
0.6000000000000032 0.1 0.1
0.6000000000000032 0.1 0.2
0.6000000000000032 0.1 0.30000000000000004
0.6000000000000032 0.1 0.4
0.6000000000000032 0.1 0.5
0.6000000000000032 0.1 0.6000000000000001
0.6000000000000032 0.1 0.7000000000000001
0.6000000000000032 0.1 0.8
0.6000000000000032 0.1 0.9
0.6000000000000032 0.1 1.0
0.6000000000000032 0.1 1.1
0.6000000000000032 0.1 1.2000000000000002
0.6000000000000032 0.1 1.3
0.6000000000000032 0.1 1.4000000000000001
0.6000000000000032 0.1 1.5
0.6000000000000032 0.1 1.6
0.6000000000000032 0.1 1.7000000000000002
0.6000000000000032 0.1 1.8
0.6000000000000032 0.1 1.9000000000000001
0.6000000000000032 0.1 2.0
0.6000000000000032 0.1 2.1
0.6000000000000032 0.1 2.2
0.6000000000000032 0.1 2.3000000000000003
0.6000000000000032 0.1 2.4000000000000004
0.6000000000000032 0.1 2.5
0.6000000000000032 0.20000000000000004 0.0
0.6000000000000032 0.20000000000000004 0.1
0.6000000000000032 0.20000000000000004 0.2
0.6000000000000032 0.20000000000000004 0.30000000000000004
0.6000000000000032 0.20000000000000004 0.4
0.6000000000000032 0.20000000000000004 0.5
0.6000000000000032 0.20000000000000004 0.6000000000000001
0.6000000000000032 0.20000000000000004 0.7000000000000001
0.6000000000000032 0.20000000000000004 0.8
0.6000000000000032 0.20000000000000004 0.9
0.6000000000000032 0.20000000000000004 1.0
0.6000000000000032 0.20000000000000004 1.1
0.6000000000000032 0.20000000000000004 1.2000000000000002
0.6000000000000032 0.20000000000000004 1.3
0.6000000000000032 0.20000000000000004 1.4000000000000001
0.6000000000000032 0.20000000000000004 1.5
0.6000000000000032 0.20000000000000004 1.6
0.6000000000000032 0.20000000000000004 1.7000000000000002
0.6000000000000032 0.20000000000000004 1.8
0.6000000000000032 0.20000000000000004 1.9000000000000001
0.6000000000000032 0.20000000000000004 2.0
0.6000000000000032 0.20000000000000004 2.1
0.6000000000000032 0.20000000000000004 2.2
0.6000000000000032 0.20000000000000004 2.3000000000000003
0.6000000000000032 0.20000000000000004 2.4000000000000004
0.6000000000000032 0.20000000000000004 2.5
0.7000000000000033 -0.1 0.0
0.7000000000000033 -0.1 0.1
0.7000000000000033 -0.1 0.2
0.7000000000000033 -0.1 0.30000000000000004
0.7000000000000033 -0.1 0.4
0.7000000000000033 -0.1 0.5
0.7000000000000033 -0.1 0.6000000000000001
0.7000000000000033 -0.1 0.7000000000000001
0.7000000000000033 -0.1 0.8
0.7000000000000033 -0.1 0.9
0.7000000000000033 -0.1 1.0
0.7000000000000033 -0.1 1.1
0.7000000000000033 -0.1 1.2000000000000002
0.7000000000000033 -0.1 1.3
0.7000000000000033 -0.1 1.4000000000000001
0.7000000000000033 -0.1 1.5
0.7000000000000033 -0.1 1.6
0.7000000000000033 -0.1 1.7000000000000002
0.7000000000000033 -0.1 1.8
0.7000000000000033 -0.1 1.9000000000000001
0.7000000000000033 -0.1 2.0
0.7000000000000033 -0.1 2.1
0.7000000000000033 -0.1 2.2
0.7000000000000033 -0.1 2.3000000000000003
0.7000000000000033 -0.1 2.4000000000000004
0.7000000000000033 -0.1 2.5
0.7000000000000033 0.0 0.0
0.7000000000000033 0.0 0.1
0.7000000000000033 0.0 0.2
0.7000000000000033 0.0 0.30000000000000004
0.7000000000000033 0.0 0.4
0.7000000000000033 0.0 0.5
0.7000000000000033 0.0 0.6000000000000001
0.7000000000000033 0.0 0.7000000000000001
0.7000000000000033 0.0 0.8
0.7000000000000033 0.0 0.9
0.7000000000000033 0.0 1.0
0.7000000000000033 0.0 1.1
0.7000000000000033 0.0 1.2000000000000002
0.7000000000000033 0.0 1.3
0.7000000000000033 0.0 1.4000000000000001
0.7000000000000033 0.0 1.5
0.7000000000000033 0.0 1.6
0.7000000000000033 0.0 1.7000000000000002
0.7000000000000033 0.0 1.8
0.7000000000000033 0.0 1.9000000000000001
0.7000000000000033 0.0 2.0
0.7000000000000033 0.0 2.1
0.7000000000000033 0.0 2.2
0.7000000000000033 0.0 2.3000000000000003
0.7000000000000033 0.0 2.4000000000000004
0.7000000000000033 0.0 2.5
0.7000000000000033 0.1 0.0
0.7000000000000033 0.1 0.1
0.7000000000000033 0.1 0.2
0.7000000000000033 0.1 0.30000000000000004
0.7000000000000033 0.1 0.4
0.7000000000000033 0.1 0.5
0.7000000000000033 0.1 0.6000000000000001
0.7000000000000033 0.1 0.7000000000000001
0.7000000000000033 0.1 0.8
0.7000000000000033 0.1 0.9
0.7000000000000033 0.1 1.0
0.7000000000000033 0.1 1.1
0.7000000000000033 0.1 1.2000000000000002
0.7000000000000033 0.1 1.3
0.7000000000000033 0.1 1.4000000000000001
0.7000000000000033 0.1 1.5
0.7000000000000033 0.1 1.6
0.7000000000000033 0.1 1.7000000000000002
0.7000000000000033 0.1 1.8
0.7000000000000033 0.1 1.9000000000000001
0.7000000000000033 0.1 2.0
0.7000000000000033 0.1 2.1
0.7000000000000033 0.1 2.2
0.7000000000000033 0.1 2.3000000000000003
0.7000000000000033 0.1 2.4000000000000004
0.7000000000000033 0.1 2.5
0.7000000000000033 0.20000000000000004 0.0
0.7000000000000033 0.20000000000000004 0.1
0.7000000000000033 0.20000000000000004 0.2
0.7000000000000033 0.20000000000000004 0.30000000000000004
0.7000000000000033 0.20000000000000004 0.4
0.7000000000000033 0.20000000000000004 0.5
0.7000000000000033 0.20000000000000004 0.6000000000000001
0.7000000000000033 0.20000000000000004 0.7000000000000001
0.7000000000000033 0.20000000000000004 0.8
0.7000000000000033 0.20000000000000004 0.9
0.7000000000000033 0.20000000000000004 1.0
0.7000000000000033 0.20000000000000004 1.1
0.7000000000000033 0.20000000000000004 1.2000000000000002
0.7000000000000033 0.20000000000000004 1.3
0.7000000000000033 0.20000000000000004 1.4000000000000001
0.7000000000000033 0.20000000000000004 1.5
0.7000000000000033 0.20000000000000004 1.6
0.7000000000000033 0.20000000000000004 1.7000000000000002
0.7000000000000033 0.20000000000000004 1.8
0.7000000000000033 0.20000000000000004 1.9000000000000001
0.7000000000000033 0.20000000000000004 2.0
0.7000000000000033 0.20000000000000004 2.1
0.7000000000000033 0.20000000000000004 2.2
0.7000000000000033 0.20000000000000004 2.3000000000000003
0.7000000000000033 0.20000000000000004 2.4000000000000004
0.7000000000000033 0.20000000000000004 2.5
0.8000000000000034 -0.1 0.0
0.8000000000000034 -0.1 0.1
0.8000000000000034 -0.1 0.2
0.8000000000000034 -0.1 0.30000000000000004
0.8000000000000034 -0.1 0.4
0.8000000000000034 -0.1 0.5
0.8000000000000034 -0.1 0.6000000000000001
0.8000000000000034 -0.1 0.7000000000000001
0.8000000000000034 -0.1 0.8
0.8000000000000034 -0.1 0.9
0.8000000000000034 -0.1 1.0
0.8000000000000034 -0.1 1.1
0.8000000000000034 -0.1 1.2000000000000002
0.8000000000000034 -0.1 1.3
0.8000000000000034 -0.1 1.4000000000000001
0.8000000000000034 -0.1 1.5
0.8000000000000034 -0.1 1.6
0.8000000000000034 -0.1 1.7000000000000002
0.8000000000000034 -0.1 1.8
0.8000000000000034 -0.1 1.9000000000000001
0.8000000000000034 -0.1 2.0
0.8000000000000034 -0.1 2.1
0.8000000000000034 -0.1 2.2
0.8000000000000034 -0.1 2.3000000000000003
0.8000000000000034 -0.1 2.4000000000000004
0.8000000000000034 -0.1 2.5
0.8000000000000034 0.0 0.0
0.8000000000000034 0.0 0.1
0.8000000000000034 0.0 0.2
0.8000000000000034 0.0 0.30000000000000004
0.8000000000000034 0.0 0.4
0.8000000000000034 0.0 0.5
0.8000000000000034 0.0 0.6000000000000001
0.8000000000000034 0.0 0.7000000000000001
0.8000000000000034 0.0 0.8
0.8000000000000034 0.0 0.9
0.8000000000000034 0.0 1.0
0.8000000000000034 0.0 1.1
0.8000000000000034 0.0 1.2000000000000002
0.8000000000000034 0.0 1.3
0.8000000000000034 0.0 1.4000000000000001
0.8000000000000034 0.0 1.5
0.8000000000000034 0.0 1.6
0.8000000000000034 0.0 1.7000000000000002
0.8000000000000034 0.0 1.8
0.8000000000000034 0.0 1.9000000000000001
0.8000000000000034 0.0 2.0
0.8000000000000034 0.0 2.1
0.8000000000000034 0.0 2.2
0.8000000000000034 0.0 2.3000000000000003
0.8000000000000034 0.0 2.4000000000000004
0.8000000000000034 0.0 2.5
0.8000000000000034 0.1 0.0
0.8000000000000034 0.1 0.1
0.8000000000000034 0.1 0.2
0.8000000000000034 0.1 0.30000000000000004
0.8000000000000034 0.1 0.4
0.8000000000000034 0.1 0.5
0.8000000000000034 0.1 0.6000000000000001
0.8000000000000034 0.1 0.7000000000000001
0.8000000000000034 0.1 0.8
0.8000000000000034 0.1 0.9
0.8000000000000034 0.1 1.0
0.8000000000000034 0.1 1.1
0.8000000000000034 0.1 1.2000000000000002
0.8000000000000034 0.1 1.3
0.8000000000000034 0.1 1.4000000000000001
0.8000000000000034 0.1 1.5
0.8000000000000034 0.1 1.6
0.8000000000000034 0.1 1.7000000000000002
0.8000000000000034 0.1 1.8
0.8000000000000034 0.1 1.9000000000000001
0.8000000000000034 0.1 2.0
0.8000000000000034 0.1 2.1
0.8000000000000034 0.1 2.2
0.8000000000000034 0.1 2.3000000000000003
0.8000000000000034 0.1 2.4000000000000004
0.8000000000000034 0.1 2.5
0.8000000000000034 0.20000000000000004 0.0
0.8000000000000034 0.20000000000000004 0.1
0.8000000000000034 0.20000000000000004 0.2
0.8000000000000034 0.20000000000000004 0.30000000000000004
0.8000000000000034 0.20000000000000004 0.4
0.8000000000000034 0.20000000000000004 0.5
0.8000000000000034 0.20000000000000004 0.6000000000000001
0.8000000000000034 0.20000000000000004 0.7000000000000001
0.8000000000000034 0.20000000000000004 0.8
0.8000000000000034 0.20000000000000004 0.9
0.8000000000000034 0.20000000000000004 1.0
0.8000000000000034 0.20000000000000004 1.1
0.8000000000000034 0.20000000000000004 1.2000000000000002
0.8000000000000034 0.20000000000000004 1.3
0.8000000000000034 0.20000000000000004 1.4000000000000001
0.8000000000000034 0.20000000000000004 1.5
0.8000000000000034 0.20000000000000004 1.6
0.8000000000000034 0.20000000000000004 1.7000000000000002
0.8000000000000034 0.20000000000000004 1.8
0.8000000000000034 0.20000000000000004 1.9000000000000001
0.8000000000000034 0.20000000000000004 2.0
0.8000000000000034 0.20000000000000004 2.1
0.8000000000000034 0.20000000000000004 2.2
0.8000000000000034 0.20000000000000004 2.3000000000000003
0.8000000000000034 0.20000000000000004 2.4000000000000004
0.8000000000000034 0.20000000000000004 2.5
0.9000000000000035 -0.1 0.0
0.9000000000000035 -0.1 0.1
0.9000000000000035 -0.1 0.2
0.9000000000000035 -0.1 0.30000000000000004
0.9000000000000035 -0.1 0.4
0.9000000000000035 -0.1 0.5
0.9000000000000035 -0.1 0.6000000000000001
0.9000000000000035 -0.1 0.7000000000000001
0.9000000000000035 -0.1 0.8
0.9000000000000035 -0.1 0.9
0.9000000000000035 -0.1 1.0
0.9000000000000035 -0.1 1.1
0.9000000000000035 -0.1 1.2000000000000002
0.9000000000000035 -0.1 1.3
0.9000000000000035 -0.1 1.4000000000000001
0.9000000000000035 -0.1 1.5
0.9000000000000035 -0.1 1.6
0.9000000000000035 -0.1 1.7000000000000002
0.9000000000000035 -0.1 1.8
0.9000000000000035 -0.1 1.9000000000000001
0.9000000000000035 -0.1 2.0
0.9000000000000035 -0.1 2.1
0.9000000000000035 -0.1 2.2
0.9000000000000035 -0.1 2.3000000000000003
0.9000000000000035 -0.1 2.4000000000000004
0.9000000000000035 -0.1 2.5
0.9000000000000035 0.0 0.0
0.9000000000000035 0.0 0.1
0.9000000000000035 0.0 0.2
0.9000000000000035 0.0 0.30000000000000004
0.9000000000000035 0.0 0.4
0.9000000000000035 0.0 0.5
0.9000000000000035 0.0 0.6000000000000001
0.9000000000000035 0.0 0.7000000000000001
0.9000000000000035 0.0 0.8
0.9000000000000035 0.0 0.9
0.9000000000000035 0.0 1.0
0.9000000000000035 0.0 1.1
0.9000000000000035 0.0 1.2000000000000002
0.9000000000000035 0.0 1.3
0.9000000000000035 0.0 1.4000000000000001
0.9000000000000035 0.0 1.5
0.9000000000000035 0.0 1.6
0.9000000000000035 0.0 1.7000000000000002
0.9000000000000035 0.0 1.8
0.9000000000000035 0.0 1.9000000000000001
0.9000000000000035 0.0 2.0
0.9000000000000035 0.0 2.1
0.9000000000000035 0.0 2.2
0.9000000000000035 0.0 2.3000000000000003
0.9000000000000035 0.0 2.4000000000000004
0.9000000000000035 0.0 2.5
0.9000000000000035 0.1 0.0
0.9000000000000035 0.1 0.1
0.9000000000000035 0.1 0.2
0.9000000000000035 0.1 0.30000000000000004
0.9000000000000035 0.1 0.4
0.9000000000000035 0.1 0.5
0.9000000000000035 0.1 0.6000000000000001
0.9000000000000035 0.1 0.7000000000000001
0.9000000000000035 0.1 0.8
0.9000000000000035 0.1 0.9
0.9000000000000035 0.1 1.0
0.9000000000000035 0.1 1.1
0.9000000000000035 0.1 1.2000000000000002
0.9000000000000035 0.1 1.3
0.9000000000000035 0.1 1.4000000000000001
0.9000000000000035 0.1 1.5
0.9000000000000035 0.1 1.6
0.9000000000000035 0.1 1.7000000000000002
0.9000000000000035 0.1 1.8
0.9000000000000035 0.1 1.9000000000000001
0.9000000000000035 0.1 2.0
0.9000000000000035 0.1 2.1
0.9000000000000035 0.1 2.2
0.9000000000000035 0.1 2.3000000000000003
0.9000000000000035 0.1 2.4000000000000004
0.9000000000000035 0.1 2.5
0.9000000000000035 0.20000000000000004 0.0
0.9000000000000035 0.20000000000000004 0.1
0.9000000000000035 0.20000000000000004 0.2
0.9000000000000035 0.20000000000000004 0.30000000000000004
0.9000000000000035 0.20000000000000004 0.4
0.9000000000000035 0.20000000000000004 0.5
0.9000000000000035 0.20000000000000004 0.6000000000000001
0.9000000000000035 0.20000000000000004 0.7000000000000001
0.9000000000000035 0.20000000000000004 0.8
0.9000000000000035 0.20000000000000004 0.9
0.9000000000000035 0.20000000000000004 1.0
0.9000000000000035 0.20000000000000004 1.1
0.9000000000000035 0.20000000000000004 1.2000000000000002
0.9000000000000035 0.20000000000000004 1.3
0.9000000000000035 0.20000000000000004 1.4000000000000001
0.9000000000000035 0.20000000000000004 1.5
0.9000000000000035 0.20000000000000004 1.6
0.9000000000000035 0.20000000000000004 1.7000000000000002
0.9000000000000035 0.20000000000000004 1.8
0.9000000000000035 0.20000000000000004 1.9000000000000001
0.9000000000000035 0.20000000000000004 2.0
0.9000000000000035 0.20000000000000004 2.1
0.9000000000000035 0.20000000000000004 2.2
0.9000000000000035 0.20000000000000004 2.3000000000000003
0.9000000000000035 0.20000000000000004 2.4000000000000004
0.9000000000000035 0.20000000000000004 2.5
1.0000000000000036 -0.1 0.0
1.0000000000000036 -0.1 0.1
1.0000000000000036 -0.1 0.2
1.0000000000000036 -0.1 0.30000000000000004
1.0000000000000036 -0.1 0.4
1.0000000000000036 -0.1 0.5
1.0000000000000036 -0.1 0.6000000000000001
1.0000000000000036 -0.1 0.7000000000000001
1.0000000000000036 -0.1 0.8
1.0000000000000036 -0.1 0.9
1.0000000000000036 -0.1 1.0
1.0000000000000036 -0.1 1.1
1.0000000000000036 -0.1 1.2000000000000002
1.0000000000000036 -0.1 1.3
1.0000000000000036 -0.1 1.4000000000000001
1.0000000000000036 -0.1 1.5
1.0000000000000036 -0.1 1.6
1.0000000000000036 -0.1 1.7000000000000002
1.0000000000000036 -0.1 1.8
1.0000000000000036 -0.1 1.9000000000000001
1.0000000000000036 -0.1 2.0
1.0000000000000036 -0.1 2.1
1.0000000000000036 -0.1 2.2
1.0000000000000036 -0.1 2.3000000000000003
1.0000000000000036 -0.1 2.4000000000000004
1.0000000000000036 -0.1 2.5
1.0000000000000036 0.0 0.0
1.0000000000000036 0.0 0.1
1.0000000000000036 0.0 0.2
1.0000000000000036 0.0 0.30000000000000004
1.0000000000000036 0.0 0.4
1.0000000000000036 0.0 0.5
1.0000000000000036 0.0 0.6000000000000001
1.0000000000000036 0.0 0.7000000000000001
1.0000000000000036 0.0 0.8
1.0000000000000036 0.0 0.9
1.0000000000000036 0.0 1.0
1.0000000000000036 0.0 1.1
1.0000000000000036 0.0 1.2000000000000002
1.0000000000000036 0.0 1.3
1.0000000000000036 0.0 1.4000000000000001
1.0000000000000036 0.0 1.5
1.0000000000000036 0.0 1.6
1.0000000000000036 0.0 1.7000000000000002
1.0000000000000036 0.0 1.8
1.0000000000000036 0.0 1.9000000000000001
1.0000000000000036 0.0 2.0
1.0000000000000036 0.0 2.1
1.0000000000000036 0.0 2.2
1.0000000000000036 0.0 2.3000000000000003
1.0000000000000036 0.0 2.4000000000000004
1.0000000000000036 0.0 2.5
1.0000000000000036 0.1 0.0
1.0000000000000036 0.1 0.1
1.0000000000000036 0.1 0.2
1.0000000000000036 0.1 0.30000000000000004
1.0000000000000036 0.1 0.4
1.0000000000000036 0.1 0.5
1.0000000000000036 0.1 0.6000000000000001
1.0000000000000036 0.1 0.7000000000000001
1.0000000000000036 0.1 0.8
1.0000000000000036 0.1 0.9
1.0000000000000036 0.1 1.0
1.0000000000000036 0.1 1.1
1.0000000000000036 0.1 1.2000000000000002
1.0000000000000036 0.1 1.3
1.0000000000000036 0.1 1.4000000000000001
1.0000000000000036 0.1 1.5
1.0000000000000036 0.1 1.6
1.0000000000000036 0.1 1.7000000000000002
1.0000000000000036 0.1 1.8
1.0000000000000036 0.1 1.9000000000000001
1.0000000000000036 0.1 2.0
1.0000000000000036 0.1 2.1
1.0000000000000036 0.1 2.2
1.0000000000000036 0.1 2.3000000000000003
1.0000000000000036 0.1 2.4000000000000004
1.0000000000000036 0.1 2.5
1.0000000000000036 0.20000000000000004 0.0
1.0000000000000036 0.20000000000000004 0.1
1.0000000000000036 0.20000000000000004 0.2
1.0000000000000036 0.20000000000000004 0.30000000000000004
1.0000000000000036 0.20000000000000004 0.4
1.0000000000000036 0.20000000000000004 0.5
1.0000000000000036 0.20000000000000004 0.6000000000000001
1.0000000000000036 0.20000000000000004 0.7000000000000001
1.0000000000000036 0.20000000000000004 0.8
1.0000000000000036 0.20000000000000004 0.9
1.0000000000000036 0.20000000000000004 1.0
1.0000000000000036 0.20000000000000004 1.1
1.0000000000000036 0.20000000000000004 1.2000000000000002
1.0000000000000036 0.20000000000000004 1.3
1.0000000000000036 0.20000000000000004 1.4000000000000001
1.0000000000000036 0.20000000000000004 1.5
1.0000000000000036 0.20000000000000004 1.6
1.0000000000000036 0.20000000000000004 1.7000000000000002
1.0000000000000036 0.20000000000000004 1.8
1.0000000000000036 0.20000000000000004 1.9000000000000001
1.0000000000000036 0.20000000000000004 2.0
1.0000000000000036 0.20000000000000004 2.1
1.0000000000000036 0.20000000000000004 2.2
1.0000000000000036 0.20000000000000004 2.3000000000000003
1.0000000000000036 0.20000000000000004 2.4000000000000004
1.0000000000000036 0.20000000000000004 2.5
